{
  "@type" : "TEMPLATE",
  "uid" : "efafab08-41fd-425d-a795-f37fc9656126",
  "description" : {
    "@type" : "RESOURCE_DESCRIPTION",
    "originalAuthor" : { },
    "otherContributors" : [ ],
    "lifecycleState" : {
      "codeString" : "Initial"
    },
    "ipAcknowledgements" : { },
    "references" : { },
    "conversionDetails" : { },
    "otherDetails" : {
      "MetaDataSet:Sample Set " : "Template metadata sample set ",
      "Acknowledgements" : "",
      "Business Process Level" : "",
      "Care setting" : "",
      "Client group" : "",
      "Clinical Record Element" : "",
      "Copyright" : "",
      "Issues" : "",
      "Owner" : "",
      "Sign off" : "",
      "Speciality" : "",
      "User roles" : "",
      "MD5-CAM-1.0.1" : "e914f4911d3dd692c2736b952bf26f03"
    },
    "details" : {
      "en" : {
        "@type" : "RESOURCE_DESCRIPTION_ITEM",
        "language" : {
          "terminologyId" : {
            "value" : "ISO_639-1"
          },
          "codeString" : "en"
        },
        "purpose" : "",
        "use" : "",
        "misuse" : "",
        "originalResourceUri" : { },
        "otherDetails" : { }
      },
      "sv" : {
        "@type" : "RESOURCE_DESCRIPTION_ITEM",
        "language" : {
          "terminologyId" : {
            "value" : "ISO_639-1"
          },
          "codeString" : "sv"
        },
        "originalResourceUri" : { },
        "otherDetails" : {
          "notes" : "Generated automatically by Adl Designer"
        }
      },
      "es-ar" : {
        "@type" : "RESOURCE_DESCRIPTION_ITEM",
        "language" : {
          "terminologyId" : {
            "value" : "ISO_639-1"
          },
          "codeString" : "es-ar"
        },
        "originalResourceUri" : { },
        "otherDetails" : {
          "notes" : "Generated automatically by Adl Designer"
        }
      },
      "ko" : {
        "@type" : "RESOURCE_DESCRIPTION_ITEM",
        "language" : {
          "terminologyId" : {
            "value" : "ISO_639-1"
          },
          "codeString" : "ko"
        },
        "originalResourceUri" : { },
        "otherDetails" : {
          "notes" : "Generated automatically by Adl Designer"
        }
      },
      "pt-br" : {
        "@type" : "RESOURCE_DESCRIPTION_ITEM",
        "language" : {
          "terminologyId" : {
            "value" : "ISO_639-1"
          },
          "codeString" : "pt-br"
        },
        "originalResourceUri" : { },
        "otherDetails" : {
          "notes" : "Generated automatically by Adl Designer"
        }
      },
      "ar-sy" : {
        "@type" : "RESOURCE_DESCRIPTION_ITEM",
        "language" : {
          "terminologyId" : {
            "value" : "ISO_639-1"
          },
          "codeString" : "ar-sy"
        },
        "originalResourceUri" : { },
        "otherDetails" : {
          "notes" : "Generated automatically by Adl Designer"
        }
      },
      "es" : {
        "@type" : "RESOURCE_DESCRIPTION_ITEM",
        "language" : {
          "terminologyId" : {
            "value" : "ISO_639-1"
          },
          "codeString" : "es"
        },
        "originalResourceUri" : { },
        "otherDetails" : {
          "notes" : "Generated automatically by Adl Designer"
        }
      },
      "nl" : {
        "@type" : "RESOURCE_DESCRIPTION_ITEM",
        "language" : {
          "terminologyId" : {
            "value" : "ISO_639-1"
          },
          "codeString" : "nl"
        },
        "originalResourceUri" : { },
        "otherDetails" : {
          "notes" : "Generated automatically by Adl Designer"
        }
      }
    }
  },
  "parentArchetypeId" : "openEHR-EHR-COMPOSITION.encounter.v1",
  "differential" : true,
  "archetypeId" : {
    "@type" : "ARCHETYPE_HRID",
    "value" : "openEHR-EHR-COMPOSITION.t_encounter.v1"
  },
  "definition" : {
    "@type" : "C_COMPLEX_OBJECT",
    "rmTypeName" : "COMPOSITION",
    "nodeId" : "at0000.1",
    "attributes" : [ {
      "@type" : "C_ATTRIBUTE",
      "rmAttributeName" : "category",
      "children" : [ {
        "@type" : "C_COMPLEX_OBJECT",
        "rmTypeName" : "DV_CODED_TEXT",
        "attributes" : [ {
          "@type" : "C_ATTRIBUTE",
          "rmAttributeName" : "defining_code",
          "children" : [ {
            "@type" : "C_TERMINOLOGY_CODE",
            "rmTypeName" : "CODE_PHRASE",
            "occurrences" : "1..1",
            "terminologyId" : {
              "value" : "openehr"
            },
            "constraint" : [ "433" ]
          } ]
        } ],
        "attributeTuples" : [ ]
      } ]
    }, {
      "@type" : "C_ATTRIBUTE",
      "rmAttributeName" : "context",
      "children" : [ {
        "@type" : "C_COMPLEX_OBJECT",
        "rmTypeName" : "EVENT_CONTEXT",
        "attributes" : [ ],
        "attributeTuples" : [ ]
      } ]
    }, {
      "@type" : "C_ATTRIBUTE",
      "rmAttributeName" : "content",
      "existence" : "0..1",
      "children" : [ {
        "@type" : "C_ARCHETYPE_ROOT",
        "rmTypeName" : "EVALUATION",
        "occurrences" : "0..*",
        "nodeId" : "at0.1",
        "attributes" : [ ],
        "attributeTuples" : [ ],
        "archetypeRef" : "openEHR-EHR-EVALUATION.ovl-problem_diagnosis-000.v1",
        "referenceType" : "archetypeOverlay"
      }, {
        "@type" : "C_ARCHETYPE_ROOT",
        "rmTypeName" : "OBSERVATION",
        "occurrences" : "0..*",
        "nodeId" : "at0.2",
        "attributes" : [ ],
        "attributeTuples" : [ ],
        "archetypeRef" : "openEHR-EHR-OBSERVATION.ovl-yhscn_diadem_assessment-001.v0",
        "referenceType" : "archetypeOverlay"
      } ]
    } ],
    "attributeTuples" : [ ]
  },
  "terminology" : {
    "@type" : "ARCHETYPE_TERMINOLOGY",
    "conceptCode" : "at0000",
    "termDefinitions" : {
      "ar-sy" : {
        "at0000.1" : {
          "@type" : "ARCHETYPE_TERM",
          "code" : "at0000.1",
          "text" : "Diadem Report",
          "description" : "*Interaction, contact or care event between a subject of care and healthcare provider(s).(en)"
        }
      },
      "en" : {
        "at0000.1" : {
          "@type" : "ARCHETYPE_TERM",
          "code" : "at0000.1",
          "text" : "Diadem Report",
          "description" : "Interaction, contact or care event between a subject of care and healthcare provider(s)."
        }
      },
      "es-ar" : {
        "at0000.1" : {
          "@type" : "ARCHETYPE_TERM",
          "code" : "at0000.1",
          "text" : "Diadem Report",
          "description" : "Interacción, contacto o evento de cuidados entre un sujeto de cuidados y uno o más proveedores de cuidados de la salud."
        }
      },
      "ko" : {
        "at0000.1" : {
          "@type" : "ARCHETYPE_TERM",
          "code" : "at0000.1",
          "text" : "Diadem Report",
          "description" : "*Interaction, contact or care event between a subject of care and healthcare provider(s).(en)"
        }
      },
      "pt-br" : {
        "at0000.1" : {
          "@type" : "ARCHETYPE_TERM",
          "code" : "at0000.1",
          "text" : "Diadem Report",
          "description" : "Interação, contato ou cuidado entre o sujeito do cuidado e profissional(is) de saúde."
        }
      },
      "es" : {
        "at0000.1" : {
          "@type" : "ARCHETYPE_TERM",
          "code" : "at0000.1",
          "text" : "Diadem Report",
          "description" : "Interacción, contacto o evento de cuidado entre un paciente y un proveedor de salud."
        }
      },
      "nl" : {
        "at0000.1" : {
          "@type" : "ARCHETYPE_TERM",
          "code" : "at0000.1",
          "text" : "Diadem Report",
          "description" : "Interactie, contact of zorggebeurtenis tussen een onderwerp van zorg en zorgverlener(s)."
        }
      },
      "sv" : {
        "at0000.1" : {
          "@type" : "ARCHETYPE_TERM",
          "code" : "at0000.1",
          "text" : "Diadem Report",
          "description" : "Interaktion, kontakt eller vårdhändelse mellan vårdtagare och vårdgivare inom hälso- och sjukvården."
        }
      }
    },
    "termBindings" : { },
    "terminologyExtracts" : { },
    "valueSets" : { }
  },
  "adlVersion" : "1.4",
  "buildUid" : "f7dc9bde-d493-38c4-b931-2a5e82b46220",
  "rmName" : "openehr",
  "rmRelease" : "1.0.3",
  "generated" : true,
  "templateId" : "Diadem demo",
  "otherMetaData" : { },
  "templateOverlays" : [ {
    "@type" : "TEMPLATE_OVERLAY",
    "uid" : "cc3a20b3-8928-4c2a-babd-fe9e28987be7",
    "description" : {
      "@type" : "RESOURCE_DESCRIPTION",
      "originalAuthor" : { },
      "otherContributors" : [ ],
      "ipAcknowledgements" : { },
      "references" : { },
      "conversionDetails" : { },
      "otherDetails" : { },
      "details" : {
        "de" : {
          "@type" : "RESOURCE_DESCRIPTION_ITEM",
          "language" : {
            "terminologyId" : {
              "value" : "ISO_639-1"
            },
            "codeString" : "de"
          },
          "purpose" : "Zur Dokumentation eines Problems, eines Zustandes oder eines Sachverhalts mit anhaltender Bedeutung für die Gesundheit der Person",
          "keywords" : [ "Sachverhalt", "Zustand" ],
          "use" : "Zur Dokumentation eines ehemaligen oder aktuellen Problems - also zur Dokumentation ehemaliger Entwicklungen, sowie derzeitiger Probleme.  Mit wechselndem 'Subjekt der Daten' zur Dokumentation von Problemen Verwandter, und somit für die Familienanamnese.",
          "misuse" : "Spezialisierungen 'openEHR-EHR-EVALUATION.problem-diagnosis' für medizinische Diagnosen und 'openEHR-EHR-EVALUATION.problem-diagnosis-histological' für histologische Diagnosen benutzen.",
          "copyright" : "© openEHR Foundation",
          "originalResourceUri" : { },
          "otherDetails" : { }
        },
        "sv" : {
          "@type" : "RESOURCE_DESCRIPTION_ITEM",
          "language" : {
            "terminologyId" : {
              "value" : "ISO_639-1"
            },
            "codeString" : "sv"
          },
          "purpose" : "Att dokumentera ett enskilt identifierat hälsoproblem eller diagnos. Spännvidden av ett hälsoproblem har avsiktligt gjorts bred, för att kunna fånga upp eventuella verkliga eller upplevda *oroskänslor* som kan inverka negativt på en individs välbefinnande. Ett hälsoproblem kan identifieras av individen, en vårdgivare eller en sjukvårdspersonal. En diagnos definieras däremot baserat på objektiva kliniska kriterier, oftast fastställd endast av sjukvårdspersonal.",
          "keywords" : [ "*fråga", "tillstånd", "problem", "diagnos", "oro", "skada", "klinisk tolkning" ],
          "use" : "Används för att beskriva ett enskilt identifierat hälsoproblem eller diagnos.\r\nTydliga definitioner som möjliggör en differentiering mellan ett \"problem\" och en \"diagnos\" är nästan omöjliga i praktiken. Vi kan inte på ett tillförlitligt sätt säga när ett problem bör betraktas som en diagnos. När diagnostiska eller klassificeringskriterier är uppfyllda kan vi tryggt kalla tillståndet en formell diagnos. \r\n\r\nOm det finns stödjande bevis tillgängligt, kan det ändå vara giltigt att använda termen \"diagnos\" trots att dessa villkor ännu inte uppfyllts. Det är inte lätt att definiera mängden stödjande bevis som krävs för diagnosmärkning och i verkligheten varierar det från fall till fall. Många standardkommittéer har brottats med denna definitionsgåta i åratal utan tydlig upplösning.\r\n\r\nVid tillämpning av klinisk dokumentation med denna arketyp betraktas problem och diagnoser som ett kontinuum med utrymme för fler detaljer och stödjande bevis som vanligtvis ger stöd för märkningen \"diagnos\". I denna arketyp är det inte nödvändigt att klassificera tillståndet som ett \"problem\" eller \"diagnos\". Kraven för att stödja dokumentation av vardera är identiska, innehållande extra datastruktur som krävs för att stödja inmatning av bevis om och när den blir tillgänglig.\r\nExempel på problem är: individens uttryckliga önskan att gå ner i vikt, men utan en formell diagnos av fetma eller ett relationsproblem med en familjemedlem. Exempel på formella diagnoser skulle omfatta cancer som stöds av anamnes, undersökningsfynd, histopatologiska fynd, radiologiska fynd samt möter alla kända kriteriekrav för diagnostik. \r\n\r\nI praktiken befinner sig de flesta problem eller diagnoser inte i någon ände av problemet-diagnos spektrumet, utan någonstans däremellan. \r\nDenna arketyp kan användas i flera kontexter, exempelvis för dokumentation av ett problem eller en klinisk diagnos under en klinisk konsultation, ifyllnad av en fast problemlista eller för en redogörande sammanfattning i ett utskrivningsdokument.\r\n\r\nI praktiken använder kliniker många kontext-specifika bestämningar som exempelvis tidigare och nuvarande, primär och sekundär, aktiv och inaktiv, inskrivning och utskrivning etc. Kontexterna kan vara plats-, specialitet-, episod-eller arbetsflödes-specifika. Dessa kan orsaka förvirring eller t.o.m. vara potentiella säkerhetsproblem om de förevigas i problemlistor eller delas i dokument som är utanför den ursprungliga kontexten.\r\nDessa bestämningar kan vara separata i arketyperna och ingår i \"status\"-fältet, eftersom deras användning varierar i olika inställningar. \r\nDet förväntas att de huvudsakligen används i en lämplig kontext och inte sprids utanför kontexten utan tydlig förståelse för potentiella konsekvenser.\r\nExempelvis kan en diagnos vara primär för en kliniker och sekundär för en annan specialist, ett aktivt problem kan bli inaktivt (eller vice versa) och detta kan påverka den säkra användningen av kliniskt beslutsstöd.\r\n\r\nI allmänhet bör dessa bestämningar tillämpas lokalt inom ramen för det kliniska systemet, och i praktiken bör dessa tillstånd ordnas manuellt av kliniker för att säkerställa att listor över nuvarande och tidigare, aktiv och inaktiv eller primärt och sekundärt problem är kliniskt korrekta.\r\nDenna arketyp kommer att användas som en komponent inom den problemorienterade patientjournalen som beskrivs av Larry Weed. Ytterligare arketyper, som presenterar kliniska begrepp som villkor som en övergripande organisatör för diagnoser etc. kommer att behöva utvecklas för att stödja denna strategi.\r\n\r\nI vissa situationer, kan identifiering av en diagnos vara lämplig enbart inom läkarnas expertis, men det är inte avsikten med denna arketyp. Diagnoser kan dokumenteras med hjälp av denna arketyp av vilken som helst sjukvårdspersonal.\r\n",
          "misuse" : "Ska inte användas för att dokumentera symtom som beskrivs av individen. Använd CLUSTER. symptom arketypen vanligtvis inom OBSERVATION.story-arketypen för det ändamålet.\r\n\r\nSka inte användas för att dokumentera undersökningsfynd. Använda då istället arketyper från den undersökningsrelaterade gruppen CLUSTER- som oftast är inkapslad i Observation Exam-arketypen.\r\n\r\nSka inte användas för att dokumentera testresultat från laboratoriet eller till relaterade diagnoser, exempelvis patologiska diagnoser. Använd då istället en lämplig arketyp från laboratoriegruppen OBSERVATION.\r\n\r\nSka inte användas för att dokumentera undersökningsfynd genom bildmedia eller bilddiagnostik. Använd då istället en lämplig arketyp från bildmediegruppen OBSERVATION arketyper.\r\n\r\nSka inte användas för att dokumentera \"differentialdiagnostik\". Använd då istället EVALUATION.differential_diagnosis-arketypen.\r\n\r\nSka inte användas för att dokumentera \"Anledning till Vårdtillfälle\" eller \"Huvudsakligt besvär\". Använd EVALUATION.reason_for_encounter-arketypen till dessa ändamål.\r\n\r\nSka inte användas för att dokumentera åtgärder. Använd då istället ACTION.procedure-arketypen.\r\n\r\nSka inte användas för att dokumentera uppgifter om graviditet. Använd EVALUATION.pregnancy_bf_status och EVALUATION.pregnancy och relaterade arketyper till dessa ändamål.\r\n\r\nSka inte användas för att dokumentera bedömningar om hälsorisker eller potentiella problem. Använd då istället EVALUATION.health_risk-arketypen.\r\n\r\nSka inte användas för att dokumentera redogörelser om biverkningar, allergier eller intoleranser. Använd EVALUATION.adverse_reaction-arketyp för dessa ändamål.\r\n\r\nSka inte användas för särskild dokumentering av frånvaro (eller negativ närvaro) av ett problem eller en diagnos, exempelvis \"inga kända problem eller diagnoser\" eller \"Ingen känd diabetes\". Använd EVALUATION.exclusion-problem_arketypen för att uttrycka ett positivt utlåtande om uteslutning av ett problem eller diagnos. \r\n\r\n",
          "originalResourceUri" : { },
          "otherDetails" : { }
        },
        "nb" : {
          "@type" : "RESOURCE_DESCRIPTION_ITEM",
          "language" : {
            "terminologyId" : {
              "value" : "ISO_639-1"
            },
            "codeString" : "nb"
          },
          "purpose" : "For å registrere detaljer om ett identifisert helseproblem eller en diagnose.\r\n\r\nOmfanget for et helseproblem er med vilje løst definert, for å kunne registrere en reell eller selvoppfattet bekymring som i større eller mindre grad kan påvirke et individs velvære negativt. Et helseproblem kan identifiseres av individet selv, en omsorgsperson eller av helsepersonell. En diagnose er derimot definert basert på objektive kliniske kriterier, og stilles som regel bare av helsepersonell.",
          "keywords" : [ "emne", "problem", "tilstand", "hindring", "diagnose", "helseproblem", "bekymring", "funn", "helsetilstand", "konflikt", "utfordring", "klinisk bilde" ],
          "use" : "Brukes til å registrere detaljer om ett identifisert helseproblem eller en diagnose. \r\n\r\nÅ klart definere skillet mellom et \"problem\" og en \"diagnose\" er i praksis nesten umulig, og vi kan ikke på en pålitelig måte si når et problem skal ses på som en diagnose. Når diagnostiske- eller klassifikasjonskriterier er innfridd kan vi trygt kalle tilstanden en formell diagnose, men før disse kriteriene er møtt kan det dersom det finnes støttende funn også være riktig å kalle den en diagnose. Mengden støttende funn som kreves for å sette merkelappen \"diagnose\" er ikke lett å definere, og varierer sannsynligvis i praksis fra tilstand til tilstand. Mange standardiseringskomiteer har arbeidet med dette definisjonsproblemet i årevis uten å komme til noen klar konklusjon.\r\n\r\nNår det gjelder klinisk dokumentasjon med denne arketypen må problemer og diagnoser ses på som deler av et spektrum der økende detaljgrad og mengde støttende funn som regel gir vekt mot merkelappen \"diagnose\". I denne arketypen er det ikke nødvendig å klassifisere tilstanden som enten et problem eller en diagnose. Datastrukturen for å dokumentere dem er identisk, med tilleggsstrukturer som støtter inklusjon av nye funn når eller hvis de blir tilgjengelige. Eksempler på problemer kan være et individs uttrykte ønske om å gå ned i vekt uten en formell diagnose av fedme, eller problemer i forholdet til et familiemedlem. Eksempler på formelle diagnoser kan være en kreftsvulst der diagnosen er støttet av historisk informasjon, undersøkelsesfunn, histologiske funn, radiologiske funn, og som møter alle diagnosekriterier. I praksis er de fleste problemer eller diagnoser ikke i hver sin ende av problem/diagnose-spektrumet, men et sted mellom.\r\n\r\nDenne arketypen kan brukes i mange sammenhenger. Eksempler kan være å registrere et problem eller en klinisk diagnose under en klinisk konsultasjon, fylle en persistent problemliste, eller for å gi oppsummerende informasjon i en epikrise.\r\n\r\nI praksis bruker klinikere mange kvalifikatorer som nåværende/tidligere, hoved/bidiagnose, aktiv/inaktiv, innleggelse/utskriving, etc. Sammenhengene kan være steds-, spesialiserings-, episode- eller arbeidsflytspesifikke, og disse kan forårsake forvirring eller til og med mulige sikkerhetsrisikoer dersom de videreføres i problemlister eller deles i dokumenter utenfor sin opprinnelige sammenheng. Disse kvalifikatorene kan arketypes separat og inkluderes i \"Status\"-SLOTet, fordi bruken varierer i ulike settinger. Disse vil sannsynligvis hovedsakelig brukes i passende sammenhenger, og ikke deles utenfor sammenhengen uten en klar forståelse av mulige konsekvenser. For eksempel kan en hoveddiagnose for en kliniker være en bidiagnose for en annen spesialist, et aktivt problem kan bli inaktivt (og omvendt), og dette kan ha innvirkning på sikkerhet og beslutningsstøtte. Generelt burde disse kvalifikatorene brukes lokalt og innenfor kontekst i det kliniske systemet, og i praksis bør de manuelt administreres av klinikere for å sikre at lister over nåværende/tidligere, aktiv/inaktiv eller hoved/bidiagnoser er klinisk presise.\r\n\r\nDenne arketypen vil bli brukt som en komponent i den problemorienterte journalen som beskrevet av Larry Weed. Tilleggsarketyper som representerer kliniske konsepter som f.eks. \"tilstand\" som en overbygning for diagnoser etc, vil måtte utvikles for å støtte dette.\r\n\r\nI noen situasjoner antas det at å stille en diagnose ligger fullstendig innenfor legers domene, men dette er ikke hensikten med denne arketypen. Diagnoser kan registreres av alt helsepersonell ved hjelp av denne arketypen.",
          "misuse" : "Brukes ikke til å registrere symptomer slik de beskrives av individet. Til dette brukes CLUSTER.symptom-arketypen, som regel innenfor OBSERVATION.story-arketypen.\r\n\r\nBrukes ikke til å registrere funn ved klinisk undersøkelse. Til dette brukes gruppen av undersøkelsesrelaterte CLUSTER-arketyper, som regel innenfor OBSERVATION.exam-arketypen.\r\n\r\nBrukes ikke til å registrere laboratoriesvar eller relaterte diagnoser for eksempel patologiske diagnoser. Til dette brukes en passende arketype fra laboratoriefamilien av OBSERVATION-arketyper.\r\n\r\nBrukes ikke til å registrere billeddiagnostiske svar eller diagnoser. Til dette brukes en passende arketype fra billeddiagnostikkfamilien av OBSERVATION-arketyper.\r\n\r\nBrukes ikke til å registrere differensialdiagnoser. Til dette brukes EVALUATION.differential_diagnosis-arketypen.\r\n\r\nBrukes ikke til å registrere kontaktårsak eller klinisk problemstilling ved kontakt. Til dette brukes EVALUATION.reason_for_encounter-arketypen.\r\n\r\nBrukes ikke til å registrere prosedyrer, til dette brukes ACTION.procedure-arketypen.\r\n\r\nBrukes ikke til å registrere detaljer om graviditet utover diagnoser. Til dette brukes EVALUATION.pregnancy_bf_status og EVALUATION.pregnancy, samt relaterte arketyper.\r\n\r\nBrukes ikke til å registrere vurderinger av potensiale og sannsynlighet for fremtidige problemer, diagnoser eller andre uønskede helseeffekter, til dette brukes EVALUATION.health_risk-arketypen.\r\n\r\nBrukes ikke til å registrere utsagn om uønskede reaksjoner, allergier eller intoleranser - bruk EVALUATION.adverse_reaction-arketypen.\r\n\r\nBrukes ikke til å registrere et eksplisitt fravær (eller negativ tilstedeværelse) av et problem eller en diagnose, f.eks. \"ingen kjente problemer eller diagnoser\" eller \"ingen kjent diabetes\". Bruk EVALUATION.exclusion-problem_diagnosis for å uttrykke fravær av et problem eller en diagnose.\r\n\r\nBrukes ikke til å registrere pasientens tilgjengelige ressurser for egenomsorg - bruk egne EVALUATION-arketyper for dette formålet.",
          "copyright" : "© openEHR Foundation",
          "originalResourceUri" : { },
          "otherDetails" : { }
        },
        "es-ar" : {
          "@type" : "RESOURCE_DESCRIPTION_ITEM",
          "language" : {
            "terminologyId" : {
              "value" : "ISO_639-1"
            },
            "codeString" : "es-ar"
          },
          "purpose" : "Para el registro de detalles acerca de un único problema de salud o diagnóstico.\r\nEl alcance previsto del problema de salud se mantiene deliberadamente poco definido en el contexto de la documentación clínica, de modo tal que pueda representarse cualquier problema, real o percibido, que pueda afectar al bienestar de un individuo en cualquier grado. Un problema de salud puede ser identificado por un individuo, un cuidador, o un profesional de la salud. Para la definición de un diagnóstico se require además de criterios clínicos objetivos, habitualmente determinados por un profesional de la salud.",
          "keywords" : [ "asunto", "condición", "problema", "diagnóstico", "preocupación", "lesión", "impresión clínica" ],
          "use" : "Utilícese para registrar detalles acerca de un único problema de salud o diagnóstico.\r\n\r\nUna definición clara que permita diferenciar un \"problema\" de un \"diagnóstico\" es casi imposible en la práctica - no podemos determinar en forma confiable cuando un problema debería ser considerado un diagnóstico. Cuando se cumplen con éxito determinados criterios diagnósticos o de clasificación es posible denominar una condición como un diagnóstico formal, pero previo al cumplimiento de dichos criterios y en tanto exista evidencia clínica que lo sustente, también puede ser válido el uso del término \"diagnóstico\". La cantidad de evidencia de apoyo varía de caso en caso. Muchos comités de estándares han lidiado con este problema por años sin lograr una resolución clara.\r\n\r\nA los fines de la documentación clínica mediante este arquetipo, problema y diagnóstico son considerados como un continuo, donde el incremento de los niveles de detalle y sustento en la evidencia inclinan la balanza hacia la etiqueta de \"diagnóstico\". Los requerimientos de datos que sustentan la documentación de ambos son idénticos, siendo necesarias estructuras de datos adicionales para sustentar la inclusión de la evidencia cuando esta exista y se encuentre disponible. Los ejemplos de problemas incluyen: la expresión del deseo de bajar de peso por parte de un individuo sin la existencia de un diagnóstico formal de obesidad, o un problema de relación con un familiar. Los ejemplos de diagnósticos formales incluyen un cáncer fundamentado en información histórica, los hallazgos de un examen, los hallazgos histopatológicos, los hallazgos radiológicos, y que cumplen todos los criterios diagnósticos. En la práctica, la mayoría de los problemas o diagnósticos no se encuentran en los extremos del espectro problema-diagnóstico sino que se ubican en alguna posición intermedia.\r\n\r\nEste arquetipo puede ser utilizado en diversos contextos. Por ejemplo, para registrar un problema o diagnóstico clínico durante una consulta clínica, para la elaboración de una Lista de Problemas persistente, o para proveer una afirmación sumaria dentro de un documento de Resumen de Alta.\r\n\r\nEn la práctica, los clínicos utilizan muchos calificadores dependientes del contexto, tales como pasado/actual, primario/secundario, activo/inactivo, admisión/egreso, etc. Estos contextos pueden ser relativos a la localización, la especialización, el episodio, o a un instancia de un proceso, pudiendo entonces generar confusión o riesgos potenciales de seguridad para el paciente si son incluidos en Listas de Problemas o documentos compartidos que carecen del contexto original. Estos contextos pueden ser arquetipados en forma separada e incluidos en el slot de \"Estado\", dado que su uso varía en diferentes escenarios. Su uso mayormente pretendido debe darse en el contexto apropiado y no debería ser compartido fuera de dicho contexto sin una clara comprensión de sus consecuencias potenciales. Por ejemplo: un diagnóstico primario podría ser un diagnóstico secundario para otro especialista; un problema activo puede tornarse inactivo (o viceversa) e impactar en la seguridad de una decisión clínica. En general, estos calificadores deberían aplicarse localmente dentro del contexto del sistema clínico y en la práctica estos estados deberían ser manualmente mantenidos por clínicos a fin de asegurar que las listas de problemas, actuales o pasados, activos o inactivos o primarios y secundarios, sean clínicamente exactos.\r\n\r\nEste arquetipo será utilizado como un componente del Registro Médico Orientado al Problema descripto por Larry Weed. Se requerirá del desarrollo de arquetipos adicionales para la representación de conceptos clínicos tales como una condición para un organizador general de diagnósticos, etc.\r\n\r\nEn algunas situaciones puede asumirse que la identificación de un diagnóstico solo se ajusta a la experticia del médico, pero no es el propósito de este arquetipo. Los diagnósticos pueden ser registrados mediante este arquetipo por parte de cualquier profesional.\r\n",
          "misuse" : "No debe ser utilizado para registrar síntomas tal cual fueron descriptos por el individuo; para ello se debe utilizar el arquetipo CLUSTER.symptom, habitualmente dentro del contexto del arquetipo OBSERVATION.story.\r\n\r\nNo debe ser utilizado para registrar hallazgo de exámenes, para ello se debe utilizar la familia de arquetipos relacionados a exámenes, habitualmente contenidos dentro del arquetipo OBSERVATION.exam.\r\n\r\nNo debe ser utilizado para registrar hallazgos de pruebas de laboratorio o diagnósticos relacionados (como por ejemplo diagnósticos patológicos); para ello se debe utilizar un arquetipo apropiado de la familia de arquetipos del tipo OBSERVATION.\r\n\r\nNo debe ser utilizado para registrar resultados de exámenes por imágenes o diagnósticos imagenológicos; para ello se debe utilizar un arquetipo apropiado de la familia de arquetipos del tipo OBSERVATION.\r\n\r\nNo debe ser utilizado para registrar diagnósticos diferenciales; para ello se debe utilizar el arquetipo EVALUATION.differential_diagnosis.\r\n\r\nNo debe ser utilizado para registrar \"Motivos de Consulta\"; para ello se debe utilizar el arquetipo EVALUATION.reason_for_encounter.\r\n\r\nNo debe ser utilizado para registrar procedimientos; para ello se debe utilizar el arquetipo ACTION.procedure.\r\n\r\nNo debe ser utilizado para registrar detalles acerca del embarazo; para ello se debe utilizar los arquetipos EVALUATION.pregnancy_bf_status, EVALUATION.pregnancy y los arquetipos relacionados.\r\n\r\nNo debe ser utilizado para registrar aseveraciones acerca de riesgos para la salud o problemas potenciales; para ello se debe utilizar el arquetipo EVALUATION.health_risk.\r\n\r\nNo debe ser utilizado para registrar aseveraciones acerca de reacciones adversas, alergias o intolerancias; para ello se debe utilizar el arquetipo EVALUATION.adverse_reaction.\r\n\r\n\r\nNo debe ser utilizado para registrar la ausencia explícita (o presencia negativa) de un problema o diagnóstico (como por ejemplo \"sin diagnósticos o problemas conocidos\" o \"sin diabetes conocida\"); para expresar una aseveración positiva acerca de la exclusión de un problema o diagnóstico se debe utilizar el arquetipo EVALUATION.exclusion-problem_diagnosis.",
          "copyright" : "© openEHR Foundation",
          "originalResourceUri" : { },
          "otherDetails" : { }
        },
        "pt-br" : {
          "@type" : "RESOURCE_DESCRIPTION_ITEM",
          "language" : {
            "terminologyId" : {
              "value" : "ISO_639-1"
            },
            "codeString" : "pt-br"
          },
          "purpose" : "Para gravar detalhes sobre um único problema de saúde ou diagnóstico identificado.\r\n\r\nO escopo pretendido de um problema de saúde é deliberadamente mantido livre no contexto da documentação clínica, de forma a captar quaisquer preocupações reais ou percebidas que podem afetar adversamente, em qualquer grau, o bem-estar de um indivíduo. Um problema de saúde pode ser identificado pela o indivíduo, um prestador de cuidados ou de um profissional de saúde. No entanto, o diagnóstico é adicionalmente definido com base em critérios clínicos objetivos, e, geralmente, determinado apenas por um profissional de saúde.",
          "keywords" : [ "caso", "condição", "problema", "diagnóstico", "preocupação", "prejuízo", "impressão clínica" ],
          "use" : "Para gravar detalhes sobre um único problema de saúde ou diagnóstico identificado.\r\n\r\nDefinições claras que permitem a diferenciação entre um \"problema\" e um \"diagnóstico\" são quase impossíveis na prática - não podemos dizer de forma segura quando um problema deve ser considerado como um diagnóstico. Quando o diagnóstico ou os critérios de classificação são cumpridos com sucesso, então com confiança podemos chamar a condição de um diagnóstico formal, mas antes que essas condições sejam cumpridas e enquanto houver evidências para tanto, também pode ser válido usar o termo \"diagnóstico\". A quantidade de evidências de apoio requerida para a indicação de diagnóstico não é fácil de ser definida e na realidade, provavelmente varia de condição para condição. Muitos comitês de padrões têm, por anos, se confrontado com esse dilema de definição sem resolução clara. \r\n\r\nEste arquétipo pode ser utilizado em muitos contextos. Por exemplo, na gravação de um problema ou um diagnóstico durante uma consulta clínica; preencher uma lista de problema persistente; ou para fornecer uma declaração de resumo de um documento Sumário de Alta.\r\n\r\nNa prática, os clínicos usam muitos qualificadores de contexto específico, como passado / presente, primário / secundário, ativo / inativo, admissão / alta, etc. Os contextos podem ser: localização, especialização, episódio ou específicos de fluxo de trabalho, e estes podem causar confusão ou até mesmo potenciais problemas de segurança se persistido nas listas de problemas ou compartilhados em documentos que estão fora do contexto original. Estes qualificadores podem ser arquetipados separadamente e incluídos no slot 'Estado', porque seu uso varia em diferentes contextos. Espera-se que estes serão utilizados em sua maioria dentro do contexto apropriado e não compartilhados fora desse contexto, sem compreensão clara das consequências potenciais. Por exemplo, um diagnóstico primário para um clínico pode ser um secundário para outro especialista; um problema ativo pode se tornar inativo (ou vice-versa) e isso pode impactar no uso seguro do apoio à decisão clínica. Em geral, estes qualificadores devem ser aplicados localmente dentro do contexto do sistema clínico e na prática, esses estados devem ser criados manualmente pelos clínicos para assegurar que as listas de problemas: Presente / Passado, ativo / inativo ou primário / secundário são clinicamente precisas.\r\n\r\nEste arquétipo será usado como um componente dentro do Registro Clínico Orientado à Problemas, tal como descrito por Larry Weed. Arquétipos adicionais, que representam conceitos clínicos, tais como: condição como um organizador abrangente para diagnósticos etc, terão de ser desenvolvidos para apoiar esta abordagem.\r\n\r\nEm algumas situações, pode ser assumido que a identificação de um diagnóstico só se encaixa dentro da expertise do médico, mas esta não é a intenção para este arquétipo. Os diagnósticos podem ser gravados utilizando esse arquétipo por qualquer profissional de saúde.",
          "misuse" : "Não deve ser usado para registrar os sintomas descritos pelo indivíduo, para isso, use o arquétipo CLUSTER.symptom, geralmente dentro do arquétipo OBSERVATION.story.\r\n\r\nNão deve ser usado para registrar achados do exame, use o CLUSTER da família de arquétipos relacionadas ao exame, geralmente aninhados dentro do arquétipo OBSERVATION.exam.\r\n\r\nNão deve ser usado para registrar os resultados dos testes de laboratório ou diagnósticos relacionados, por exemplo, em diagnósticos patológicos use um arquétipo apropriado da família de laboratório dos arquétipos OBSERVATION.\r\n\r\nNão deve ser usado para registrar os resultados dos exames de imagem ou de diagnóstico por imagem, use um arquétipo apropriado a partir da família de imagem dos arquétipos OBSERVATION.\r\n\r\nNão deve ser usado para gravar 'diagnósticos diferenciais', use o arquétipo EVALUATION.differential_diagnosis.\r\n\r\nNão deve ser usado para gravar 'Motivo do Encontro \"ou\" queixa apresentada', use o arquétipo EVALUATION.reason_for_encounter.\r\n\r\nNão deve ser usado para gravar procedimentos, use o arquétipo ACTION.procedure.\r\n\r\nNão deve ser usado para registrar detalhes sobre a gravidez, use o EVALUATION.pregnancy_bf_status e EVALUATION.pregnancy e os arquétipos relacionados.\r\n\r\nNão deve ser usado para gravar o estadiamento sobre o risco ou os problemas de saúde potenciais, use o arquétipo risco EVALUATION.health.\r\n\r\nNão deve ser usado para gravar declarações sobre reações adversas, alergias ou intolerâncias, use o arquétipo EVALUATION.adverse_reaction.\r\n\r\nNão deve ser usado para a gravação de uma ausência explícita (ou presença negativa) de um problema ou diagnóstico, por exemplo: \"sem problema ou diagnósticos conhecido\" ou \"diabetes não conhecido\". Use o arquétipo EVALUATION.exclusion-problem_diagnosis para expressar uma declaração positiva sobre a exclusão de um problema ou diagnóstico.",
          "copyright" : "© openEHR Foundation",
          "originalResourceUri" : { },
          "otherDetails" : { }
        },
        "en" : {
          "@type" : "RESOURCE_DESCRIPTION_ITEM",
          "language" : {
            "terminologyId" : {
              "value" : "ISO_639-1"
            },
            "codeString" : "en"
          },
          "purpose" : "For recording details about a single, identified health problem or diagnosis. \r\n\r\nThe intended scope of a health problem is deliberately kept loose in the context of clinical documentation, so as to capture any real or perceived concerns that may adversely affect an individual's wellbeing to any degree. A health problem may be identified by the individual, a carer or a healthcare professional. However, a diagnosis is additionally defined based on objective clinical criteria, and usually determined only by a healthcare professional.",
          "keywords" : [ "issue", "condition", "problem", "diagnosis", "concern", "injury", "clinical impression" ],
          "use" : "Use for recording details about a single, identified health problem or diagnosis. \r\n\r\nClear definitions that enable differentiation between a 'problem' and a 'diagnosis' are almost impossible in practice - we cannot reliably tell when a problem should be regarded as a diagnosis. When diagnostic or classification criteria are successfully met, then we can confidently call the condition a formal diagnosis, but prior to these conditions being met and while there is supportive evidence available, it can also be valid to use the term 'diagnosis'. The amount of supportive evidence required for the label of diagnosis is not easy to define and in reality probably varies from condition to condition. Many standards committees have grappled with this definitional conundrum for years without clear resolution.\r\n\r\nFor the purposes of clinical documentation with this archetype, problem and diagnosis are regarded as a continuum, with increasing levels of detail and supportive evidence usually providing weight towards the label of 'diagnosis'. In this archetype it is not neccessary to classify the condition as a 'problem' or 'diagnosis'. The data requirements to support documentation of either are identical, with additional data structure required to support inclusion of the evidence if and when it becomes available. Examples of problems include: the individual's expressed desire to lose weight, but without a formal diagnosis of Obesity; or a relationship problem with a family member. Examples of formal diagnoses would include a cancer that is supported by historical information, examination findings, histopathological findings, radiological findings and meets all requirements for known diagnostic criteria. In practice, most problems or diagnoses do not sit at either end of the problem-diagnosis spectrum, but somewhere in between.\r\n\r\nThis archetype can be used within many contexts. For example, recording a problem or a clinical diagnosis during a clinical consultation; populating a persistent Problem List; or to provide a summary statement within a Discharge Summary document.\r\n\r\nIn practice, clinicians use many context-specific qualifiers such as past/present, primary/secondary, active/inactive, admission/discharge etc. The contexts can be location-, specialisation-, episode- or workflow-specific, and these can cause confusion or even potential safety issues if perpetuated in Problem Lists or shared in documents that are outside of the original context. These qualifiers can be archetyped separately and included in the ‘Status’ slot, because their use varies in different settings. It is expected that these will be used mostly within the appropriate context and not shared out of that context without clear understanding of potential consequences. For example, a primary diagnosis to one clinician may be a secondary one to another specialist; an active problem can become inactive (or vice versa) and this can impact the safe use of clinical decision support. In general these qualifiers should be applied locally within the context of the clinical system, and in practice these statuses should be manually curated by clinicians to ensure that lists of Current/Past, Active/Inactive or Primary/Secondary Problems are clinically accurate. \r\n\r\nThis archetype will be used as a component within the Problem Oriented Medical Record as described by Larry Weed. Additional archetypes, representing clinical concepts such as condition as an overarching organiser for diagnoses etc, will need to be developed to support this approach.\r\n\r\nIn some situations, it may be assumed that identification of a diagnosis fits only within the expertise of physicians, but this is not the intent for this archetype. Diagnoses can be recorded using this archetype by any healthcare professional.",
          "misuse" : "Not to be used to record symptoms as described by the individual - use the CLUSTER.symptom archetype, usually within the OBSERVATION.story archetype.\r\n\r\nNot to be used to record examination findings - use the family of examination-related CLUSTER archetypes, usually nested within the OBSERVATION.exam archetype.\r\n\r\nNot to be used to record laboratory test results or related diagnoses, for example pathological diagnoses - use an appropriate archetype from the laboratory family of OBSERVATION archetypes.\r\n\r\nNot to be used to record imaging examination results or imaging diagnoses - use an appropriate archetype from the imaging family of OBSERVATION archetypes.\r\n\r\nNot to be used to record 'Differential Diagnoses' - use the EVALUATION.differential_diagnosis archetype.\r\n\r\nNot to be used to record 'Reason for Encounter' or 'Presenting Complaint' - use the EVALUATION.reason_for_encounter archetype.\r\n\r\nNot to be used to record procedures - use the ACTION.procedure archetype.\r\n\r\nNot to be used to record details about pregnancy - use the EVALUATION.pregnancy_bf_status and EVALUATION.pregnancy and related archetypes.\r\n\r\nNot to be used to record statements about health risk or potential problems - use the EVALUATION.health_risk archetype.\r\n\r\nNot to be used to record statements about adverse reactions, allergies or intolerances - use the EVALUATION.adverse_reaction archetype.\r\n\r\nNot to be used for the explicit recording of an absence (or negative presence) of a problem or diagnosis, for example ‘No known problem or diagnoses’ or ‘No known diabetes’. Use the EVALUATION.exclusion-problem_diagnosis archetype to express a positive statement about exclusion of a problem or diagnosis.",
          "copyright" : "© openEHR Foundation",
          "originalResourceUri" : { },
          "otherDetails" : { }
        },
        "ar-sy" : {
          "@type" : "RESOURCE_DESCRIPTION_ITEM",
          "language" : {
            "terminologyId" : {
              "value" : "ISO_639-1"
            },
            "codeString" : "ar-sy"
          },
          "purpose" : "لتسجيل تفاصيل حول قضية أو عقبة تؤثر على السلامة البدنية, العقلية و/أو الاجتماعية لشخص ما",
          "keywords" : [ "القضية", "الظرف الصحي", "المشكلة", "العقبة" ],
          "use" : "يستخدم لتسجيل المعلومات العامة حول المشكلات المتعلقة بالصحة.\r\nيحتوي النموذج على معلومات متعددة,و يمكن استخدامه في تسجيل المشكلات الحاضرة و السابقة.\r\nو يمكن تحديد المشكلة بواسطة المريض نفسه أو من يقوم بتقديم الرعاية الصحية.\r\nبعض الأمثلة تتضمن ما يلي:\r\n- بعض الأعراض التي لا تزال تحت الملاحظة و لكنها تمثل تشخيصات مبدأية\r\n- الرغبة لفقد الوزن دون تشخيص مؤكد بالسمنة\r\n- الرغبة بالإقلاع عن التدخين بواسطة الشخص\r\n- مشكلة في العلاقة مع أحد أفراد العائلة",
          "misuse" : "لا يستخدم لتسجيل التشخيصات المؤكدة. استخدم بدلا من ذلك النموذج المخصص من هذا النموذج, تقييم.المشكلة - التشخيص",
          "copyright" : "© openEHR Foundation",
          "originalResourceUri" : { },
          "otherDetails" : { }
        },
        "es" : {
          "@type" : "RESOURCE_DESCRIPTION_ITEM",
          "language" : {
            "terminologyId" : {
              "value" : "ISO_639-1"
            },
            "codeString" : "es"
          },
          "purpose" : "Este arquetipo se utilizará para registrar un único problema de salud o diagnóstico identificado para el paciente.\r\n\r\nEl alcance del arquetipo se dejó deliberadamente abierto, para poder capturar cualquier inquietud real o percibida que afecte en cualquier grado la salud de un paciente. Independientemente de quién detecte el problema, el diagnóstico debe ser definido basado en criterios clínicos objetivos, determinados por un profesional clínico.",
          "keywords" : [ "problema", "diagnóstico", "preocupación", "condición", "enfermedad" ],
          "use" : "Este arquetipo se utilizará para registrar un único problema de salud o diagnóstico identificado para el paciente.",
          "misuse" : "No se debe utilizar para registrar síntomas descritos por el paciente, para eso utilizar el arquetipo CLUSTER.symtom.\r\n\r\nNo se debe utilizar para registrar hallazgos, para eso utilizar arquetipos relacionados con la examinación, usualmente relacionados con el arquetipo OBSERVATION.exam\r\n\r\nNo se debe utilizar para registrar diagnósticos realizados sobre resultados de estudios diagnósticos como laboratorio o imagenología.\r\n\r\nNo se debe utilizar para registrar el motivo de consulta o problema presentado por el paciente, para eso utilizar el arquetipo EVALUATION.reason_for_encounter\r\n\r\nNo se debe utilizar para registrar riesgos o problemas potenciales, para eso utilizar el arquetipo EVALUATION.health_risk\r\n\r\nNo se debe utilizar para registrar la ausencia de un problema, para eso utilizar el arquetipo EVALUATION.exclusion-problem_diagnosis",
          "copyright" : "© openEHR Foundation",
          "originalResourceUri" : { },
          "otherDetails" : { }
        }
      }
    },
    "parentArchetypeId" : "openEHR-EHR-EVALUATION.problem_diagnosis.v1",
    "differential" : true,
    "archetypeId" : {
      "@type" : "ARCHETYPE_HRID",
      "value" : "openEHR-EHR-EVALUATION.ovl-problem_diagnosis-000.v1"
    },
    "definition" : {
      "@type" : "C_COMPLEX_OBJECT",
      "rmTypeName" : "EVALUATION",
      "nodeId" : "at0000.1",
      "attributes" : [ {
        "@type" : "C_ATTRIBUTE",
        "rmAttributeName" : "data",
        "children" : [ {
          "@type" : "C_COMPLEX_OBJECT",
          "rmTypeName" : "ITEM_TREE",
          "nodeId" : "at0001",
          "attributes" : [ {
            "@type" : "C_ATTRIBUTE",
            "rmAttributeName" : "items",
            "cardinality" : {
              "@type" : "CARDINALITY",
              "interval" : "1..*",
              "ordered" : false,
              "unique" : false
            },
            "children" : [ {
              "@type" : "C_COMPLEX_OBJECT",
              "rmTypeName" : "ELEMENT",
              "occurrences" : "0..0",
              "nodeId" : "at0009.1",
              "attributes" : [ ],
              "attributeTuples" : [ ]
            }, {
              "@type" : "C_COMPLEX_OBJECT",
              "rmTypeName" : "ELEMENT",
              "occurrences" : "0..0",
              "nodeId" : "at0012.1",
              "attributes" : [ ],
              "attributeTuples" : [ ]
            }, {
              "@type" : "C_COMPLEX_OBJECT",
              "rmTypeName" : "ELEMENT",
              "occurrences" : "0..0",
              "nodeId" : "at0077.1",
              "attributes" : [ ],
              "attributeTuples" : [ ]
            }, {
              "@type" : "C_COMPLEX_OBJECT",
              "rmTypeName" : "ELEMENT",
              "nodeId" : "at0003.1",
              "attributes" : [ ],
              "attributeTuples" : [ ]
            }, {
              "@type" : "C_COMPLEX_OBJECT",
              "rmTypeName" : "ELEMENT",
              "occurrences" : "0..0",
              "nodeId" : "at0005.1",
              "attributes" : [ {
                "@type" : "C_ATTRIBUTE",
                "rmAttributeName" : "value",
                "children" : [ {
                  "@type" : "C_COMPLEX_OBJECT",
                  "rmTypeName" : "DV_CODED_TEXT",
                  "attributes" : [ {
                    "@type" : "C_ATTRIBUTE",
                    "rmAttributeName" : "defining_code",
                    "children" : [ {
                      "@type" : "C_TERMINOLOGY_CODE",
                      "rmTypeName" : "CODE_PHRASE",
                      "occurrences" : "1..1",
                      "terminologyId" : {
                        "value" : "local"
                      },
                      "constraint" : [ "at0047", "at0048", "at0049" ]
                    } ]
                  } ],
                  "attributeTuples" : [ ]
                }, {
                  "@type" : "C_COMPLEX_OBJECT",
                  "rmTypeName" : "DV_TEXT",
                  "attributes" : [ ],
                  "attributeTuples" : [ ]
                } ]
              } ],
              "attributeTuples" : [ ]
            }, {
              "@type" : "C_COMPLEX_OBJECT",
              "rmTypeName" : "ELEMENT",
              "occurrences" : "0..0",
              "nodeId" : "at0072.1",
              "attributes" : [ ],
              "attributeTuples" : [ ]
            }, {
              "@type" : "C_COMPLEX_OBJECT",
              "rmTypeName" : "ELEMENT",
              "occurrences" : "0..0",
              "nodeId" : "at0030.1",
              "attributes" : [ ],
              "attributeTuples" : [ ]
            }, {
              "@type" : "C_COMPLEX_OBJECT",
              "rmTypeName" : "ELEMENT",
              "occurrences" : "0..0",
              "nodeId" : "at0073.1",
              "attributes" : [ {
                "@type" : "C_ATTRIBUTE",
                "rmAttributeName" : "value",
                "children" : [ {
                  "@type" : "C_COMPLEX_OBJECT",
                  "rmTypeName" : "DV_CODED_TEXT",
                  "attributes" : [ {
                    "@type" : "C_ATTRIBUTE",
                    "rmAttributeName" : "defining_code",
                    "children" : [ {
                      "@type" : "C_TERMINOLOGY_CODE",
                      "rmTypeName" : "CODE_PHRASE",
                      "occurrences" : "1..1",
                      "terminologyId" : {
                        "value" : "local"
                      },
                      "constraint" : [ "at0074", "at0075", "at0076" ]
                    } ]
                  } ],
                  "attributeTuples" : [ ]
                }, {
                  "@type" : "C_COMPLEX_OBJECT",
                  "rmTypeName" : "DV_TEXT",
                  "attributes" : [ ],
                  "attributeTuples" : [ ]
                } ]
              } ],
              "attributeTuples" : [ ]
            }, {
              "@type" : "C_COMPLEX_OBJECT",
              "rmTypeName" : "ELEMENT",
              "occurrences" : "0..0",
              "nodeId" : "at0069.1",
              "attributes" : [ ],
              "attributeTuples" : [ ]
            } ]
          } ],
          "attributeTuples" : [ ]
        } ]
      }, {
        "@type" : "C_ATTRIBUTE",
        "rmAttributeName" : "protocol",
        "children" : [ {
          "@type" : "C_COMPLEX_OBJECT",
          "rmTypeName" : "ITEM_TREE",
          "nodeId" : "at0032.1",
          "attributes" : [ {
            "@type" : "C_ATTRIBUTE",
            "rmAttributeName" : "items",
            "cardinality" : {
              "@type" : "CARDINALITY",
              "interval" : "0..*",
              "ordered" : false,
              "unique" : false
            },
            "children" : [ {
              "@type" : "C_COMPLEX_OBJECT",
              "rmTypeName" : "ELEMENT",
              "occurrences" : "0..0",
              "nodeId" : "at0070.1",
              "attributes" : [ ],
              "attributeTuples" : [ ]
            } ]
          } ],
          "attributeTuples" : [ ]
        } ]
      } ],
      "attributeTuples" : [ ]
    },
    "terminology" : {
      "@type" : "ARCHETYPE_TERMINOLOGY",
      "conceptCode" : "at0000",
      "termDefinitions" : {
        "es" : {
          "at0003.1" : {
            "@type" : "ARCHETYPE_TERM",
            "code" : "at0003.1",
            "text" : "Date diagnosed",
            "description" : "Fecha y hora, estimado o real, cuándo el problema/diagnóstico es detectado por un profesional de la salud"
          }
        },
        "es-ar" : {
          "at0003.1" : {
            "@type" : "ARCHETYPE_TERM",
            "code" : "at0003.1",
            "text" : "Date diagnosed",
            "description" : "Fecha y hora estimadas o confirmadas en las cuales el diagnóstico o problema fue reconocido por el profesional de la salud.",
            "comment" : "El uso de fechas parciales es aceptable. Si el sujeto de cuidados tiene menos de un año de edad, se requiere la fecha completa o al menos el año y mes para permitir cálculos adecuados (si por ejemplo se utiliza para guiar un apoyo a la toma de decisiones). Los datos registrados o importados como \"Edad a la aparición\" deberán ser convertidos a una fecha utilizando la fecha de nacimiento del sujeto."
          }
        },
        "de" : {
          "at0003.1" : {
            "@type" : "ARCHETYPE_TERM",
            "code" : "at0003.1",
            "text" : "Date diagnosed",
            "description" : "*Estimated or actual date/time the diagnosis or problem was recognised by a healthcare professional.(en)",
            "comment" : "*Partial dates are acceptable. If the subject of care is under the age of one year, then the complete date or a minimum of the month and year is necessary to enable accurate age calculations - for example, if used to drive decision support.(en)"
          }
        },
        "en" : {
          "at0003.1" : {
            "@type" : "ARCHETYPE_TERM",
            "code" : "at0003.1",
            "text" : "Date diagnosed",
            "description" : "Estimated or actual date/time the diagnosis or problem was recognised by a healthcare professional.",
            "comment" : "Partial dates are acceptable. If the subject of care is under the age of one year, then the complete date or a minimum of the month and year is necessary to enable accurate age calculations - for example, if used to drive decision support. Data captured/imported as \"Age at time of clinical recognition\" should be converted to a date using the subject's date of birth."
          }
        },
        "ar-sy" : {
          "at0003.1" : {
            "@type" : "ARCHETYPE_TERM",
            "code" : "at0003.1",
            "text" : "Date diagnosed",
            "description" : "*Estimated or actual date/time the diagnosis or problem was recognised by a healthcare professional.(en)",
            "comment" : "*Partial dates are acceptable. If the subject of care is under the age of one year, then the complete date or a minimum of the month and year is necessary to enable accurate age calculations - for example, if used to drive decision support.(en)"
          }
        },
        "pt-br" : {
          "at0003.1" : {
            "@type" : "ARCHETYPE_TERM",
            "code" : "at0003.1",
            "text" : "Date diagnosed",
            "description" : "Data / hora, estimada ou real, que o diagnóstico ou o problema foi reconhecido por um profissional de saúde.",
            "comment" : "Datas parciais são aceitáveis. \r\nSe o tema do cuidado está com idade inferior a um ano, então a data completa ou no mínimo o mês e o ano são necessários para permitir cálculos de idade precisos, por exemplo, se usado para conduzir apoio à decisão. Os dados capturados / importados como \"Idade no momento do reconhecimento clínico\" deve ser convertida para uma data usando o sujeito data de nascimento."
          }
        },
        "nb" : {
          "at0003.1" : {
            "@type" : "ARCHETYPE_TERM",
            "code" : "at0003.1",
            "text" : "Date diagnosed",
            "description" : "Anslått eller faktisk dato/tid da diagnosen eller problemet ble bekreftet av helsepersonell.",
            "comment" : "Delvise datoer er tillatt. Dersom individet er under ett år gammel, må komplett dato eller som et minimum måned og år oppgis for å muliggjøre presise beregninger av alder, f.eks. ved bruk i beslutningsstøttesystemer. Data registrert eller importert som \"alder ved tidspunkt når diagnosen stilles\" bør konverteres til en dato ved hjelp av individets fødselsdato."
          }
        },
        "sv" : {
          "at0003.1" : {
            "@type" : "ARCHETYPE_TERM",
            "code" : "at0003.1",
            "text" : "Date diagnosed",
            "description" : "Uppskattat eller reellt datum coh tid som diagnosen eller problemet erkändes av sjukvårdspersonal.",
            "comment" : "Partiella datum är acceptabla. Om patienten är under ett år, då är det fullständiga datumet eller ett minimum av månad och år nödvändigt för korrekta åldersberäkningar exempelvis om de används för beslutsstöd. Data som registreras och importeras som \"Ålder vid tidpunkten för kliniskt erkännande\" ska omvandlas till ett datum med hjälp av patientens födelsedatum."
          }
        }
      },
      "termBindings" : { },
      "terminologyExtracts" : { },
      "valueSets" : { }
    },
    "adlVersion" : "1.4",
    "buildUid" : "897edb86-2611-406a-b54b-acc5efc1687b",
    "rmName" : "openehr",
    "rmRelease" : "1.0.3",
    "generated" : true,
    "otherMetaData" : { },
    "originalLanguage" : {
      "terminologyId" : {
        "value" : "ISO_639-1"
      },
      "codeString" : "en"
    },
    "translations" : [ {
      "@type" : "TRANSLATION_DETAILS",
      "language" : {
        "terminologyId" : {
          "value" : "ISO_639-1"
        },
        "codeString" : "de"
      },
      "author" : {
        "name" : "Jasmin Buck, Sebastian Garde",
        "organisation" : "University of Heidelberg, Central Queensland University"
      },
      "otherDetails" : { }
    }, {
      "@type" : "TRANSLATION_DETAILS",
      "language" : {
        "terminologyId" : {
          "value" : "ISO_639-1"
        },
        "codeString" : "sv"
      },
      "author" : {
        "name" : "Kirsi Poikela",
        "organisation" : "Tieto Sweden AB",
        "email" : "ext.kirsi.poikela@tieto.com"
      },
      "otherDetails" : { }
    }, {
      "@type" : "TRANSLATION_DETAILS",
      "language" : {
        "terminologyId" : {
          "value" : "ISO_639-1"
        },
        "codeString" : "es-ar"
      },
      "author" : {
        "name" : "Alan March",
        "organisation" : "Hospital Universitario Austral, Buenos Aires, Argentina",
        "email" : "alandmarch@gmail.com"
      },
      "accreditation" : "-",
      "otherDetails" : { }
    }, {
      "@type" : "TRANSLATION_DETAILS",
      "language" : {
        "terminologyId" : {
          "value" : "ISO_639-1"
        },
        "codeString" : "nb"
      },
      "author" : {
        "name" : "Silje Ljosland Bakke, John Tore Valand",
        "organisation" : "Helse Bergen HF"
      },
      "otherDetails" : { }
    }, {
      "@type" : "TRANSLATION_DETAILS",
      "language" : {
        "terminologyId" : {
          "value" : "ISO_639-1"
        },
        "codeString" : "pt-br"
      },
      "author" : {
        "name" : "Adriana Kitajima, Gabriela Alves, Maria Angela Scatena, Marivan Abrahäo",
        "organisation" : "Core Consulting",
        "email" : "contato@coreconsulting.com.br"
      },
      "accreditation" : "Hospital Alemão Oswaldo Cruz (HAOC)",
      "otherDetails" : { }
    }, {
      "@type" : "TRANSLATION_DETAILS",
      "language" : {
        "terminologyId" : {
          "value" : "ISO_639-1"
        },
        "codeString" : "ar-sy"
      },
      "author" : {
        "name" : "Mona Saleh"
      },
      "otherDetails" : { }
    }, {
      "@type" : "TRANSLATION_DETAILS",
      "language" : {
        "terminologyId" : {
          "value" : "ISO_639-1"
        },
        "codeString" : "es"
      },
      "author" : {
        "name" : "Pablo Pazos",
        "organisation" : "CaboLabs"
      },
      "accreditation" : "Computer Engineer",
      "otherDetails" : { }
    } ]
  }, {
    "@type" : "TEMPLATE_OVERLAY",
    "uid" : "d85f4081-c34f-4402-84f3-b0ccea5221e0",
    "description" : {
      "@type" : "RESOURCE_DESCRIPTION",
      "originalAuthor" : { },
      "otherContributors" : [ ],
      "ipAcknowledgements" : { },
      "references" : { },
      "conversionDetails" : { },
      "otherDetails" : { },
      "details" : {
        "en" : {
          "@type" : "RESOURCE_DESCRIPTION_ITEM",
          "language" : {
            "terminologyId" : {
              "value" : "ISO_639-1"
            },
            "codeString" : "en"
          },
          "purpose" : "Local archetype for Yorkshire and the Humber Clinical Networks Dementia Management. This archetype forms part of the DiADeM (Diagnosing Advanced Dementia Mandate for care home settings) Tool.",
          "keywords" : [ "diadem", "dementia" ],
          "use" : "Local use by Yorkshire and the Humber Clinical Networks for their dementia management programme.",
          "copyright" : "© Clinical Models UK",
          "originalResourceUri" : { },
          "otherDetails" : { }
        }
      }
    },
    "parentArchetypeId" : "openEHR-EHR-OBSERVATION.yhscn_diadem_assessment.v0",
    "differential" : true,
    "archetypeId" : {
      "@type" : "ARCHETYPE_HRID",
      "value" : "openEHR-EHR-OBSERVATION.ovl-yhscn_diadem_assessment-001.v0"
    },
    "definition" : {
      "@type" : "C_COMPLEX_OBJECT",
      "rmTypeName" : "OBSERVATION",
      "nodeId" : "at0000.1",
      "attributes" : [ ],
      "attributeTuples" : [ ]
    },
    "terminology" : {
      "@type" : "ARCHETYPE_TERMINOLOGY",
      "conceptCode" : "at0000",
      "termDefinitions" : {
        "en" : { }
      },
      "termBindings" : { },
      "terminologyExtracts" : { },
      "valueSets" : { }
    },
    "adlVersion" : "1.4",
    "buildUid" : "ea406ef1-20ec-4d84-9ce2-43007ec4c543",
    "rmName" : "openehr",
    "rmRelease" : "1.0.3",
    "generated" : true,
    "otherMetaData" : { },
    "originalLanguage" : {
      "terminologyId" : {
        "value" : "ISO_639-1"
      },
      "codeString" : "en"
    },
    "translations" : [ ]
  } ],
  "originalLanguage" : {
    "terminologyId" : {
      "value" : "ISO_639-1"
    },
    "codeString" : "en"
  },
  "translations" : [ {
    "@type" : "TRANSLATION_DETAILS",
    "language" : {
      "terminologyId" : {
        "value" : "ISO_639-1"
      },
      "codeString" : "sv"
    },
    "author" : {
      "name" : "Kirsi Poikela",
      "organisation" : "Tieto Sweden AB",
      "email" : "ext.kirsi.poikela@tieto.com"
    },
    "otherDetails" : { }
  }, {
    "@type" : "TRANSLATION_DETAILS",
    "language" : {
      "terminologyId" : {
        "value" : "ISO_639-1"
      },
      "codeString" : "es-ar"
    },
    "author" : {
      "name" : "Edgardo Vazquez",
      "organisation" : "VinculoMedico"
    },
    "accreditation" : "Medical Doctor",
    "otherDetails" : { }
  }, {
    "@type" : "TRANSLATION_DETAILS",
    "language" : {
      "terminologyId" : {
        "value" : "ISO_639-1"
      },
      "codeString" : "ko"
    },
    "author" : {
      "name" : "Seung-Jong Yu",
      "organisation" : "NOUSCO Co.,Ltd.",
      "email" : "seungjong.yu@gmail.com"
    },
    "accreditation" : "Certified Board of Family Medicine in South Korea",
    "otherDetails" : { }
  }, {
    "@type" : "TRANSLATION_DETAILS",
    "language" : {
      "terminologyId" : {
        "value" : "ISO_639-1"
      },
      "codeString" : "pt-br"
    },
    "author" : {
      "name" : "Vladimir Pizzo",
      "organisation" : "Hospital Sirio Libanes, Brazil",
      "email" : "vladimir.pizzo@hsl.org.br"
    },
    "otherDetails" : { }
  }, {
    "@type" : "TRANSLATION_DETAILS",
    "language" : {
      "terminologyId" : {
        "value" : "ISO_639-1"
      },
      "codeString" : "ar-sy"
    },
    "author" : {
      "name" : "Mona Saleh"
    },
    "otherDetails" : { }
  }, {
    "@type" : "TRANSLATION_DETAILS",
    "language" : {
      "terminologyId" : {
        "value" : "ISO_639-1"
      },
      "codeString" : "es"
    },
    "author" : {
      "name" : "Pablo Pazos",
      "organisation" : "CaboLabs"
    },
    "accreditation" : "Computer Engineer",
    "otherDetails" : { }
  }, {
    "@type" : "TRANSLATION_DETAILS",
    "language" : {
      "terminologyId" : {
        "value" : "ISO_639-1"
      },
      "codeString" : "nl"
    },
    "author" : {
      "name" : "Dennis Valk",
      "organisation" : "Code24 BV",
      "email" : "dennis.valk@code24.nl"
    },
    "accreditation" : "Code24 BV",
    "otherDetails" : { }
  } ]
}