{
  "@type" : "TEMPLATE",
  "uid" : "758a04dd-b318-41dd-833f-dd035309867a",
  "description" : {
    "@type" : "RESOURCE_DESCRIPTION",
    "originalAuthor" : { },
    "otherContributors" : [ ],
    "lifecycleState" : {
      "codeString" : "Initial"
    },
    "ipAcknowledgements" : { },
    "references" : { },
    "conversionDetails" : { },
    "otherDetails" : {
      "MetaDataSet:Sample Set " : "Template metadata sample set ",
      "Acknowledgements" : "",
      "Business Process Level" : "",
      "Care setting" : "",
      "Client group" : "",
      "Clinical Record Element" : "",
      "Copyright" : "",
      "Issues" : "",
      "Owner" : "",
      "Sign off" : "",
      "Speciality" : "",
      "User roles" : "",
      "MD5-CAM-1.0.1" : "d8de20e2eb35af430b43b903cc594fea"
    },
    "details" : {
      "en" : {
        "@type" : "RESOURCE_DESCRIPTION_ITEM",
        "language" : {
          "terminologyId" : {
            "value" : "ISO_639-1"
          },
          "codeString" : "en"
        },
        "purpose" : "",
        "use" : "",
        "misuse" : "",
        "originalResourceUri" : { },
        "otherDetails" : { }
      },
      "es-ar" : {
        "@type" : "RESOURCE_DESCRIPTION_ITEM",
        "language" : {
          "terminologyId" : {
            "value" : "ISO_639-1"
          },
          "codeString" : "es-ar"
        },
        "originalResourceUri" : { },
        "otherDetails" : {
          "notes" : "Generated automatically by Adl Designer"
        }
      },
      "nb" : {
        "@type" : "RESOURCE_DESCRIPTION_ITEM",
        "language" : {
          "terminologyId" : {
            "value" : "ISO_639-1"
          },
          "codeString" : "nb"
        },
        "originalResourceUri" : { },
        "otherDetails" : {
          "notes" : "Generated automatically by Adl Designer"
        }
      },
      "pt-br" : {
        "@type" : "RESOURCE_DESCRIPTION_ITEM",
        "language" : {
          "terminologyId" : {
            "value" : "ISO_639-1"
          },
          "codeString" : "pt-br"
        },
        "originalResourceUri" : { },
        "otherDetails" : {
          "notes" : "Generated automatically by Adl Designer"
        }
      },
      "sl" : {
        "@type" : "RESOURCE_DESCRIPTION_ITEM",
        "language" : {
          "terminologyId" : {
            "value" : "ISO_639-1"
          },
          "codeString" : "sl"
        },
        "originalResourceUri" : { },
        "otherDetails" : {
          "notes" : "Generated automatically by Adl Designer"
        }
      },
      "ar-sy" : {
        "@type" : "RESOURCE_DESCRIPTION_ITEM",
        "language" : {
          "terminologyId" : {
            "value" : "ISO_639-1"
          },
          "codeString" : "ar-sy"
        },
        "originalResourceUri" : { },
        "otherDetails" : {
          "notes" : "Generated automatically by Adl Designer"
        }
      }
    }
  },
  "parentArchetypeId" : "openEHR-EHR-COMPOSITION.report.v1",
  "differential" : true,
  "archetypeId" : {
    "@type" : "ARCHETYPE_HRID",
    "value" : "openEHR-EHR-COMPOSITION.t_report.v1"
  },
  "definition" : {
    "@type" : "C_COMPLEX_OBJECT",
    "rmTypeName" : "COMPOSITION",
    "nodeId" : "at0000.1",
    "attributes" : [ {
      "@type" : "C_ATTRIBUTE",
      "rmAttributeName" : "category",
      "children" : [ {
        "@type" : "C_COMPLEX_OBJECT",
        "rmTypeName" : "DV_CODED_TEXT",
        "attributes" : [ {
          "@type" : "C_ATTRIBUTE",
          "rmAttributeName" : "defining_code",
          "children" : [ {
            "@type" : "C_TERMINOLOGY_CODE",
            "rmTypeName" : "CODE_PHRASE",
            "occurrences" : "1..1",
            "terminologyId" : {
              "value" : "openehr"
            },
            "constraint" : [ "433" ]
          } ]
        } ],
        "attributeTuples" : [ ]
      } ]
    }, {
      "@type" : "C_ATTRIBUTE",
      "rmAttributeName" : "context",
      "children" : [ {
        "@type" : "C_COMPLEX_OBJECT",
        "rmTypeName" : "EVENT_CONTEXT",
        "attributes" : [ {
          "@type" : "C_ATTRIBUTE",
          "rmAttributeName" : "other_context",
          "children" : [ {
            "@type" : "C_COMPLEX_OBJECT",
            "rmTypeName" : "ITEM_TREE",
            "nodeId" : "at0001.1",
            "attributes" : [ {
              "@type" : "C_ATTRIBUTE",
              "rmAttributeName" : "items",
              "cardinality" : {
                "@type" : "CARDINALITY",
                "interval" : "0..*",
                "ordered" : false,
                "unique" : false
              },
              "children" : [ {
                "@type" : "C_COMPLEX_OBJECT",
                "rmTypeName" : "ELEMENT",
                "occurrences" : "0..0",
                "nodeId" : "at0002.1",
                "attributes" : [ ],
                "attributeTuples" : [ ]
              }, {
                "@type" : "C_COMPLEX_OBJECT",
                "rmTypeName" : "ELEMENT",
                "occurrences" : "0..0",
                "nodeId" : "at0005.1",
                "attributes" : [ ],
                "attributeTuples" : [ ]
              }, {
                "@type" : "C_ARCHETYPE_ROOT",
                "rmTypeName" : "CLUSTER",
                "occurrences" : "0..1",
                "nodeId" : "at0006.1",
                "attributes" : [ ],
                "attributeTuples" : [ ],
                "archetypeRef" : "openEHR-EHR-CLUSTER.ovl-episode_details_northproms-000.v0",
                "referenceType" : "archetypeOverlay"
              } ]
            } ],
            "attributeTuples" : [ ]
          } ]
        } ],
        "attributeTuples" : [ ]
      } ]
    }, {
      "@type" : "C_ATTRIBUTE",
      "rmAttributeName" : "content",
      "existence" : "0..1",
      "children" : [ {
        "@type" : "C_ARCHETYPE_ROOT",
        "rmTypeName" : "OBSERVATION",
        "occurrences" : "0..*",
        "nodeId" : "at0.1",
        "attributes" : [ ],
        "attributeTuples" : [ ],
        "archetypeRef" : "openEHR-EHR-OBSERVATION.ovl-aofas-001.v0",
        "referenceType" : "archetypeOverlay"
      }, {
        "@type" : "C_ARCHETYPE_ROOT",
        "rmTypeName" : "OBSERVATION",
        "occurrences" : "0..*",
        "nodeId" : "at0.2",
        "attributes" : [ ],
        "attributeTuples" : [ ],
        "archetypeRef" : "openEHR-EHR-OBSERVATION.ovl-aos_score-002.v0",
        "referenceType" : "archetypeOverlay"
      }, {
        "@type" : "C_ARCHETYPE_ROOT",
        "rmTypeName" : "OBSERVATION",
        "occurrences" : "0..*",
        "nodeId" : "at0.3",
        "attributes" : [ ],
        "attributeTuples" : [ ],
        "archetypeRef" : "openEHR-EHR-OBSERVATION.ovl-atrs-003.v0",
        "referenceType" : "archetypeOverlay"
      }, {
        "@type" : "C_ARCHETYPE_ROOT",
        "rmTypeName" : "OBSERVATION",
        "occurrences" : "0..*",
        "nodeId" : "at0.4",
        "attributes" : [ ],
        "attributeTuples" : [ ],
        "archetypeRef" : "openEHR-EHR-OBSERVATION.ovl-moxfq-004.v0",
        "referenceType" : "archetypeOverlay"
      }, {
        "@type" : "C_ARCHETYPE_ROOT",
        "rmTypeName" : "OBSERVATION",
        "occurrences" : "0..1",
        "nodeId" : "at0.5",
        "attributes" : [ ],
        "attributeTuples" : [ ],
        "archetypeRef" : "openEHR-EHR-OBSERVATION.ovl-story-005.v1",
        "referenceType" : "archetypeOverlay"
      }, {
        "@type" : "C_ARCHETYPE_ROOT",
        "rmTypeName" : "OBSERVATION",
        "occurrences" : "0..*",
        "nodeId" : "at0.6",
        "attributes" : [ ],
        "attributeTuples" : [ ],
        "archetypeRef" : "openEHR-EHR-OBSERVATION.ovl-safas-007.v0",
        "referenceType" : "archetypeOverlay"
      }, {
        "@type" : "C_ARCHETYPE_ROOT",
        "rmTypeName" : "OBSERVATION",
        "occurrences" : "0..*",
        "nodeId" : "at0.7",
        "attributes" : [ ],
        "attributeTuples" : [ ],
        "archetypeRef" : "openEHR-EHR-OBSERVATION.ovl-visaa-008.v0",
        "referenceType" : "archetypeOverlay"
      }, {
        "@type" : "C_ARCHETYPE_ROOT",
        "rmTypeName" : "OBSERVATION",
        "occurrences" : "0..*",
        "nodeId" : "at0.8",
        "attributes" : [ ],
        "attributeTuples" : [ ],
        "archetypeRef" : "openEHR-EHR-OBSERVATION.ovl-foot_and_ankle_outcome-009.v0",
        "referenceType" : "archetypeOverlay"
      } ]
    } ],
    "attributeTuples" : [ ]
  },
  "terminology" : {
    "@type" : "ARCHETYPE_TERMINOLOGY",
    "conceptCode" : "at0000",
    "termDefinitions" : {
      "ar-sy" : {
        "at0000.1" : {
          "@type" : "ARCHETYPE_TERM",
          "code" : "at0000.1",
          "text" : "Foot and ankle PROMs",
          "description" : "وثيقة لتوصيل المعلومات للآخرين, عادة كاستجابة لطلب من طرف آخر."
        }
      },
      "sl" : {
        "at0000.1" : {
          "@type" : "ARCHETYPE_TERM",
          "code" : "at0000.1",
          "text" : "Foot and ankle PROMs",
          "description" : "*Document to communicate information to others, commonly in response to a request from another party.(en)"
        }
      },
      "en" : {
        "at0000.1" : {
          "@type" : "ARCHETYPE_TERM",
          "code" : "at0000.1",
          "text" : "Foot and ankle PROMs",
          "description" : "Document to communicate information to others, commonly in response to a request from another party."
        }
      },
      "es-ar" : {
        "at0000.1" : {
          "@type" : "ARCHETYPE_TERM",
          "code" : "at0000.1",
          "text" : "Foot and ankle PROMs",
          "description" : "Documento para comunicar información a otros, comunmente en respuesta a la solicitud de un tercero."
        }
      },
      "pt-br" : {
        "at0000.1" : {
          "@type" : "ARCHETYPE_TERM",
          "code" : "at0000.1",
          "text" : "Foot and ankle PROMs",
          "description" : "Documento para comunicar informações a outros, comumente em resposta a uma solicitação de terceiros."
        }
      },
      "nb" : {
        "at0000.1" : {
          "@type" : "ARCHETYPE_TERM",
          "code" : "at0000.1",
          "text" : "Foot and ankle PROMs",
          "description" : "Dokument som brukes for å kommunisere informasjon til andre, ofte som svar på en forespørsel."
        }
      }
    },
    "termBindings" : { },
    "terminologyExtracts" : { },
    "valueSets" : { }
  },
  "adlVersion" : "1.4",
  "buildUid" : "86532389-d405-3bdd-ba9d-c4af20f38a2c",
  "rmName" : "openehr",
  "rmRelease" : "1.0.3",
  "generated" : true,
  "templateId" : "Foot_and_Ankle_PROMs-v0",
  "otherMetaData" : { },
  "templateOverlays" : [ {
    "@type" : "TEMPLATE_OVERLAY",
    "uid" : "38c0dd9d-6fc1-4338-8861-90b8453620dc",
    "description" : {
      "@type" : "RESOURCE_DESCRIPTION",
      "originalAuthor" : { },
      "otherContributors" : [ ],
      "ipAcknowledgements" : { },
      "references" : { },
      "conversionDetails" : { },
      "otherDetails" : { },
      "details" : { }
    },
    "parentArchetypeId" : "openEHR-EHR-CLUSTER.episode_details_northproms.v0",
    "differential" : true,
    "archetypeId" : {
      "@type" : "ARCHETYPE_HRID",
      "value" : "openEHR-EHR-CLUSTER.ovl-episode_details_northproms-000.v0"
    },
    "definition" : {
      "@type" : "C_COMPLEX_OBJECT",
      "rmTypeName" : "CLUSTER",
      "nodeId" : "at0000.1",
      "attributes" : [ ],
      "attributeTuples" : [ ]
    },
    "terminology" : {
      "@type" : "ARCHETYPE_TERMINOLOGY",
      "conceptCode" : "at0000",
      "termDefinitions" : {
        "en" : {
          "at0000.1" : {
            "@type" : "ARCHETYPE_TERM",
            "code" : "at0000.1",
            "text" : "Episode details",
            "description" : "Local cluster to capture episode details for the Northumbria Orthopaedic PROMS registry."
          }
        }
      },
      "termBindings" : { },
      "terminologyExtracts" : { },
      "valueSets" : { }
    },
    "adlVersion" : "1.4",
    "buildUid" : "d5b3cbab-eba9-48d9-bfe1-6393ec0f2d84",
    "rmName" : "openehr",
    "rmRelease" : "1.0.3",
    "generated" : true,
    "otherMetaData" : { },
    "originalLanguage" : {
      "terminologyId" : {
        "value" : "ISO_639-1"
      },
      "codeString" : "en"
    },
    "translations" : [ ]
  }, {
    "@type" : "TEMPLATE_OVERLAY",
    "uid" : "735a0845-3cfc-4945-9b97-4f60846afb24",
    "description" : {
      "@type" : "RESOURCE_DESCRIPTION",
      "originalAuthor" : { },
      "otherContributors" : [ ],
      "ipAcknowledgements" : { },
      "references" : { },
      "conversionDetails" : { },
      "otherDetails" : { },
      "details" : { }
    },
    "annotations" : {
      "@type" : "RESOURCE_ANNOTATIONS",
      "documentation" : {
        "en" : {
          "/data[at0001.1]/events[at0002.1]/data[at0003.1]/items[at0028]" : {
            "Notes.Authors Note" : "AOFAS- P1"
          },
          "/data[at0001.1]/events[at0002.1]/data[at0003.1]/items[at0043]" : {
            "Notes.Authors Note" : "AOFAS-F3"
          },
          "/data[at0001.1]/events[at0002.1]/data[at0003.1]/items[at0038]" : {
            "Notes.Authors Note" : "AOFAS-F2"
          },
          "/data[at0001.1]/events[at0002.1]/data[at0003.1]/items[at0033]" : {
            "Notes.Authors Note" : "AOFAS-F1"
          }
        }
      }
    },
    "parentArchetypeId" : "openEHR-EHR-OBSERVATION.aofas.v0",
    "differential" : true,
    "archetypeId" : {
      "@type" : "ARCHETYPE_HRID",
      "value" : "openEHR-EHR-OBSERVATION.ovl-aofas-001.v0"
    },
    "definition" : {
      "@type" : "C_COMPLEX_OBJECT",
      "rmTypeName" : "OBSERVATION",
      "nodeId" : "at0000.1",
      "attributes" : [ {
        "@type" : "C_ATTRIBUTE",
        "rmAttributeName" : "data",
        "children" : [ {
          "@type" : "C_COMPLEX_OBJECT",
          "rmTypeName" : "HISTORY",
          "nodeId" : "at0001.1",
          "attributes" : [ {
            "@type" : "C_ATTRIBUTE",
            "rmAttributeName" : "events",
            "cardinality" : {
              "@type" : "CARDINALITY",
              "interval" : "1..*",
              "ordered" : false,
              "unique" : false
            },
            "children" : [ {
              "@type" : "C_COMPLEX_OBJECT",
              "rmTypeName" : "POINT_EVENT",
              "nodeId" : "at0002.1",
              "attributes" : [ {
                "@type" : "C_ATTRIBUTE",
                "rmAttributeName" : "data",
                "children" : [ {
                  "@type" : "C_COMPLEX_OBJECT",
                  "rmTypeName" : "ITEM_TREE",
                  "nodeId" : "at0003.1",
                  "attributes" : [ ],
                  "attributeTuples" : [ ]
                } ]
              }, {
                "@type" : "C_ATTRIBUTE",
                "rmAttributeName" : "state",
                "children" : [ {
                  "@type" : "C_COMPLEX_OBJECT",
                  "rmTypeName" : "ITEM_TREE",
                  "nodeId" : "at0006.1",
                  "attributes" : [ ],
                  "attributeTuples" : [ ]
                } ]
              } ],
              "attributeTuples" : [ ]
            } ]
          } ],
          "attributeTuples" : [ ]
        } ]
      }, {
        "@type" : "C_ATTRIBUTE",
        "rmAttributeName" : "protocol",
        "children" : [ {
          "@type" : "C_COMPLEX_OBJECT",
          "rmTypeName" : "ITEM_TREE",
          "nodeId" : "at0004.1",
          "attributes" : [ ],
          "attributeTuples" : [ ]
        } ]
      } ],
      "attributeTuples" : [ ]
    },
    "terminology" : {
      "@type" : "ARCHETYPE_TERMINOLOGY",
      "conceptCode" : "at0000",
      "termDefinitions" : {
        "en" : { }
      },
      "termBindings" : { },
      "terminologyExtracts" : { },
      "valueSets" : { }
    },
    "adlVersion" : "1.4",
    "buildUid" : "939b63ed-17f1-4a7a-b731-ece6e9976d32",
    "rmName" : "openehr",
    "rmRelease" : "1.0.3",
    "generated" : true,
    "otherMetaData" : { },
    "originalLanguage" : {
      "terminologyId" : {
        "value" : "ISO_639-1"
      },
      "codeString" : "en"
    },
    "translations" : [ ]
  }, {
    "@type" : "TEMPLATE_OVERLAY",
    "uid" : "04a69f39-ecc4-429a-9117-779cdf4316ed",
    "description" : {
      "@type" : "RESOURCE_DESCRIPTION",
      "originalAuthor" : { },
      "otherContributors" : [ ],
      "ipAcknowledgements" : { },
      "references" : { },
      "conversionDetails" : { },
      "otherDetails" : { },
      "details" : { }
    },
    "annotations" : {
      "@type" : "RESOURCE_ANNOTATIONS",
      "documentation" : {
        "en" : {
          "/data[at0001.1]/events[at0002.1]/data[at0003.1]/items[at0008]/items[at0010]" : {
            "Notes.Authors Note" : "AOS COFAS-P2"
          },
          "/data[at0001.1]/events[at0002.1]/data[at0003.1]/items[at0008]/items[at0009]" : {
            "Notes.Authors Note" : "AOS COFAS-P1"
          },
          "/data[at0001.1]/events[at0002.1]/data[at0003.1]/items[at0008]/items[at0011]" : {
            "Notes.Authors Note" : "AOS COFAS P3"
          },
          "/data[at0001.1]/events[at0002.1]/data[at0003.1]/items[at0008]/items[at0012]" : {
            "Notes.Authors Note" : "AOS COFAS-P4"
          },
          "/data[at0001.1]/events[at0002.1]/data[at0003.1]/items[at0008]/items[at0013]" : {
            "Notes.Authors Note" : "AOS COFAS-P5"
          },
          "/data[at0001.1]/events[at0002.1]/data[at0003.1]/items[at0008]/items[at0014]" : {
            "Notes.Authors Note" : "AOS-COFAS-P6"
          },
          "/data[at0001.1]/events[at0002.1]/data[at0003.1]/items[at0008]/items[at0015]" : {
            "Notes.Authors Note" : "AOS COFAS-P7"
          },
          "/data[at0001.1]/events[at0002.1]/data[at0003.1]/items[at0008]/items[at0016]" : {
            "Notes.Authors Note" : "AOS COFAS-P8"
          },
          "/data[at0001.1]/events[at0002.1]/data[at0003.1]/items[at0008]/items[at0017]" : {
            "Notes.Authors Note" : "AOS COFAS-P9"
          },
          "/data[at0001.1]/events[at0002.1]/data[at0003.1]/items[at0019]/items[at0020]" : {
            "Notes.Authors Note" : "AOS COFAS-D1"
          },
          "/data[at0001.1]/events[at0002.1]/data[at0003.1]/items[at0019]/items[at0021]" : {
            "Notes.Authors Note" : "AOS COFAS-D2"
          },
          "/data[at0001.1]/events[at0002.1]/data[at0003.1]/items[at0019]/items[at0022]" : {
            "Notes.Authors Note" : "AOS COFAS-D3"
          },
          "/data[at0001.1]/events[at0002.1]/data[at0003.1]/items[at0019]/items[at0023]" : {
            "Notes.Authors Note" : "AOS COFAS-D4"
          },
          "/data[at0001.1]/events[at0002.1]/data[at0003.1]/items[at0019]/items[at0024]" : {
            "Notes.Authors Note" : "AOS COFAS-D5"
          },
          "/data[at0001.1]/events[at0002.1]/data[at0003.1]/items[at0019]/items[at0025]" : {
            "Notes.Authors Note" : "AOS-COFAS-D6"
          },
          "/data[at0001.1]/events[at0002.1]/data[at0003.1]/items[at0019]/items[at0026]" : {
            "Notes.Authors Note" : "AOS COFAS-D7"
          },
          "/data[at0001.1]/events[at0002.1]/data[at0003.1]/items[at0019]/items[at0027]" : {
            "Notes.Authors Note" : "AOS COFAS-D8"
          },
          "/data[at0001.1]/events[at0002.1]/data[at0003.1]/items[at0019]/items[at0028]" : {
            "Notes.Authors Note" : "AOS COFAS-D9"
          }
        }
      }
    },
    "parentArchetypeId" : "openEHR-EHR-OBSERVATION.aos_score.v0",
    "differential" : true,
    "archetypeId" : {
      "@type" : "ARCHETYPE_HRID",
      "value" : "openEHR-EHR-OBSERVATION.ovl-aos_score-002.v0"
    },
    "definition" : {
      "@type" : "C_COMPLEX_OBJECT",
      "rmTypeName" : "OBSERVATION",
      "nodeId" : "at0000.1",
      "attributes" : [ {
        "@type" : "C_ATTRIBUTE",
        "rmAttributeName" : "data",
        "children" : [ {
          "@type" : "C_COMPLEX_OBJECT",
          "rmTypeName" : "HISTORY",
          "nodeId" : "at0001.1",
          "attributes" : [ {
            "@type" : "C_ATTRIBUTE",
            "rmAttributeName" : "events",
            "cardinality" : {
              "@type" : "CARDINALITY",
              "interval" : "1..*",
              "ordered" : false,
              "unique" : false
            },
            "children" : [ {
              "@type" : "C_COMPLEX_OBJECT",
              "rmTypeName" : "POINT_EVENT",
              "nodeId" : "at0002.1",
              "attributes" : [ {
                "@type" : "C_ATTRIBUTE",
                "rmAttributeName" : "data",
                "children" : [ {
                  "@type" : "C_COMPLEX_OBJECT",
                  "rmTypeName" : "ITEM_TREE",
                  "nodeId" : "at0003.1",
                  "attributes" : [ ],
                  "attributeTuples" : [ ]
                } ]
              }, {
                "@type" : "C_ATTRIBUTE",
                "rmAttributeName" : "state",
                "children" : [ {
                  "@type" : "C_COMPLEX_OBJECT",
                  "rmTypeName" : "ITEM_TREE",
                  "nodeId" : "at0006.1",
                  "attributes" : [ ],
                  "attributeTuples" : [ ]
                } ]
              } ],
              "attributeTuples" : [ ]
            } ]
          } ],
          "attributeTuples" : [ ]
        } ]
      }, {
        "@type" : "C_ATTRIBUTE",
        "rmAttributeName" : "protocol",
        "children" : [ {
          "@type" : "C_COMPLEX_OBJECT",
          "rmTypeName" : "ITEM_TREE",
          "nodeId" : "at0004.1",
          "attributes" : [ ],
          "attributeTuples" : [ ]
        } ]
      } ],
      "attributeTuples" : [ ]
    },
    "terminology" : {
      "@type" : "ARCHETYPE_TERMINOLOGY",
      "conceptCode" : "at0000",
      "termDefinitions" : {
        "en" : { }
      },
      "termBindings" : { },
      "terminologyExtracts" : { },
      "valueSets" : { }
    },
    "adlVersion" : "1.4",
    "buildUid" : "f4bc1aa2-fc76-4a11-a488-51c71e733401",
    "rmName" : "openehr",
    "rmRelease" : "1.0.3",
    "generated" : true,
    "otherMetaData" : { },
    "originalLanguage" : {
      "terminologyId" : {
        "value" : "ISO_639-1"
      },
      "codeString" : "en"
    },
    "translations" : [ ]
  }, {
    "@type" : "TEMPLATE_OVERLAY",
    "uid" : "91e5614f-2336-49ff-a066-2ab8183bda70",
    "description" : {
      "@type" : "RESOURCE_DESCRIPTION",
      "originalAuthor" : { },
      "otherContributors" : [ ],
      "ipAcknowledgements" : { },
      "references" : { },
      "conversionDetails" : { },
      "otherDetails" : { },
      "details" : { }
    },
    "annotations" : {
      "@type" : "RESOURCE_ANNOTATIONS",
      "documentation" : {
        "en" : {
          "/data[at0001.1]/events[at0002.1]/data[at0003.1]/items[at0008]" : {
            "Notes.Authors Note" : "ATRS-1"
          },
          "/data[at0001.1]/events[at0002.1]/data[at0003.1]/items[at0009]" : {
            "Notes.Authors Note" : "ATRS-2"
          },
          "/data[at0001.1]/events[at0002.1]/data[at0003.1]/items[at0010]" : {
            "Notes.Authors Note" : "ATRS-3"
          },
          "/data[at0001.1]/events[at0002.1]/data[at0003.1]/items[at0011]" : {
            "Notes.Authors Note" : "ATRS-4"
          },
          "/data[at0001.1]/events[at0002.1]/data[at0003.1]/items[at0012]" : {
            "Notes.Authors Note" : "ATRS-5"
          },
          "/data[at0001.1]/events[at0002.1]/data[at0003.1]/items[at0013]" : {
            "Notes.Authors Note" : "ATRS-6"
          },
          "/data[at0001.1]/events[at0002.1]/data[at0003.1]/items[at0014]" : {
            "Notes.Authors Note" : "ATRS-7"
          },
          "/data[at0001.1]/events[at0002.1]/data[at0003.1]/items[at0015]" : {
            "Notes.Authors Note" : "ATRS-8"
          },
          "/data[at0001.1]/events[at0002.1]/data[at0003.1]/items[at0016]" : {
            "Notes.Authors Note" : "ATRS-9"
          },
          "/data[at0001.1]/events[at0002.1]/data[at0003.1]/items[at0017]" : {
            "Notes.Authors Note" : "ATRS-10"
          }
        }
      }
    },
    "parentArchetypeId" : "openEHR-EHR-OBSERVATION.atrs.v0",
    "differential" : true,
    "archetypeId" : {
      "@type" : "ARCHETYPE_HRID",
      "value" : "openEHR-EHR-OBSERVATION.ovl-atrs-003.v0"
    },
    "definition" : {
      "@type" : "C_COMPLEX_OBJECT",
      "rmTypeName" : "OBSERVATION",
      "nodeId" : "at0000.1",
      "attributes" : [ {
        "@type" : "C_ATTRIBUTE",
        "rmAttributeName" : "data",
        "children" : [ {
          "@type" : "C_COMPLEX_OBJECT",
          "rmTypeName" : "HISTORY",
          "nodeId" : "at0001.1",
          "attributes" : [ {
            "@type" : "C_ATTRIBUTE",
            "rmAttributeName" : "events",
            "cardinality" : {
              "@type" : "CARDINALITY",
              "interval" : "1..*",
              "ordered" : false,
              "unique" : false
            },
            "children" : [ {
              "@type" : "C_COMPLEX_OBJECT",
              "rmTypeName" : "POINT_EVENT",
              "nodeId" : "at0002.1",
              "attributes" : [ {
                "@type" : "C_ATTRIBUTE",
                "rmAttributeName" : "data",
                "children" : [ {
                  "@type" : "C_COMPLEX_OBJECT",
                  "rmTypeName" : "ITEM_TREE",
                  "nodeId" : "at0003.1",
                  "attributes" : [ ],
                  "attributeTuples" : [ ]
                } ]
              }, {
                "@type" : "C_ATTRIBUTE",
                "rmAttributeName" : "state",
                "children" : [ {
                  "@type" : "C_COMPLEX_OBJECT",
                  "rmTypeName" : "ITEM_TREE",
                  "nodeId" : "at0006.1",
                  "attributes" : [ ],
                  "attributeTuples" : [ ]
                } ]
              } ],
              "attributeTuples" : [ ]
            } ]
          } ],
          "attributeTuples" : [ ]
        } ]
      }, {
        "@type" : "C_ATTRIBUTE",
        "rmAttributeName" : "protocol",
        "children" : [ {
          "@type" : "C_COMPLEX_OBJECT",
          "rmTypeName" : "ITEM_TREE",
          "nodeId" : "at0004.1",
          "attributes" : [ ],
          "attributeTuples" : [ ]
        } ]
      } ],
      "attributeTuples" : [ ]
    },
    "terminology" : {
      "@type" : "ARCHETYPE_TERMINOLOGY",
      "conceptCode" : "at0000",
      "termDefinitions" : {
        "en" : { }
      },
      "termBindings" : { },
      "terminologyExtracts" : { },
      "valueSets" : { }
    },
    "adlVersion" : "1.4",
    "buildUid" : "1d606868-59ed-4e44-8289-114019ccba9b",
    "rmName" : "openehr",
    "rmRelease" : "1.0.3",
    "generated" : true,
    "otherMetaData" : { },
    "originalLanguage" : {
      "terminologyId" : {
        "value" : "ISO_639-1"
      },
      "codeString" : "en"
    },
    "translations" : [ ]
  }, {
    "@type" : "TEMPLATE_OVERLAY",
    "uid" : "cd1e2a90-7923-4faa-8cd2-be5c63aa7291",
    "description" : {
      "@type" : "RESOURCE_DESCRIPTION",
      "originalAuthor" : { },
      "otherContributors" : [ ],
      "ipAcknowledgements" : { },
      "references" : { },
      "conversionDetails" : { },
      "otherDetails" : { },
      "details" : { }
    },
    "annotations" : {
      "@type" : "RESOURCE_ANNOTATIONS",
      "documentation" : {
        "en" : {
          "/data[at0001.1]/events[at0002.1]/data[at0003.1]/items[at0008]" : {
            "Notes.Authors Note" : "MOXFQ-1"
          },
          "/data[at0001.1]/events[at0002.1]/data[at0003.1]/items[at0014]" : {
            "Notes.Authors Note" : "MOXFQ-2"
          },
          "/data[at0001.1]/events[at0002.1]/data[at0003.1]/items[at0020]" : {
            "Notes.Authors Note" : "MOXFQ3"
          },
          "/data[at0001.1]/events[at0002.1]/data[at0003.1]/items[at0026]" : {
            "Notes.Authors Note" : "MOXFQ-4"
          },
          "/data[at0001.1]/events[at0002.1]/data[at0003.1]/items[at0032]" : {
            "Notes.Authors Note" : "MOXFQ-5"
          },
          "/data[at0001.1]/events[at0002.1]/data[at0003.1]/items[at0038]" : {
            "Notes.Authors Note" : "MOXFQ-6"
          },
          "/data[at0001.1]/events[at0002.1]/data[at0003.1]/items[at0044]" : {
            "Notes.Authors Note" : "MOXFQ-7"
          },
          "/data[at0001.1]/events[at0002.1]/data[at0003.1]/items[at0050]" : {
            "Notes.Authors Note" : "MOXFQ-8"
          },
          "/data[at0001.1]/events[at0002.1]/data[at0003.1]/items[at0056]" : {
            "Notes.Authors Note" : "MOXFQ-9"
          },
          "/data[at0001.1]/events[at0002.1]/data[at0003.1]/items[at0062]" : {
            "Notes.Authors Note" : "MOXFQ10"
          },
          "/data[at0001.1]/events[at0002.1]/data[at0003.1]/items[at0068]" : {
            "Notes.Authors Note" : "MOXFQ-11"
          },
          "/data[at0001.1]/events[at0002.1]/data[at0003.1]/items[at0074]" : {
            "Notes.Authors Note" : "MOXFQ-12"
          },
          "/data[at0001.1]/events[at0002.1]/data[at0003.1]/items[at0080]" : {
            "Notes.Authors Note" : "MOXFQ-13"
          },
          "/data[at0001.1]/events[at0002.1]/data[at0003.1]/items[at0086]" : {
            "Notes.Authors Note" : "MOXFQ-14"
          },
          "/data[at0001.1]/events[at0002.1]/data[at0003.1]/items[at0092]" : {
            "Notes.Authors Note" : "MOXFQ-15"
          },
          "/data[at0001.1]/events[at0002.1]/data[at0003.1]/items[at0098]" : {
            "Notes.Authors Note" : "MOXFQ-16"
          }
        }
      }
    },
    "parentArchetypeId" : "openEHR-EHR-OBSERVATION.moxfq.v0",
    "differential" : true,
    "archetypeId" : {
      "@type" : "ARCHETYPE_HRID",
      "value" : "openEHR-EHR-OBSERVATION.ovl-moxfq-004.v0"
    },
    "definition" : {
      "@type" : "C_COMPLEX_OBJECT",
      "rmTypeName" : "OBSERVATION",
      "nodeId" : "at0000.1",
      "attributes" : [ {
        "@type" : "C_ATTRIBUTE",
        "rmAttributeName" : "data",
        "children" : [ {
          "@type" : "C_COMPLEX_OBJECT",
          "rmTypeName" : "HISTORY",
          "nodeId" : "at0001.1",
          "attributes" : [ {
            "@type" : "C_ATTRIBUTE",
            "rmAttributeName" : "events",
            "cardinality" : {
              "@type" : "CARDINALITY",
              "interval" : "1..*",
              "ordered" : false,
              "unique" : false
            },
            "children" : [ {
              "@type" : "C_COMPLEX_OBJECT",
              "rmTypeName" : "POINT_EVENT",
              "nodeId" : "at0002.1",
              "attributes" : [ {
                "@type" : "C_ATTRIBUTE",
                "rmAttributeName" : "data",
                "children" : [ {
                  "@type" : "C_COMPLEX_OBJECT",
                  "rmTypeName" : "ITEM_TREE",
                  "nodeId" : "at0003.1",
                  "attributes" : [ ],
                  "attributeTuples" : [ ]
                } ]
              }, {
                "@type" : "C_ATTRIBUTE",
                "rmAttributeName" : "state",
                "children" : [ {
                  "@type" : "C_COMPLEX_OBJECT",
                  "rmTypeName" : "ITEM_TREE",
                  "nodeId" : "at0004.1",
                  "attributes" : [ ],
                  "attributeTuples" : [ ]
                } ]
              } ],
              "attributeTuples" : [ ]
            } ]
          } ],
          "attributeTuples" : [ ]
        } ]
      }, {
        "@type" : "C_ATTRIBUTE",
        "rmAttributeName" : "protocol",
        "children" : [ {
          "@type" : "C_COMPLEX_OBJECT",
          "rmTypeName" : "ITEM_TREE",
          "nodeId" : "at0005.1",
          "attributes" : [ ],
          "attributeTuples" : [ ]
        } ]
      } ],
      "attributeTuples" : [ ]
    },
    "terminology" : {
      "@type" : "ARCHETYPE_TERMINOLOGY",
      "conceptCode" : "at0000",
      "termDefinitions" : {
        "en" : { }
      },
      "termBindings" : { },
      "terminologyExtracts" : { },
      "valueSets" : { }
    },
    "adlVersion" : "1.4",
    "buildUid" : "c2f53ad9-2ae5-4612-bb9b-897e08bc8b7d",
    "rmName" : "openehr",
    "rmRelease" : "1.0.3",
    "generated" : true,
    "otherMetaData" : { },
    "originalLanguage" : {
      "terminologyId" : {
        "value" : "ISO_639-1"
      },
      "codeString" : "en"
    },
    "translations" : [ ]
  }, {
    "@type" : "TEMPLATE_OVERLAY",
    "uid" : "7e289b5c-e123-4dc0-9aad-548352b64915",
    "description" : {
      "@type" : "RESOURCE_DESCRIPTION",
      "originalAuthor" : { },
      "otherContributors" : [ ],
      "ipAcknowledgements" : { },
      "references" : { },
      "conversionDetails" : { },
      "otherDetails" : { },
      "details" : { }
    },
    "parentArchetypeId" : "openEHR-EHR-OBSERVATION.story.v1",
    "differential" : true,
    "archetypeId" : {
      "@type" : "ARCHETYPE_HRID",
      "value" : "openEHR-EHR-OBSERVATION.ovl-story-005.v1"
    },
    "definition" : {
      "@type" : "C_COMPLEX_OBJECT",
      "rmTypeName" : "OBSERVATION",
      "nodeId" : "at0000.1",
      "attributes" : [ {
        "@type" : "C_ATTRIBUTE",
        "rmAttributeName" : "data",
        "children" : [ {
          "@type" : "C_COMPLEX_OBJECT",
          "rmTypeName" : "HISTORY",
          "nodeId" : "at0001.1",
          "attributes" : [ {
            "@type" : "C_ATTRIBUTE",
            "rmAttributeName" : "events",
            "cardinality" : {
              "@type" : "CARDINALITY",
              "interval" : "1..*",
              "ordered" : false,
              "unique" : false
            },
            "children" : [ {
              "@type" : "C_COMPLEX_OBJECT",
              "rmTypeName" : "EVENT",
              "nodeId" : "at0002.1",
              "attributes" : [ {
                "@type" : "C_ATTRIBUTE",
                "rmAttributeName" : "data",
                "children" : [ {
                  "@type" : "C_COMPLEX_OBJECT",
                  "rmTypeName" : "ITEM_TREE",
                  "nodeId" : "at0003.1",
                  "attributes" : [ {
                    "@type" : "C_ATTRIBUTE",
                    "rmAttributeName" : "items",
                    "cardinality" : {
                      "@type" : "CARDINALITY",
                      "interval" : "1..*",
                      "ordered" : false,
                      "unique" : false
                    },
                    "children" : [ {
                      "@type" : "C_COMPLEX_OBJECT",
                      "rmTypeName" : "ELEMENT",
                      "occurrences" : "0..0",
                      "nodeId" : "at0004.1",
                      "attributes" : [ ],
                      "attributeTuples" : [ ]
                    }, {
                      "@type" : "C_ARCHETYPE_ROOT",
                      "rmTypeName" : "CLUSTER",
                      "occurrences" : "0..*",
                      "nodeId" : "at0006.1",
                      "attributes" : [ ],
                      "attributeTuples" : [ ],
                      "archetypeRef" : "openEHR-EHR-CLUSTER.ovl-pain_vas-006.v0",
                      "referenceType" : "archetypeOverlay"
                    } ]
                  } ],
                  "attributeTuples" : [ ]
                } ]
              } ],
              "attributeTuples" : [ ]
            } ]
          } ],
          "attributeTuples" : [ ]
        } ]
      }, {
        "@type" : "C_ATTRIBUTE",
        "rmAttributeName" : "protocol",
        "children" : [ {
          "@type" : "C_COMPLEX_OBJECT",
          "rmTypeName" : "ITEM_TREE",
          "nodeId" : "at0007.1",
          "attributes" : [ ],
          "attributeTuples" : [ ]
        } ]
      } ],
      "attributeTuples" : [ ]
    },
    "terminology" : {
      "@type" : "ARCHETYPE_TERMINOLOGY",
      "conceptCode" : "at0000",
      "termDefinitions" : {
        "ar-sy" : {
          "at0000.1" : {
            "@type" : "ARCHETYPE_TERM",
            "code" : "at0000.1",
            "text" : "Pain VAS",
            "description" : "*The subjective clinical history of the subject of care as recorded directly by the subject, or reported to a clinician by the subject or a carer.(en)"
          }
        },
        "en" : {
          "at0000.1" : {
            "@type" : "ARCHETYPE_TERM",
            "code" : "at0000.1",
            "text" : "Pain VAS",
            "description" : "The subjective clinical history of the subject of care as recorded directly by the subject, or reported to a clinician by the subject or a carer."
          }
        },
        "es-ar" : {
          "at0000.1" : {
            "@type" : "ARCHETYPE_TERM",
            "code" : "at0000.1",
            "text" : "Pain VAS",
            "description" : "*The subjective clinical history of the subject of care as recorded directly by the subject, or reported to a clinician by the subject or a carer.(en)"
          }
        },
        "ko" : {
          "at0000.1" : {
            "@type" : "ARCHETYPE_TERM",
            "code" : "at0000.1",
            "text" : "Pain VAS",
            "description" : "*The subjective clinical history of the subject of care as recorded directly by the subject, or reported to a clinician by the subject or a carer.(en)"
          }
        },
        "nb" : {
          "at0000.1" : {
            "@type" : "ARCHETYPE_TERM",
            "code" : "at0000.1",
            "text" : "Pain VAS",
            "description" : "Et individs sykehistorie/anamnese, som fortalt til kliniker eller dokumentert direkte av individet."
          }
        },
        "pt-br" : {
          "at0000.1" : {
            "@type" : "ARCHETYPE_TERM",
            "code" : "at0000.1",
            "text" : "Pain VAS",
            "description" : "A história clínica subjetiva do sujeito do cuidado como registrada diretamente por ele, ou relatada a um médico pelo sujeito ou por um cuidador."
          }
        }
      },
      "termBindings" : { },
      "terminologyExtracts" : { },
      "valueSets" : { }
    },
    "adlVersion" : "1.4",
    "buildUid" : "cd5b730e-cac8-4f01-8abf-e2355c541572",
    "rmName" : "openehr",
    "rmRelease" : "1.0.3",
    "generated" : true,
    "otherMetaData" : { },
    "originalLanguage" : {
      "terminologyId" : {
        "value" : "ISO_639-1"
      },
      "codeString" : "en"
    },
    "translations" : [ {
      "@type" : "TRANSLATION_DETAILS",
      "language" : {
        "terminologyId" : {
          "value" : "ISO_639-1"
        },
        "codeString" : "ko"
      },
      "author" : {
        "name" : "Seung-Jong Yu",
        "organisation" : "NOUSCO Co.,Ltd.",
        "email" : "seungjong.yu@gmail.com"
      },
      "accreditation" : "Certified board of Family medicine",
      "otherDetails" : { }
    }, {
      "@type" : "TRANSLATION_DETAILS",
      "language" : {
        "terminologyId" : {
          "value" : "ISO_639-1"
        },
        "codeString" : "es-ar"
      },
      "author" : {
        "name" : "Guillermo Palli"
      },
      "otherDetails" : { }
    }, {
      "@type" : "TRANSLATION_DETAILS",
      "language" : {
        "terminologyId" : {
          "value" : "ISO_639-1"
        },
        "codeString" : "nb"
      },
      "author" : {
        "name" : "Silje Ljosland Bakke",
        "organisation" : "Nasjonal IKT HF"
      },
      "otherDetails" : { }
    }, {
      "@type" : "TRANSLATION_DETAILS",
      "language" : {
        "terminologyId" : {
          "value" : "ISO_639-1"
        },
        "codeString" : "pt-br"
      },
      "author" : {
        "name" : "Osmeire Chamelette Sanzovo",
        "organisation" : "Hospital Sírio Libanês - SP",
        "email" : "osmeire.acsanzovo@hsl.org.br"
      },
      "otherDetails" : { }
    }, {
      "@type" : "TRANSLATION_DETAILS",
      "language" : {
        "terminologyId" : {
          "value" : "ISO_639-1"
        },
        "codeString" : "ar-sy"
      },
      "author" : {
        "name" : "Mona Saleh"
      },
      "otherDetails" : { }
    } ]
  }, {
    "@type" : "TEMPLATE_OVERLAY",
    "uid" : "f25705a5-1ba4-4b37-9e2a-8fcca529ba06",
    "description" : {
      "@type" : "RESOURCE_DESCRIPTION",
      "originalAuthor" : { },
      "otherContributors" : [ ],
      "ipAcknowledgements" : { },
      "references" : { },
      "conversionDetails" : { },
      "otherDetails" : { },
      "details" : { }
    },
    "parentArchetypeId" : "openEHR-EHR-CLUSTER.pain_vas.v0",
    "differential" : true,
    "archetypeId" : {
      "@type" : "ARCHETYPE_HRID",
      "value" : "openEHR-EHR-CLUSTER.ovl-pain_vas-006.v0"
    },
    "definition" : {
      "@type" : "C_COMPLEX_OBJECT",
      "rmTypeName" : "CLUSTER",
      "nodeId" : "at0000.1",
      "attributes" : [ ],
      "attributeTuples" : [ ]
    },
    "terminology" : {
      "@type" : "ARCHETYPE_TERMINOLOGY",
      "conceptCode" : "at0000",
      "termDefinitions" : {
        "en" : { }
      },
      "termBindings" : { },
      "terminologyExtracts" : { },
      "valueSets" : { }
    },
    "adlVersion" : "1.4",
    "buildUid" : "3ef62f1f-e4f1-4e18-96ce-b0c23fe20ff5",
    "rmName" : "openehr",
    "rmRelease" : "1.0.3",
    "generated" : true,
    "otherMetaData" : { },
    "originalLanguage" : {
      "terminologyId" : {
        "value" : "ISO_639-1"
      },
      "codeString" : "en"
    },
    "translations" : [ ]
  }, {
    "@type" : "TEMPLATE_OVERLAY",
    "uid" : "2b81bbd4-9e0f-45d8-837a-41d87e42ffb5",
    "description" : {
      "@type" : "RESOURCE_DESCRIPTION",
      "originalAuthor" : { },
      "otherContributors" : [ ],
      "ipAcknowledgements" : { },
      "references" : { },
      "conversionDetails" : { },
      "otherDetails" : { },
      "details" : { }
    },
    "annotations" : {
      "@type" : "RESOURCE_ANNOTATIONS",
      "documentation" : {
        "en" : {
          "/data[at0001.1]/events[at0002.1]/data[at0003.1]/items[at0122]/items[at0005]" : {
            "Notes.Authors Note" : "SAFAS-S1"
          },
          "/data[at0001.1]/events[at0002.1]/data[at0003.1]/items[at0122]/items[at0012]" : {
            "Notes.Authors Note" : "SAFAS-S2"
          },
          "/data[at0001.1]/events[at0002.1]/data[at0003.1]/items[at0122]/items[at0018]" : {
            "Notes.Authors Note" : "SAFAS-S3"
          },
          "/data[at0001.1]/events[at0002.1]/data[at0003.1]/items[at0122]/items[at0010]" : {
            "Notes.Authors Note" : "SAFAS-S4"
          },
          "/data[at0001.1]/events[at0002.1]/data[at0003.1]/items[at0122]/items[at0026]" : {
            "Notes.Authors Note" : "SAFAS-S5"
          },
          "/data[at0001.1]/events[at0002.1]/data[at0003.1]/items[at0122]/items[at0031]" : {
            "Notes.Authors Note" : "SAFAS-S6"
          },
          "/data[at0001.1]/events[at0002.1]/data[at0003.1]/items[at0122]/items[at0038]" : {
            "Notes.Authors Note" : "SAFAS-S7"
          },
          "/data[at0001.1]/events[at0002.1]/data[at0003.1]/items[at0122]/items[at0050]" : {
            "Notes.Authors Note" : "SAFAS-S8"
          },
          "/data[at0001.1]/events[at0002.1]/data[at0003.1]/items[at0122]/items[at0056]" : {
            "Notes.Authors Note" : "SAFAS-S9"
          },
          "/data[at0001.1]/events[at0002.1]/data[at0003.1]/items[at0123]/items[at0062]" : {
            "Notes.Authors Note" : "SAFAS-P1"
          },
          "/data[at0001.1]/events[at0002.1]/data[at0003.1]/items[at0123]/items[at0068]" : {
            "Notes.Authors Note" : "SAFAS-P2"
          },
          "/data[at0001.1]/events[at0002.1]/data[at0003.1]/items[at0123]/items[at0074]" : {
            "Notes.Authors Note" : "SAFAS-P3"
          },
          "/data[at0001.1]/events[at0002.1]/data[at0003.1]/items[at0123]/items[at0080]" : {
            "Notes.Authors Note" : "SAFAS-P4"
          },
          "/data[at0001.1]/events[at0002.1]/data[at0003.1]/items[at0123]/items[at0086]" : {
            "Notes.Authors Note" : "SAFAS-P5"
          },
          "/data[at0001.1]/events[at0002.1]/data[at0003.1]/items[at0123]/items[at0092]" : {
            "Notes.Authors Note" : "SAFAS-P6"
          },
          "/data[at0001.1]/events[at0002.1]/data[at0003.1]/items[at0123]/items[at0098]" : {
            "Notes.Authors Note" : "SAFAS-P7"
          },
          "/data[at0001.1]/events[at0002.1]/data[at0003.1]/items[at0123]/items[at0104]" : {
            "Notes.Authors Note" : "SAFAS-P8"
          },
          "/data[at0001.1]/events[at0002.1]/data[at0003.1]/items[at0123]/items[at0110]" : {
            "Notes.Authors Note" : "SAFAS-P9"
          },
          "/data[at0001.1]/events[at0002.1]/data[at0003.1]/items[at0123]/items[at0116]" : {
            "Notes.Authors Note" : "SAFAS-P10"
          },
          "/data[at0001.1]/events[at0002.1]/data[at0003.1]/items[at0123]/items[at0124]" : {
            "Notes.Authors Note" : "SAFAS-P11"
          },
          "/data[at0001.1]/events[at0002.1]/data[at0003.1]/items[at0123]/items[at0130]" : {
            "Notes.Authors Note" : "SAFAS-P12"
          },
          "/data[at0001.1]/events[at0002.1]/data[at0003.1]/items[at0123]/items[at0136]" : {
            "Notes.Authors Note" : "SAFAS-P13"
          },
          "/data[at0001.1]/events[at0002.1]/data[at0003.1]/items[at0142]/items[at0143]" : {
            "Notes.Authors Note" : "SAFAS-DL1"
          },
          "/data[at0001.1]/events[at0002.1]/data[at0003.1]/items[at0142]/items[at0149]" : {
            "Notes.Authors Note" : "SAFAS-DL2"
          },
          "/data[at0001.1]/events[at0002.1]/data[at0003.1]/items[at0142]/items[at0155]" : {
            "Notes.Authors Note" : "SAFAS-DL3"
          },
          "/data[at0001.1]/events[at0002.1]/data[at0003.1]/items[at0142]/items[at0161]" : {
            "Notes.Authors Note" : "SAFAS-DL4"
          },
          "/data[at0001.1]/events[at0002.1]/data[at0003.1]/items[at0142]/items[at0167]" : {
            "Notes.Authors Note" : "SAFAS-DL5"
          },
          "/data[at0001.1]/events[at0002.1]/data[at0003.1]/items[at0142]/items[at0173]" : {
            "Notes.Authors Note" : "SAFAS-DL6"
          },
          "/data[at0001.1]/events[at0002.1]/data[at0003.1]/items[at0142]/items[at0179]" : {
            "Notes.Authors Note" : "SAFAS-DL7"
          },
          "/data[at0001.1]/events[at0002.1]/data[at0003.1]/items[at0142]/items[at0185]" : {
            "Notes.Authors Note" : "SAFAS-DL8"
          },
          "/data[at0001.1]/events[at0002.1]/data[at0003.1]/items[at0191]/items[at0192]" : {
            "Notes.Authors Note" : "SAFAS-S1"
          },
          "/data[at0001.1]/events[at0002.1]/data[at0003.1]/items[at0191]/items[at0198]" : {
            "Notes.Authors Note" : "SAFAS-S2"
          },
          "/data[at0001.1]/events[at0002.1]/data[at0003.1]/items[at0191]/items[at0204]" : {
            "Notes.Authors Note" : "SAFAS-S3"
          },
          "/data[at0001.1]/events[at0002.1]/data[at0003.1]/items[at0191]/items[at0210]" : {
            "Notes.Authors Note" : "SAFAS-S4"
          },
          "/data[at0001.1]/events[at0002.1]/data[at0003.1]/items[at0191]/items[at0216]" : {
            "Notes.Authors Note" : "SAFAS-S5"
          },
          "/data[at0001.1]/events[at0002.1]/data[at0003.1]/items[at0191]/items[at0222]" : {
            "Notes.Authors Note" : "SAFAS-S6"
          },
          "/data[at0001.1]/events[at0002.1]/data[at0003.1]/items[at0191]/items[at0228]" : {
            "Notes.Authors Note" : "SAFAS-S7"
          },
          "/data[at0001.1]/events[at0002.1]/data[at0003.1]/items[at0191]/items[at0234]" : {
            "Notes.Authors Note" : "SAFAS-S8"
          },
          "/data[at0001.1]/events[at0002.1]/data[at0003.1]/items[at0191]/items[at0240]" : {
            "Notes.Authors Note" : "SAFAS-S9"
          },
          "/data[at0001.1]/events[at0002.1]/data[at0003.1]/items[at0191]/items[at0246]" : {
            "Notes.Authors Note" : "SAFAS-S10"
          },
          "/data[at0001.1]/events[at0002.1]/data[at0003.1]/items[at0191]/items[at0252]" : {
            "Notes.Authors Note" : "SAFAS-S11"
          },
          "/data[at0001.1]/events[at0002.1]/data[at0003.1]/items[at0191]/items[at0258]" : {
            "Notes.Authors Note" : "SAFAS-S12"
          }
        }
      }
    },
    "parentArchetypeId" : "openEHR-EHR-OBSERVATION.safas.v0",
    "differential" : true,
    "archetypeId" : {
      "@type" : "ARCHETYPE_HRID",
      "value" : "openEHR-EHR-OBSERVATION.ovl-safas-007.v0"
    },
    "definition" : {
      "@type" : "C_COMPLEX_OBJECT",
      "rmTypeName" : "OBSERVATION",
      "nodeId" : "at0000.1",
      "attributes" : [ {
        "@type" : "C_ATTRIBUTE",
        "rmAttributeName" : "data",
        "children" : [ {
          "@type" : "C_COMPLEX_OBJECT",
          "rmTypeName" : "HISTORY",
          "nodeId" : "at0001.1",
          "attributes" : [ {
            "@type" : "C_ATTRIBUTE",
            "rmAttributeName" : "events",
            "cardinality" : {
              "@type" : "CARDINALITY",
              "interval" : "1..*",
              "ordered" : false,
              "unique" : false
            },
            "children" : [ {
              "@type" : "C_COMPLEX_OBJECT",
              "rmTypeName" : "POINT_EVENT",
              "nodeId" : "at0002.1",
              "attributes" : [ {
                "@type" : "C_ATTRIBUTE",
                "rmAttributeName" : "data",
                "children" : [ {
                  "@type" : "C_COMPLEX_OBJECT",
                  "rmTypeName" : "ITEM_TREE",
                  "nodeId" : "at0003.1",
                  "attributes" : [ ],
                  "attributeTuples" : [ ]
                } ]
              }, {
                "@type" : "C_ATTRIBUTE",
                "rmAttributeName" : "state",
                "children" : [ {
                  "@type" : "C_COMPLEX_OBJECT",
                  "rmTypeName" : "ITEM_TREE",
                  "nodeId" : "at0004.1",
                  "attributes" : [ ],
                  "attributeTuples" : [ ]
                } ]
              } ],
              "attributeTuples" : [ ]
            } ]
          } ],
          "attributeTuples" : [ ]
        } ]
      }, {
        "@type" : "C_ATTRIBUTE",
        "rmAttributeName" : "protocol",
        "children" : [ {
          "@type" : "C_COMPLEX_OBJECT",
          "rmTypeName" : "ITEM_TREE",
          "nodeId" : "at0011.1",
          "attributes" : [ ],
          "attributeTuples" : [ ]
        } ]
      } ],
      "attributeTuples" : [ ]
    },
    "terminology" : {
      "@type" : "ARCHETYPE_TERMINOLOGY",
      "conceptCode" : "at0000",
      "termDefinitions" : {
        "en" : { }
      },
      "termBindings" : { },
      "terminologyExtracts" : { },
      "valueSets" : { }
    },
    "adlVersion" : "1.4",
    "buildUid" : "8dfb7cb8-32c1-4402-915e-0fdcbec86355",
    "rmName" : "openehr",
    "rmRelease" : "1.0.3",
    "generated" : true,
    "otherMetaData" : { },
    "originalLanguage" : {
      "terminologyId" : {
        "value" : "ISO_639-1"
      },
      "codeString" : "en"
    },
    "translations" : [ ]
  }, {
    "@type" : "TEMPLATE_OVERLAY",
    "uid" : "febe5062-e989-474a-bfd3-ddbfab8b4dae",
    "description" : {
      "@type" : "RESOURCE_DESCRIPTION",
      "originalAuthor" : { },
      "otherContributors" : [ ],
      "ipAcknowledgements" : { },
      "references" : { },
      "conversionDetails" : { },
      "otherDetails" : { },
      "details" : { }
    },
    "annotations" : {
      "@type" : "RESOURCE_ANNOTATIONS",
      "documentation" : {
        "en" : {
          "/data[at0001.1]/events[at0002.1]/data[at0003.1]/items[at0004]" : {
            "Notes.Authors Note" : "VISAA-1"
          },
          "/data[at0001.1]/events[at0002.1]/data[at0003.1]/items[at0016]" : {
            "Notes.Authors Note" : "VISAA-2"
          },
          "/data[at0001.1]/events[at0002.1]/data[at0003.1]/items[at0017]" : {
            "Notes.Authors Note" : "VISAA-3"
          },
          "/data[at0001.1]/events[at0002.1]/data[at0003.1]/items[at0018]" : {
            "Notes.Authors Note" : "VISAA-4"
          },
          "/data[at0001.1]/events[at0002.1]/data[at0003.1]/items[at0019]" : {
            "Notes.Authors Note" : "VISAA-5"
          },
          "/data[at0001.1]/events[at0002.1]/data[at0003.1]/items[at0020]" : {
            "Notes.Authors Note" : "VISAA-6"
          },
          "/data[at0001.1]/events[at0002.1]/data[at0003.1]/items[at0021]" : {
            "Notes.Authors Note" : "VISAA-7"
          },
          "/data[at0001.1]/events[at0002.1]/data[at0003.1]/items[at0026]" : {
            "Notes.Authors Note" : "VISAA-8a"
          },
          "/data[at0001.1]/events[at0002.1]/data[at0003.1]/items[at0032]" : {
            "Notes.Authors Note" : "VISAA-8b"
          },
          "/data[at0001.1]/events[at0002.1]/data[at0003.1]/items[at0038]" : {
            "Notes.Authors Note" : "VISAA-8c"
          }
        }
      }
    },
    "parentArchetypeId" : "openEHR-EHR-OBSERVATION.visaa.v0",
    "differential" : true,
    "archetypeId" : {
      "@type" : "ARCHETYPE_HRID",
      "value" : "openEHR-EHR-OBSERVATION.ovl-visaa-008.v0"
    },
    "definition" : {
      "@type" : "C_COMPLEX_OBJECT",
      "rmTypeName" : "OBSERVATION",
      "nodeId" : "at0000.1",
      "attributes" : [ {
        "@type" : "C_ATTRIBUTE",
        "rmAttributeName" : "data",
        "children" : [ {
          "@type" : "C_COMPLEX_OBJECT",
          "rmTypeName" : "HISTORY",
          "nodeId" : "at0001.1",
          "attributes" : [ {
            "@type" : "C_ATTRIBUTE",
            "rmAttributeName" : "events",
            "cardinality" : {
              "@type" : "CARDINALITY",
              "interval" : "1..*",
              "ordered" : false,
              "unique" : false
            },
            "children" : [ {
              "@type" : "C_COMPLEX_OBJECT",
              "rmTypeName" : "POINT_EVENT",
              "nodeId" : "at0002.1",
              "attributes" : [ {
                "@type" : "C_ATTRIBUTE",
                "rmAttributeName" : "data",
                "children" : [ {
                  "@type" : "C_COMPLEX_OBJECT",
                  "rmTypeName" : "ITEM_TREE",
                  "nodeId" : "at0003.1",
                  "attributes" : [ ],
                  "attributeTuples" : [ ]
                } ]
              }, {
                "@type" : "C_ATTRIBUTE",
                "rmAttributeName" : "state",
                "children" : [ {
                  "@type" : "C_COMPLEX_OBJECT",
                  "rmTypeName" : "ITEM_TREE",
                  "nodeId" : "at0046.1",
                  "attributes" : [ ],
                  "attributeTuples" : [ ]
                } ]
              } ],
              "attributeTuples" : [ ]
            } ]
          } ],
          "attributeTuples" : [ ]
        } ]
      }, {
        "@type" : "C_ATTRIBUTE",
        "rmAttributeName" : "protocol",
        "children" : [ {
          "@type" : "C_COMPLEX_OBJECT",
          "rmTypeName" : "ITEM_TREE",
          "nodeId" : "at0048.1",
          "attributes" : [ ],
          "attributeTuples" : [ ]
        } ]
      } ],
      "attributeTuples" : [ ]
    },
    "terminology" : {
      "@type" : "ARCHETYPE_TERMINOLOGY",
      "conceptCode" : "at0000",
      "termDefinitions" : {
        "en" : { }
      },
      "termBindings" : { },
      "terminologyExtracts" : { },
      "valueSets" : { }
    },
    "adlVersion" : "1.4",
    "buildUid" : "86acfe40-5ec9-4ce1-8bf3-f06f07abbb58",
    "rmName" : "openehr",
    "rmRelease" : "1.0.3",
    "generated" : true,
    "otherMetaData" : { },
    "originalLanguage" : {
      "terminologyId" : {
        "value" : "ISO_639-1"
      },
      "codeString" : "en"
    },
    "translations" : [ ]
  }, {
    "@type" : "TEMPLATE_OVERLAY",
    "uid" : "e281e1a0-a16b-4ee2-8630-b558824e83b9",
    "description" : {
      "@type" : "RESOURCE_DESCRIPTION",
      "originalAuthor" : { },
      "otherContributors" : [ ],
      "ipAcknowledgements" : { },
      "references" : { },
      "conversionDetails" : { },
      "otherDetails" : { },
      "details" : { }
    },
    "parentArchetypeId" : "openEHR-EHR-OBSERVATION.foot_and_ankle_outcome.v0",
    "differential" : true,
    "archetypeId" : {
      "@type" : "ARCHETYPE_HRID",
      "value" : "openEHR-EHR-OBSERVATION.ovl-foot_and_ankle_outcome-009.v0"
    },
    "definition" : {
      "@type" : "C_COMPLEX_OBJECT",
      "rmTypeName" : "OBSERVATION",
      "nodeId" : "at0000.1",
      "attributes" : [ {
        "@type" : "C_ATTRIBUTE",
        "rmAttributeName" : "data",
        "children" : [ {
          "@type" : "C_COMPLEX_OBJECT",
          "rmTypeName" : "HISTORY",
          "nodeId" : "at0001.1",
          "attributes" : [ {
            "@type" : "C_ATTRIBUTE",
            "rmAttributeName" : "events",
            "cardinality" : {
              "@type" : "CARDINALITY",
              "interval" : "1..*",
              "ordered" : false,
              "unique" : false
            },
            "children" : [ {
              "@type" : "C_COMPLEX_OBJECT",
              "rmTypeName" : "POINT_EVENT",
              "nodeId" : "at0002.1",
              "attributes" : [ {
                "@type" : "C_ATTRIBUTE",
                "rmAttributeName" : "data",
                "children" : [ {
                  "@type" : "C_COMPLEX_OBJECT",
                  "rmTypeName" : "ITEM_TREE",
                  "nodeId" : "at0003.1",
                  "attributes" : [ ],
                  "attributeTuples" : [ ]
                } ]
              }, {
                "@type" : "C_ATTRIBUTE",
                "rmAttributeName" : "state",
                "children" : [ {
                  "@type" : "C_COMPLEX_OBJECT",
                  "rmTypeName" : "ITEM_TREE",
                  "nodeId" : "at0004.1",
                  "attributes" : [ ],
                  "attributeTuples" : [ ]
                } ]
              } ],
              "attributeTuples" : [ ]
            } ]
          } ],
          "attributeTuples" : [ ]
        } ]
      }, {
        "@type" : "C_ATTRIBUTE",
        "rmAttributeName" : "protocol",
        "children" : [ {
          "@type" : "C_COMPLEX_OBJECT",
          "rmTypeName" : "ITEM_TREE",
          "nodeId" : "at0005.1",
          "attributes" : [ ],
          "attributeTuples" : [ ]
        } ]
      } ],
      "attributeTuples" : [ ]
    },
    "terminology" : {
      "@type" : "ARCHETYPE_TERMINOLOGY",
      "conceptCode" : "at0000",
      "termDefinitions" : {
        "en" : { }
      },
      "termBindings" : { },
      "terminologyExtracts" : { },
      "valueSets" : { }
    },
    "adlVersion" : "1.4",
    "buildUid" : "3bee036e-e9af-4dff-9682-138296efd051",
    "rmName" : "openehr",
    "rmRelease" : "1.0.3",
    "generated" : true,
    "otherMetaData" : { },
    "originalLanguage" : {
      "terminologyId" : {
        "value" : "ISO_639-1"
      },
      "codeString" : "en"
    },
    "translations" : [ ]
  } ],
  "originalLanguage" : {
    "terminologyId" : {
      "value" : "ISO_639-1"
    },
    "codeString" : "en"
  },
  "translations" : [ {
    "@type" : "TRANSLATION_DETAILS",
    "language" : {
      "terminologyId" : {
        "value" : "ISO_639-1"
      },
      "codeString" : "es-ar"
    },
    "author" : {
      "name" : "Alan March",
      "organisation" : "Hospital Universitario Austral - Buenos Aires - Argentina",
      "email" : "alandmarch@gmail.com"
    },
    "accreditation" : "physician",
    "otherDetails" : { }
  }, {
    "@type" : "TRANSLATION_DETAILS",
    "language" : {
      "terminologyId" : {
        "value" : "ISO_639-1"
      },
      "codeString" : "nb"
    },
    "author" : {
      "name" : "John Tore Valand",
      "organisation" : "Helse Bergen"
    },
    "otherDetails" : { }
  }, {
    "@type" : "TRANSLATION_DETAILS",
    "language" : {
      "terminologyId" : {
        "value" : "ISO_639-1"
      },
      "codeString" : "pt-br"
    },
    "author" : {
      "name" : "Adriana Kitajima, Débora Farage, Fernanda Maia, Laíse Figueiredo, Marivan Abrahão",
      "organisation" : "Core Consulting",
      "email" : "contato@coreconsulting.com.br"
    },
    "accreditation" : "Hospital Alemão Oswaldo Cruz (HAOC)",
    "otherDetails" : { }
  }, {
    "@type" : "TRANSLATION_DETAILS",
    "language" : {
      "terminologyId" : {
        "value" : "ISO_639-1"
      },
      "codeString" : "sl"
    },
    "author" : {
      "name" : "?"
    },
    "otherDetails" : { }
  }, {
    "@type" : "TRANSLATION_DETAILS",
    "language" : {
      "terminologyId" : {
        "value" : "ISO_639-1"
      },
      "codeString" : "ar-sy"
    },
    "author" : {
      "name" : "Mona Saleh"
    },
    "otherDetails" : { }
  } ]
}