{
  "@type" : "TEMPLATE",
  "uid" : "f473e2ed-7f0a-41c9-9ef6-01632fe6c78b",
  "description" : {
    "@type" : "RESOURCE_DESCRIPTION",
    "originalAuthor" : { },
    "otherContributors" : [ "John Meredith", "Tony Shannon", "Shane McKee", "Ian McNicoll", "Hildi McNicoll", "Paul Miller", "Susan Veitch", "Mark Wardle" ],
    "lifecycleState" : {
      "codeString" : "Initial"
    },
    "ipAcknowledgements" : { },
    "references" : { },
    "conversionDetails" : { },
    "otherDetails" : {
      "MetaDataSet:Sample Set " : "Template metadata sample set ",
      "Acknowledgements" : "",
      "Business Process Level" : "",
      "Care setting" : "",
      "Client group" : "",
      "Clinical Record Element" : "",
      "Copyright" : "",
      "Issues" : "",
      "Owner" : "",
      "Sign off" : "",
      "Speciality" : "",
      "User roles" : "",
      "MD5-CAM-1.0.1" : "e81dc6dfa725289b9e3b6afc1f6f9cbf"
    },
    "details" : {
      "en" : {
        "@type" : "RESOURCE_DESCRIPTION_ITEM",
        "language" : {
          "terminologyId" : {
            "value" : "ISO_639-1"
          },
          "codeString" : "en"
        },
        "purpose" : "Updated Allergies list to use FHIR/openEHR allergies/adverse reaction risk models, aligned with AoMRC headings",
        "use" : "",
        "misuse" : "",
        "originalResourceUri" : { },
        "otherDetails" : { }
      },
      "es-ar" : {
        "@type" : "RESOURCE_DESCRIPTION_ITEM",
        "language" : {
          "terminologyId" : {
            "value" : "ISO_639-1"
          },
          "codeString" : "es-ar"
        },
        "originalResourceUri" : { },
        "otherDetails" : {
          "notes" : "Generated automatically by Adl Designer"
        }
      },
      "pt-br" : {
        "@type" : "RESOURCE_DESCRIPTION_ITEM",
        "language" : {
          "terminologyId" : {
            "value" : "ISO_639-1"
          },
          "codeString" : "pt-br"
        },
        "originalResourceUri" : { },
        "otherDetails" : {
          "notes" : "Generated automatically by Adl Designer"
        }
      }
    }
  },
  "parentArchetypeId" : "openEHR-EHR-COMPOSITION.adverse_reaction_list.v1",
  "differential" : true,
  "archetypeId" : {
    "@type" : "ARCHETYPE_HRID",
    "value" : "openEHR-EHR-COMPOSITION.t_adverse_reaction_list.v1"
  },
  "definition" : {
    "@type" : "C_COMPLEX_OBJECT",
    "rmTypeName" : "COMPOSITION",
    "nodeId" : "at0000.1",
    "attributes" : [ {
      "@type" : "C_ATTRIBUTE",
      "rmAttributeName" : "category",
      "children" : [ {
        "@type" : "C_COMPLEX_OBJECT",
        "rmTypeName" : "DV_CODED_TEXT",
        "attributes" : [ {
          "@type" : "C_ATTRIBUTE",
          "rmAttributeName" : "defining_code",
          "children" : [ {
            "@type" : "C_TERMINOLOGY_CODE",
            "rmTypeName" : "CODE_PHRASE",
            "occurrences" : "1..1",
            "terminologyId" : {
              "value" : "openehr"
            },
            "constraint" : [ "433" ]
          } ]
        } ],
        "attributeTuples" : [ ]
      } ]
    }, {
      "@type" : "C_ATTRIBUTE",
      "rmAttributeName" : "context",
      "children" : [ {
        "@type" : "C_COMPLEX_OBJECT",
        "rmTypeName" : "EVENT_CONTEXT",
        "attributes" : [ {
          "@type" : "C_ATTRIBUTE",
          "rmAttributeName" : "other_context",
          "children" : [ {
            "@type" : "C_COMPLEX_OBJECT",
            "rmTypeName" : "ITEM_TREE",
            "nodeId" : "at0001.1",
            "attributes" : [ {
              "@type" : "C_ATTRIBUTE",
              "rmAttributeName" : "items",
              "cardinality" : {
                "@type" : "CARDINALITY",
                "interval" : "0..*",
                "ordered" : false,
                "unique" : false
              },
              "children" : [ {
                "@type" : "C_ARCHETYPE_ROOT",
                "rmTypeName" : "CLUSTER",
                "occurrences" : "0..*",
                "nodeId" : "at0002.1",
                "attributes" : [ ],
                "attributeTuples" : [ ],
                "archetypeRef" : "openEHR-EHR-CLUSTER.ovl-xds_metadata-000.v0",
                "referenceType" : "archetypeOverlay"
              } ]
            } ],
            "attributeTuples" : [ ]
          } ]
        } ],
        "attributeTuples" : [ ]
      } ]
    }, {
      "@type" : "C_ATTRIBUTE",
      "rmAttributeName" : "content",
      "existence" : "0..1",
      "children" : [ {
        "@type" : "C_ARCHETYPE_ROOT",
        "rmTypeName" : "SECTION",
        "occurrences" : "0..1",
        "nodeId" : "at0.1",
        "attributes" : [ ],
        "attributeTuples" : [ ],
        "archetypeRef" : "openEHR-EHR-SECTION.ovl-allergies_adverse_reactions_rcp-001.v1",
        "referenceType" : "archetypeOverlay"
      } ]
    } ],
    "attributeTuples" : [ ]
  },
  "terminology" : {
    "@type" : "ARCHETYPE_TERMINOLOGY",
    "conceptCode" : "at0000",
    "termDefinitions" : {
      "en" : { },
      "es-ar" : { },
      "pt-br" : { }
    },
    "termBindings" : { },
    "terminologyExtracts" : { },
    "valueSets" : { }
  },
  "adlVersion" : "1.4",
  "buildUid" : "cdd95f46-8e54-3cc5-9cbd-4b2813913d62",
  "rmName" : "openehr",
  "rmRelease" : "1.0.3",
  "generated" : true,
  "templateId" : "IDCR -  Adverse Reaction List.v1",
  "otherMetaData" : { },
  "templateOverlays" : [ {
    "@type" : "TEMPLATE_OVERLAY",
    "uid" : "ae65fb8f-e6ed-4bf6-88d1-271bb55f58cb",
    "description" : {
      "@type" : "RESOURCE_DESCRIPTION",
      "originalAuthor" : { },
      "otherContributors" : [ ],
      "ipAcknowledgements" : { },
      "references" : { },
      "conversionDetails" : { },
      "otherDetails" : { },
      "details" : { }
    },
    "parentArchetypeId" : "openEHR-EHR-CLUSTER.xds_metadata.v0",
    "differential" : true,
    "archetypeId" : {
      "@type" : "ARCHETYPE_HRID",
      "value" : "openEHR-EHR-CLUSTER.ovl-xds_metadata-000.v0"
    },
    "definition" : {
      "@type" : "C_COMPLEX_OBJECT",
      "rmTypeName" : "CLUSTER",
      "nodeId" : "at0000.1",
      "attributes" : [ {
        "@type" : "C_ATTRIBUTE",
        "rmAttributeName" : "items",
        "cardinality" : {
          "@type" : "CARDINALITY",
          "interval" : "1..*",
          "ordered" : false,
          "unique" : false
        },
        "children" : [ {
          "@type" : "C_COMPLEX_OBJECT",
          "rmTypeName" : "ELEMENT",
          "nodeId" : "at0003.1",
          "attributes" : [ {
            "@type" : "C_ATTRIBUTE",
            "rmAttributeName" : "value",
            "children" : [ {
              "@type" : "C_COMPLEX_OBJECT",
              "rmTypeName" : "DV_TEXT",
              "defaultValue" : {
                "@type" : "DV_TEXT",
                "value" : "SNOMED-CT::163221000000102::Allergies and adverse reactions"
              },
              "attributes" : [ ],
              "attributeTuples" : [ ]
            } ]
          } ],
          "attributeTuples" : [ ]
        }, {
          "@type" : "C_COMPLEX_OBJECT",
          "rmTypeName" : "ELEMENT",
          "occurrences" : "0..0",
          "nodeId" : "at0004.1",
          "attributes" : [ ],
          "attributeTuples" : [ ]
        }, {
          "@type" : "C_COMPLEX_OBJECT",
          "rmTypeName" : "ELEMENT",
          "occurrences" : "0..0",
          "nodeId" : "at0011.1",
          "attributes" : [ ],
          "attributeTuples" : [ ]
        }, {
          "@type" : "C_COMPLEX_OBJECT",
          "rmTypeName" : "ELEMENT",
          "occurrences" : "0..0",
          "nodeId" : "at0010.1",
          "attributes" : [ {
            "@type" : "C_ATTRIBUTE",
            "rmAttributeName" : "value",
            "children" : [ {
              "@type" : "C_COMPLEX_OBJECT",
              "rmTypeName" : "DV_MULTIMEDIA",
              "attributes" : [ {
                "@type" : "C_ATTRIBUTE",
                "rmAttributeName" : "media_type",
                "children" : [ {
                  "@type" : "C_TERMINOLOGY_CODE",
                  "rmTypeName" : "CODE_PHRASE",
                  "occurrences" : "1..1",
                  "terminologyId" : {
                    "value" : "openEHR"
                  },
                  "constraint" : [ "406", "407", "408", "414", "415", "416", "417", "418", "419", "420", "421", "422", "423", "424", "427", "429", "517", "518", "387", "388", "389", "390", "391", "392", "393", "394", "395", "396", "397", "398", "399", "400", "409", "410", "411", "412", "413", "401", "402", "404", "405", "519", "637", "682", "683" ]
                } ]
              } ],
              "attributeTuples" : [ ]
            } ]
          } ],
          "attributeTuples" : [ ]
        } ]
      } ],
      "attributeTuples" : [ ]
    },
    "terminology" : {
      "@type" : "ARCHETYPE_TERMINOLOGY",
      "conceptCode" : "at0000",
      "termDefinitions" : {
        "en" : { }
      },
      "termBindings" : { },
      "terminologyExtracts" : { },
      "valueSets" : { }
    },
    "adlVersion" : "1.4",
    "buildUid" : "5e6379f0-14f8-4d4a-8722-788a72b935b1",
    "rmName" : "openehr",
    "rmRelease" : "1.0.3",
    "generated" : true,
    "otherMetaData" : { },
    "originalLanguage" : {
      "terminologyId" : {
        "value" : "ISO_639-1"
      },
      "codeString" : "en"
    },
    "translations" : [ ]
  }, {
    "@type" : "TEMPLATE_OVERLAY",
    "uid" : "045ad331-e815-35b0-a633-120b58eb09f3",
    "description" : {
      "@type" : "RESOURCE_DESCRIPTION",
      "originalAuthor" : { },
      "otherContributors" : [ ],
      "ipAcknowledgements" : { },
      "references" : { },
      "conversionDetails" : { },
      "otherDetails" : { },
      "details" : { }
    },
    "parentArchetypeId" : "openEHR-EHR-SECTION.allergies_adverse_reactions_rcp.v1",
    "differential" : true,
    "archetypeId" : {
      "@type" : "ARCHETYPE_HRID",
      "value" : "openEHR-EHR-SECTION.ovl-allergies_adverse_reactions_rcp-001.v1"
    },
    "definition" : {
      "@type" : "C_COMPLEX_OBJECT",
      "rmTypeName" : "SECTION",
      "nodeId" : "at0000.1",
      "attributes" : [ {
        "@type" : "C_ATTRIBUTE",
        "rmAttributeName" : "items",
        "existence" : "0..1",
        "children" : [ {
          "@type" : "C_ARCHETYPE_ROOT",
          "rmTypeName" : "EVALUATION",
          "occurrences" : "0..*",
          "nodeId" : "at0.1",
          "attributes" : [ ],
          "attributeTuples" : [ ],
          "archetypeRef" : "openEHR-EHR-EVALUATION.ovl-adverse_reaction_risk-002.v1",
          "referenceType" : "archetypeOverlay"
        }, {
          "@type" : "C_ARCHETYPE_ROOT",
          "rmTypeName" : "SECTION",
          "occurrences" : "0..1",
          "nodeId" : "at0.2",
          "attributes" : [ ],
          "attributeTuples" : [ ],
          "archetypeRef" : "openEHR-EHR-SECTION.ovl-adhoc-003.v1",
          "referenceType" : "archetypeOverlay"
        } ]
      } ],
      "attributeTuples" : [ ]
    },
    "terminology" : {
      "@type" : "ARCHETYPE_TERMINOLOGY",
      "conceptCode" : "at0000",
      "termDefinitions" : {
        "en" : { }
      },
      "termBindings" : { },
      "terminologyExtracts" : { },
      "valueSets" : { }
    },
    "adlVersion" : "1.4",
    "buildUid" : "097952a4-a4ff-31fa-ba77-8363ef4cdba7",
    "rmName" : "openehr",
    "rmRelease" : "1.0.3",
    "generated" : true,
    "otherMetaData" : { },
    "originalLanguage" : {
      "terminologyId" : {
        "value" : "ISO_639-1"
      },
      "codeString" : "en"
    },
    "translations" : [ ]
  }, {
    "@type" : "TEMPLATE_OVERLAY",
    "uid" : "f51e1f4d-a244-422d-b01e-429c9214b84b",
    "description" : {
      "@type" : "RESOURCE_DESCRIPTION",
      "originalAuthor" : { },
      "otherContributors" : [ ],
      "ipAcknowledgements" : { },
      "references" : { },
      "conversionDetails" : { },
      "otherDetails" : { },
      "details" : { }
    },
    "annotations" : {
      "@type" : "RESOURCE_ANNOTATIONS",
      "documentation" : {
        "en" : {
          "" : {
            "source" : "openEHR,FHIR"
          },
          "/data[at0001]/items[at0009]/items[at0010]" : {
            "source" : "FHIR, openEHR,DAM"
          },
          "/data[at0001]/items[at0009]/items[at0032]" : {
            "source" : "openEHR"
          },
          "/data[at0001]/items[at0009]/items[at0012]" : {
            "source" : "FHIR, openEHR"
          },
          "/protocol[at0042]/items[at0047]" : {
            "source" : "FHIR, openEHR, DAM"
          },
          "/data[at0001]/items[at0009]/items[at0028]" : {
            "source" : "openEHR"
          },
          "/data[at0001]/items[at0009]/items[at0018]" : {
            "source" : "openEHR"
          },
          "/data[at0001]/items[at0009]" : {
            "source" : "openEHR,FHIR,DAM"
          },
          "/data[at0001]/items[at0002]" : {
            "source" : "openEHR,FHIR,DAM"
          },
          "/data[at0001]/items[at0101]" : {
            "source" : "DAM, openEHR"
          },
          "/data[at0001]/items[at0058]" : {
            "source" : "FHIR, DAM"
          },
          "/data[at0001]/items[at0006]" : {
            "source" : "openEHR"
          },
          "/data[at0001]/items[at0117]" : {
            "source" : "IMH"
          },
          "/protocol[at0042]/items[at0099]/items[at0048]" : {
            "source" : "openEHR"
          },
          "/data[at0001]/items[at0009]/items[at0041]" : {
            "source" : "FHIR, openEHR"
          },
          "/data[at0001]/items[at0009]/items[at0011]" : {
            "source" : "FHIR, openEHR,DAM"
          },
          "/data[at0001]/items[at0009]/items[at0021]" : {
            "source" : "FHIR"
          },
          "/data[at0001]/items[at0009]/items[at0089]" : {
            "source" : "DAM"
          },
          "/data[at0001]/items[at0009]/items[at0025]" : {
            "source" : "openEHR"
          },
          "/data[at0001]/items[at0009]/items[at0027]" : {
            "source" : "openEHR, FHIR, DAM"
          },
          "/data[at0001]/items[at0009]/items[at0029]" : {
            "source" : "FHIR, openEHR"
          },
          "/data[at0001]/items[at0009]/items[at0106]" : {
            "source" : "FHIR, DAM"
          },
          "/protocol[at0042]/items[at0062]" : {
            "source" : "openEHR, FHIR, DAM"
          },
          "/protocol[at0042]/items[at0044]" : {
            "source" : "openEHR"
          },
          "/protocol[at0042]/items[at0099]/items[at0045]" : {
            "source" : "openEHR"
          },
          "/data[at0001]/items[at0009]/items[at0040]" : {
            "source" : "openEHR"
          },
          "/data[at0001]/items[at0009]/items[at0020]" : {
            "source" : "FHIR, openEHR,DAM"
          },
          "/data[at0001]/items[at0063]" : {
            "source" : "FHIR, DAM"
          }
        },
        "pt-br" : {
          "/data[at0001]/items[at0002]" : {
            "source" : "*openEHR,FHIR,DAM(en)"
          },
          "/data[at0001]/items[at0009]/items[at0010]" : {
            "source" : "*FHIR, openEHR,DAM(en)"
          }
        },
        "nb" : { }
      }
    },
    "parentArchetypeId" : "openEHR-EHR-EVALUATION.adverse_reaction_risk.v1",
    "differential" : true,
    "archetypeId" : {
      "@type" : "ARCHETYPE_HRID",
      "value" : "openEHR-EHR-EVALUATION.ovl-adverse_reaction_risk-002.v1"
    },
    "definition" : {
      "@type" : "C_COMPLEX_OBJECT",
      "rmTypeName" : "EVALUATION",
      "nodeId" : "at0000.1",
      "attributes" : [ {
        "@type" : "C_ATTRIBUTE",
        "rmAttributeName" : "data",
        "children" : [ {
          "@type" : "C_COMPLEX_OBJECT",
          "rmTypeName" : "ITEM_TREE",
          "nodeId" : "at0001.1",
          "attributes" : [ {
            "@type" : "C_ATTRIBUTE",
            "rmAttributeName" : "items",
            "cardinality" : {
              "@type" : "CARDINALITY",
              "interval" : "1..*",
              "ordered" : false,
              "unique" : false
            },
            "children" : [ {
              "@type" : "C_COMPLEX_OBJECT",
              "rmTypeName" : "ELEMENT",
              "nodeId" : "at0002.1",
              "attributes" : [ ],
              "attributeTuples" : [ ]
            }, {
              "@type" : "C_COMPLEX_OBJECT",
              "rmTypeName" : "ELEMENT",
              "nodeId" : "at0063.1",
              "attributes" : [ {
                "@type" : "C_ATTRIBUTE",
                "rmAttributeName" : "value",
                "children" : [ {
                  "@type" : "C_COMPLEX_OBJECT",
                  "rmTypeName" : "DV_TEXT",
                  "defaultValue" : {
                    "@type" : "DV_TEXT",
                    "value" : "local::at0065::Confirmed"
                  },
                  "attributes" : [ ],
                  "attributeTuples" : [ ]
                } ]
              } ],
              "attributeTuples" : [ ]
            }, {
              "@type" : "C_COMPLEX_OBJECT",
              "rmTypeName" : "ELEMENT",
              "occurrences" : "0..0",
              "nodeId" : "at0058.1",
              "attributes" : [ {
                "@type" : "C_ATTRIBUTE",
                "rmAttributeName" : "value",
                "children" : [ {
                  "@type" : "C_COMPLEX_OBJECT",
                  "rmTypeName" : "DV_CODED_TEXT",
                  "attributes" : [ {
                    "@type" : "C_ATTRIBUTE",
                    "rmAttributeName" : "defining_code",
                    "children" : [ {
                      "@type" : "C_TERMINOLOGY_CODE",
                      "rmTypeName" : "CODE_PHRASE",
                      "occurrences" : "1..1",
                      "terminologyId" : {
                        "value" : "local"
                      },
                      "constraint" : [ "at0059", "at0060", "at0126" ]
                    } ]
                  } ],
                  "attributeTuples" : [ ]
                }, {
                  "@type" : "C_COMPLEX_OBJECT",
                  "rmTypeName" : "DV_TEXT",
                  "attributes" : [ ],
                  "attributeTuples" : [ ]
                } ]
              } ],
              "attributeTuples" : [ ]
            }, {
              "@type" : "C_COMPLEX_OBJECT",
              "rmTypeName" : "CLUSTER",
              "nodeId" : "at0009",
              "attributes" : [ {
                "@type" : "C_ATTRIBUTE",
                "rmAttributeName" : "items",
                "cardinality" : {
                  "@type" : "CARDINALITY",
                  "interval" : "1..*",
                  "ordered" : false,
                  "unique" : false
                },
                "children" : [ {
                  "@type" : "C_COMPLEX_OBJECT",
                  "rmTypeName" : "ELEMENT",
                  "occurrences" : "0..0",
                  "nodeId" : "at0010.1",
                  "attributes" : [ ],
                  "attributeTuples" : [ ]
                }, {
                  "@type" : "C_COMPLEX_OBJECT",
                  "rmTypeName" : "ELEMENT",
                  "occurrences" : "0..0",
                  "nodeId" : "at0021.1",
                  "attributes" : [ {
                    "@type" : "C_ATTRIBUTE",
                    "rmAttributeName" : "value",
                    "children" : [ {
                      "@type" : "C_COMPLEX_OBJECT",
                      "rmTypeName" : "DV_CODED_TEXT",
                      "attributes" : [ {
                        "@type" : "C_ATTRIBUTE",
                        "rmAttributeName" : "defining_code",
                        "children" : [ {
                          "@type" : "C_TERMINOLOGY_CODE",
                          "rmTypeName" : "CODE_PHRASE",
                          "occurrences" : "1..1",
                          "terminologyId" : {
                            "value" : "local"
                          },
                          "constraint" : [ "at0095", "at0023", "at0118" ]
                        } ]
                      } ],
                      "attributeTuples" : [ ]
                    } ]
                  } ],
                  "attributeTuples" : [ ]
                }, {
                  "@type" : "C_COMPLEX_OBJECT",
                  "rmTypeName" : "ELEMENT",
                  "occurrences" : "0..0",
                  "nodeId" : "at0028.1",
                  "attributes" : [ ],
                  "attributeTuples" : [ ]
                }, {
                  "@type" : "C_COMPLEX_OBJECT",
                  "rmTypeName" : "ELEMENT",
                  "nodeId" : "at0089.1",
                  "attributes" : [ {
                    "@type" : "C_ATTRIBUTE",
                    "rmAttributeName" : "value",
                    "children" : [ {
                      "@type" : "C_COMPLEX_OBJECT",
                      "rmTypeName" : "DV_CODED_TEXT",
                      "attributes" : [ {
                        "@type" : "C_ATTRIBUTE",
                        "rmAttributeName" : "defining_code",
                        "children" : [ {
                          "@type" : "C_TERMINOLOGY_CODE",
                          "rmTypeName" : "CODE_PHRASE",
                          "occurrences" : "1..1",
                          "terminologyId" : {
                            "value" : "local"
                          },
                          "constraint" : [ "at0093", "at0092", "at0090" ]
                        } ]
                      } ],
                      "attributeTuples" : [ ]
                    }, {
                      "@type" : "C_COMPLEX_OBJECT",
                      "rmTypeName" : "DV_TEXT",
                      "attributes" : [ ],
                      "attributeTuples" : [ ]
                    } ]
                  } ],
                  "attributeTuples" : [ ]
                }, {
                  "@type" : "C_COMPLEX_OBJECT",
                  "rmTypeName" : "ELEMENT",
                  "occurrences" : "0..0",
                  "nodeId" : "at0020.1",
                  "attributes" : [ ],
                  "attributeTuples" : [ ]
                }, {
                  "@type" : "C_COMPLEX_OBJECT",
                  "rmTypeName" : "ELEMENT",
                  "occurrences" : "0..0",
                  "nodeId" : "at0025.1",
                  "attributes" : [ ],
                  "attributeTuples" : [ ]
                }, {
                  "@type" : "C_COMPLEX_OBJECT",
                  "rmTypeName" : "ELEMENT",
                  "occurrences" : "0..0",
                  "nodeId" : "at0018.1",
                  "attributes" : [ ],
                  "attributeTuples" : [ ]
                }, {
                  "@type" : "C_COMPLEX_OBJECT",
                  "rmTypeName" : "ELEMENT",
                  "occurrences" : "0..0",
                  "nodeId" : "at0040.1",
                  "attributes" : [ ],
                  "attributeTuples" : [ ]
                }, {
                  "@type" : "C_COMPLEX_OBJECT",
                  "rmTypeName" : "ELEMENT",
                  "nodeId" : "at0032.1",
                  "attributes" : [ ],
                  "attributeTuples" : [ ]
                } ]
              } ],
              "attributeTuples" : [ ]
            } ]
          } ],
          "attributeTuples" : [ ]
        } ]
      }, {
        "@type" : "C_ATTRIBUTE",
        "rmAttributeName" : "protocol",
        "children" : [ {
          "@type" : "C_COMPLEX_OBJECT",
          "rmTypeName" : "ITEM_TREE",
          "nodeId" : "at0042.1",
          "attributes" : [ {
            "@type" : "C_ATTRIBUTE",
            "rmAttributeName" : "items",
            "cardinality" : {
              "@type" : "CARDINALITY",
              "interval" : "1..*",
              "ordered" : false,
              "unique" : false
            },
            "children" : [ {
              "@type" : "C_COMPLEX_OBJECT",
              "rmTypeName" : "ELEMENT",
              "occurrences" : "1..1",
              "nodeId" : "at0062.1",
              "attributes" : [ ],
              "attributeTuples" : [ ]
            }, {
              "@type" : "C_COMPLEX_OBJECT",
              "rmTypeName" : "ELEMENT",
              "occurrences" : "0..0",
              "nodeId" : "at0047.1",
              "attributes" : [ ],
              "attributeTuples" : [ ]
            }, {
              "@type" : "C_COMPLEX_OBJECT",
              "rmTypeName" : "ELEMENT",
              "occurrences" : "0..0",
              "nodeId" : "at0044.1",
              "attributes" : [ ],
              "attributeTuples" : [ ]
            }, {
              "@type" : "C_COMPLEX_OBJECT",
              "rmTypeName" : "CLUSTER",
              "occurrences" : "0..0",
              "nodeId" : "at0099.1",
              "attributes" : [ ],
              "attributeTuples" : [ ]
            } ]
          } ],
          "attributeTuples" : [ ]
        } ]
      } ],
      "attributeTuples" : [ ]
    },
    "terminology" : {
      "@type" : "ARCHETYPE_TERMINOLOGY",
      "conceptCode" : "at0000",
      "termDefinitions" : {
        "en" : {
          "at0002.1" : {
            "@type" : "ARCHETYPE_TERM",
            "code" : "at0002.1",
            "text" : "Causative agent",
            "description" : "Identification of a substance, or substance class, that is considered to put the individual at risk of an adverse reaction event.",
            "comment" : "Both an individual substance and a substance class are valid entries in 'Substance'. A substance may be a compound of simpler substances, for example a medicinal product. If the value in 'Substance' is an individual substance, it may be duplicated in 'Specific substance'. It is strongly recommended that both 'Substance' and 'Specific substance' be coded with a terminology capable of triggering decision support, where possible. For example: Snomed CT, DM+D, RxNorm, NDFRT, ATC, New Zealand Universal List of Medicines and Australian Medicines Terminology. Free text entry should only be used if there is no appropriate terminology available.",
            "source" : "openEHR,FHIR,DAM"
          },
          "at0089.1" : {
            "@type" : "ARCHETYPE_TERM",
            "code" : "at0089.1",
            "text" : "Severity",
            "description" : "Clinical assessment of the severity of the reaction event as a whole, potentially considering multiple different manifestations.",
            "comment" : "It is acknowledged that this assessment is very subjective. There may be some some specific practice domains where objective scales have been applied.\r\n Objective scales can be included in this model using the 'Reaction details' Cluster.",
            "source" : "DAM"
          },
          "at0032.1" : {
            "@type" : "ARCHETYPE_TERM",
            "code" : "at0032.1",
            "text" : "Comment",
            "description" : "Additional narrative about the adverse reaction event not captured in other fields.",
            "source" : "openEHR"
          }
        },
        "pt-br" : {
          "at0002.1" : {
            "@type" : "ARCHETYPE_TERM",
            "code" : "at0002.1",
            "text" : "Causative agent",
            "description" : "*Identification of a substance, or substance class, that is considered to put the individual at risk of an adverse reaction event.(en)",
            "comment" : "*Both an individual substance and a substance class are valid entries in 'Substance'. A substance may be a compound of simpler substances, for example a medicinal product. If the value in 'Substance' is an individual substance, it may be duplicated in 'Specific substance'. It is strongly recommended that both 'Substance' and 'Specific substance' be coded with a terminology capable of triggering decision support, where possible. For example: Snomed CT, DM+D, RxNorm, NDFRT, ATC, New Zealand Universal List of Medicines and Australian Medicines Terminology. Free text entry should only be used if there is no appropriate terminology available.(en)",
            "source" : "*openEHR,FHIR,DAM(en)"
          },
          "at0089.1" : {
            "@type" : "ARCHETYPE_TERM",
            "code" : "at0089.1",
            "text" : "Severity",
            "description" : "Avaliação clínica da gravidade do evento de reação como um todo, potencialmente considerando múltiplas manifestações diferentes.",
            "comment" : "Reconhece-se que esta avaliação é muito subjetiva. Pode haver alguma prática específica nos domínios onde a escala de objetivo foram aplicados.\r\nEscalas objetivas podem ser incluídas neste modelo usando os \"Detalhes de Reação\" Cluster"
          },
          "at0032.1" : {
            "@type" : "ARCHETYPE_TERM",
            "code" : "at0032.1",
            "text" : "Comment",
            "description" : "Narrativa adicional sobre o evento adverso não capturada em outros campos."
          }
        },
        "nb" : {
          "at0002.1" : {
            "@type" : "ARCHETYPE_TERM",
            "code" : "at0002.1",
            "text" : "Causative agent",
            "description" : "Den spesifikke substansen eller substansklassen som setter individet i faresonen for en reaksjonshendelse.",
            "comment" : "Feltet tillater en registrering av enten en spesifikk substans eller en substansklasse. En substans kan være en blanding av enkeltsubstanser, for eksempel et legemiddelprodukt. Om verdien som registreres i \"Substans\" er en spesifikk substans kan verdien dupliseres i \"Spesifikk substans\". Det anbefales sterkt at både \"Substans\" og \"Spesifikk substans\" kodes med en terminologi som kan utløse beslutningsstøtte, der det er mulig. For eksempel: FEST, ATC eller SNOMED CT. Fritekst bør bare brukes hvis en hensiktsmessig terminologi ikke er tilgjengelig."
          },
          "at0089.1" : {
            "@type" : "ARCHETYPE_TERM",
            "code" : "at0089.1",
            "text" : "Severity",
            "description" : "Klinisk vurdering av hendelsens alvorlighetsgrad som helhet, potensielt med vurderinger av de ulike manifestasjonene.",
            "comment" : "Det anerkjennes at denne vurderingen er svært subjektiv. Det kan være noen kliniske områder hvor objektive scoringer brukes. Objektive scoringer kan inkluderes i denne modellen ved bruk av SLOTet \"Reaksjonsdetaljer\"."
          },
          "at0032.1" : {
            "@type" : "ARCHETYPE_TERM",
            "code" : "at0032.1",
            "text" : "Comment",
            "description" : "Ytterligere fritekstkommentarer om den uønskede reaksjonen som ikke fanges opp i andre felter."
          }
        }
      },
      "termBindings" : { },
      "terminologyExtracts" : { },
      "valueSets" : { }
    },
    "adlVersion" : "1.4",
    "buildUid" : "b3c1dbe1-5898-4761-a801-c4d1f0457f35",
    "rmName" : "openehr",
    "rmRelease" : "1.0.3",
    "generated" : true,
    "otherMetaData" : { },
    "originalLanguage" : {
      "terminologyId" : {
        "value" : "ISO_639-1"
      },
      "codeString" : "en"
    },
    "translations" : [ {
      "@type" : "TRANSLATION_DETAILS",
      "language" : {
        "terminologyId" : {
          "value" : "ISO_639-1"
        },
        "codeString" : "nb"
      },
      "author" : {
        "lbla@helse-bergen.no" : "lbla@helse-bergen.no",
        "name" : "Lars Bitsch-Larsen",
        "organisation" : "Haukeland University Hospital, Bergen Norway"
      },
      "accreditation" : "MD DEAA MBA spec in anesthesia and intensive care, spec in tropical med.",
      "otherDetails" : { }
    }, {
      "@type" : "TRANSLATION_DETAILS",
      "language" : {
        "terminologyId" : {
          "value" : "ISO_639-1"
        },
        "codeString" : "pt-br"
      },
      "author" : {
        "name" : "Osmeire Chamelette Sanzovo",
        "organisation" : "Hospital Sírio Libanês",
        "email" : "osmeire.acsanzovo@hsl.org.br"
      },
      "otherDetails" : { }
    } ]
  }, {
    "@type" : "TEMPLATE_OVERLAY",
    "uid" : "a82233b9-7f2d-4dd5-8db4-37f6963cfd8c",
    "description" : {
      "@type" : "RESOURCE_DESCRIPTION",
      "originalAuthor" : { },
      "otherContributors" : [ ],
      "ipAcknowledgements" : { },
      "references" : { },
      "conversionDetails" : { },
      "otherDetails" : { },
      "details" : { }
    },
    "parentArchetypeId" : "openEHR-EHR-SECTION.adhoc.v1",
    "differential" : true,
    "archetypeId" : {
      "@type" : "ARCHETYPE_HRID",
      "value" : "openEHR-EHR-SECTION.ovl-adhoc-003.v1"
    },
    "definition" : {
      "@type" : "C_COMPLEX_OBJECT",
      "rmTypeName" : "SECTION",
      "nodeId" : "at0000.1",
      "attributes" : [ {
        "@type" : "C_ATTRIBUTE",
        "rmAttributeName" : "items",
        "existence" : "0..1",
        "children" : [ {
          "@type" : "C_ARCHETYPE_ROOT",
          "rmTypeName" : "EVALUATION",
          "occurrences" : "0..1",
          "nodeId" : "at0.1",
          "attributes" : [ ],
          "attributeTuples" : [ ],
          "archetypeRef" : "openEHR-EHR-EVALUATION.ovl-exclusion_global-004.v1",
          "referenceType" : "archetypeOverlay"
        }, {
          "@type" : "C_ARCHETYPE_ROOT",
          "rmTypeName" : "EVALUATION",
          "occurrences" : "0..*",
          "nodeId" : "at0.2",
          "attributes" : [ ],
          "attributeTuples" : [ ],
          "archetypeRef" : "openEHR-EHR-EVALUATION.ovl-absence-005.v1",
          "referenceType" : "archetypeOverlay"
        } ]
      } ],
      "attributeTuples" : [ ]
    },
    "terminology" : {
      "@type" : "ARCHETYPE_TERMINOLOGY",
      "conceptCode" : "at0000",
      "termDefinitions" : {
        "en" : {
          "at0000.1" : {
            "@type" : "ARCHETYPE_TERM",
            "code" : "at0000.1",
            "text" : "Empty list info",
            "description" : "A generic section header which should be renamed in a template to suit a specific clinical context."
          }
        },
        "ru" : {
          "at0000.1" : {
            "@type" : "ARCHETYPE_TERM",
            "code" : "at0000.1",
            "text" : "Empty list info",
            "description" : "Образец заголовка раздела"
          }
        },
        "es-ar" : {
          "at0000.1" : {
            "@type" : "ARCHETYPE_TERM",
            "code" : "at0000.1",
            "text" : "Empty list info",
            "description" : "Un encabezado de sección de tipo genérico que será renombrado en una plantilla para su empleo en un contexto clínico específico."
          }
        },
        "sl" : {
          "at0000.1" : {
            "@type" : "ARCHETYPE_TERM",
            "code" : "at0000.1",
            "text" : "Empty list info",
            "description" : "Naslov sekcije"
          }
        },
        "nb" : {
          "at0000.1" : {
            "@type" : "ARCHETYPE_TERM",
            "code" : "at0000.1",
            "text" : "Empty list info",
            "description" : "En generisk seksjonsheading som bør gis nytt navn i en template for å passe i en gitt klinisk kontekst."
          }
        },
        "pt-br" : {
          "at0000.1" : {
            "@type" : "ARCHETYPE_TERM",
            "code" : "at0000.1",
            "text" : "Empty list info",
            "description" : "Um cabeçalho de sessão genérico que deve ser renomeado no template para adequar-se a um contexto clínico específico."
          }
        },
        "sv" : {
          "at0000.1" : {
            "@type" : "ARCHETYPE_TERM",
            "code" : "at0000.1",
            "text" : "Empty list info",
            "description" : "En generisk avsnittsrubrik som döps om i en template för att passa in i en specifik klinisk kontext."
          }
        }
      },
      "termBindings" : { },
      "terminologyExtracts" : { },
      "valueSets" : { }
    },
    "adlVersion" : "1.4",
    "buildUid" : "15cf03e1-5160-44d1-9114-4f76f4b9c103",
    "rmName" : "openehr",
    "rmRelease" : "1.0.3",
    "generated" : true,
    "otherMetaData" : { },
    "originalLanguage" : {
      "terminologyId" : {
        "value" : "ISO_639-1"
      },
      "codeString" : "en"
    },
    "translations" : [ {
      "@type" : "TRANSLATION_DETAILS",
      "language" : {
        "terminologyId" : {
          "value" : "ISO_639-1"
        },
        "codeString" : "ru"
      },
      "author" : {
        "name" : "Art Latyp Латыпов Артур Шамилевич",
        "organisation" : "RusBITech РусБИТех, Москва"
      },
      "otherDetails" : { }
    }, {
      "@type" : "TRANSLATION_DETAILS",
      "language" : {
        "terminologyId" : {
          "value" : "ISO_639-1"
        },
        "codeString" : "sv"
      },
      "author" : {
        "name" : "Daniel Hall",
        "organisation" : "Region Östergötland",
        "email" : "daniel.hall@regionostergotland.se"
      },
      "accreditation" : "Åsa Skagerhult, Lisa Axelsson",
      "otherDetails" : { }
    }, {
      "@type" : "TRANSLATION_DETAILS",
      "language" : {
        "terminologyId" : {
          "value" : "ISO_639-1"
        },
        "codeString" : "es-ar"
      },
      "author" : {
        "name" : "Alan March",
        "organisation" : "Hospital Universitario Austral, Buenos Aires, Argentina"
      },
      "otherDetails" : { }
    }, {
      "@type" : "TRANSLATION_DETAILS",
      "language" : {
        "terminologyId" : {
          "value" : "ISO_639-1"
        },
        "codeString" : "nb"
      },
      "author" : {
        "einar.fosse@unn.no" : "einar.fosse@unn.no",
        "name" : "Einar Fosse",
        "organisation" : "Norwegian Centre for Integrated Care and Telemedicine, Tromsø, Norway"
      },
      "otherDetails" : { }
    }, {
      "@type" : "TRANSLATION_DETAILS",
      "language" : {
        "terminologyId" : {
          "value" : "ISO_639-1"
        },
        "codeString" : "pt-br"
      },
      "author" : {
        "name" : "Vladimir Pizzo",
        "organisation" : "Hospital Sírio Libanês, São Paulo, Brazil",
        "email" : "vladimir.pizzo@hsl.org.br"
      },
      "otherDetails" : { }
    }, {
      "@type" : "TRANSLATION_DETAILS",
      "language" : {
        "terminologyId" : {
          "value" : "ISO_639-1"
        },
        "codeString" : "sl"
      },
      "author" : {
        "name" : "?"
      },
      "otherDetails" : { }
    } ]
  }, {
    "@type" : "TEMPLATE_OVERLAY",
    "uid" : "4fe94967-5791-4094-9547-e2a4a8c61f15",
    "description" : {
      "@type" : "RESOURCE_DESCRIPTION",
      "originalAuthor" : { },
      "otherContributors" : [ ],
      "ipAcknowledgements" : { },
      "references" : { },
      "conversionDetails" : { },
      "otherDetails" : { },
      "details" : { }
    },
    "parentArchetypeId" : "openEHR-EHR-EVALUATION.exclusion_global.v1",
    "differential" : true,
    "archetypeId" : {
      "@type" : "ARCHETYPE_HRID",
      "value" : "openEHR-EHR-EVALUATION.ovl-exclusion_global-004.v1"
    },
    "definition" : {
      "@type" : "C_COMPLEX_OBJECT",
      "rmTypeName" : "EVALUATION",
      "nodeId" : "at0000.1",
      "attributes" : [ {
        "@type" : "C_ATTRIBUTE",
        "rmAttributeName" : "data",
        "children" : [ {
          "@type" : "C_COMPLEX_OBJECT",
          "rmTypeName" : "ITEM_TREE",
          "nodeId" : "at0001.1",
          "attributes" : [ {
            "@type" : "C_ATTRIBUTE",
            "rmAttributeName" : "items",
            "cardinality" : {
              "@type" : "CARDINALITY",
              "interval" : "1..*",
              "ordered" : false,
              "unique" : false
            },
            "children" : [ {
              "@type" : "C_COMPLEX_OBJECT",
              "rmTypeName" : "ELEMENT",
              "nodeId" : "at0002.1",
              "attributes" : [ {
                "@type" : "C_ATTRIBUTE",
                "rmAttributeName" : "name",
                "children" : [ {
                  "@type" : "C_COMPLEX_OBJECT",
                  "rmTypeName" : "DV_CODED_TEXT",
                  "attributes" : [ {
                    "@type" : "C_ATTRIBUTE",
                    "rmAttributeName" : "defining_code",
                    "children" : [ {
                      "@type" : "C_TERMINOLOGY_CODE",
                      "rmTypeName" : "CODE_PHRASE",
                      "occurrences" : "1..1",
                      "terminologyId" : {
                        "value" : "local"
                      },
                      "constraint" : [ "at0007" ]
                    } ]
                  } ],
                  "attributeTuples" : [ ]
                } ]
              }, {
                "@type" : "C_ATTRIBUTE",
                "rmAttributeName" : "value",
                "children" : [ {
                  "@type" : "C_COMPLEX_OBJECT",
                  "rmTypeName" : "DV_TEXT",
                  "defaultValue" : {
                    "@type" : "DV_TEXT",
                    "value" : "No known allergies or adverse reactions"
                  },
                  "attributes" : [ ],
                  "attributeTuples" : [ ]
                } ]
              } ],
              "attributeTuples" : [ ]
            } ]
          } ],
          "attributeTuples" : [ ]
        } ]
      }, {
        "@type" : "C_ATTRIBUTE",
        "rmAttributeName" : "protocol",
        "children" : [ {
          "@type" : "C_COMPLEX_OBJECT",
          "rmTypeName" : "ITEM_TREE",
          "nodeId" : "at0008.1",
          "attributes" : [ ],
          "attributeTuples" : [ ]
        } ]
      } ],
      "attributeTuples" : [ ]
    },
    "terminology" : {
      "@type" : "ARCHETYPE_TERMINOLOGY",
      "conceptCode" : "at0000",
      "termDefinitions" : {
        "en" : { },
        "nb" : { },
        "pt-br" : { }
      },
      "termBindings" : { },
      "terminologyExtracts" : { },
      "valueSets" : { }
    },
    "adlVersion" : "1.4",
    "buildUid" : "3db350ac-df24-4677-a5d1-c350660b880e",
    "rmName" : "openehr",
    "rmRelease" : "1.0.3",
    "generated" : true,
    "otherMetaData" : { },
    "originalLanguage" : {
      "terminologyId" : {
        "value" : "ISO_639-1"
      },
      "codeString" : "en"
    },
    "translations" : [ {
      "@type" : "TRANSLATION_DETAILS",
      "language" : {
        "terminologyId" : {
          "value" : "ISO_639-1"
        },
        "codeString" : "nb"
      },
      "author" : {
        "name" : "Silje Ljosland Bakke",
        "organisation" : "Nasjonal IKT HF"
      },
      "otherDetails" : { }
    }, {
      "@type" : "TRANSLATION_DETAILS",
      "language" : {
        "terminologyId" : {
          "value" : "ISO_639-1"
        },
        "codeString" : "pt-br"
      },
      "author" : {
        "name" : "Adriana Kitajima, Débora Farage, Fernanda Maia, Laíse Figueiredo, Marivan Abrahão",
        "organisation" : "Core Consulting",
        "email" : "contato@coreconsulting.com.br"
      },
      "accreditation" : "Hospital Alemão Oswaldo Cruz (HAOC)",
      "otherDetails" : { }
    } ]
  }, {
    "@type" : "TEMPLATE_OVERLAY",
    "uid" : "d58dadf0-7bf7-4eba-aa68-d923ef309e26",
    "description" : {
      "@type" : "RESOURCE_DESCRIPTION",
      "originalAuthor" : { },
      "otherContributors" : [ ],
      "ipAcknowledgements" : { },
      "references" : { },
      "conversionDetails" : { },
      "otherDetails" : { },
      "details" : { }
    },
    "parentArchetypeId" : "openEHR-EHR-EVALUATION.absence.v1",
    "differential" : true,
    "archetypeId" : {
      "@type" : "ARCHETYPE_HRID",
      "value" : "openEHR-EHR-EVALUATION.ovl-absence-005.v1"
    },
    "definition" : {
      "@type" : "C_COMPLEX_OBJECT",
      "rmTypeName" : "EVALUATION",
      "nodeId" : "at0000.1",
      "attributes" : [ {
        "@type" : "C_ATTRIBUTE",
        "rmAttributeName" : "data",
        "children" : [ {
          "@type" : "C_COMPLEX_OBJECT",
          "rmTypeName" : "ITEM_TREE",
          "nodeId" : "at0001.1",
          "attributes" : [ {
            "@type" : "C_ATTRIBUTE",
            "rmAttributeName" : "items",
            "cardinality" : {
              "@type" : "CARDINALITY",
              "interval" : "0..*",
              "ordered" : false,
              "unique" : false
            },
            "children" : [ {
              "@type" : "C_COMPLEX_OBJECT",
              "rmTypeName" : "ELEMENT",
              "nodeId" : "at0002.1",
              "attributes" : [ {
                "@type" : "C_ATTRIBUTE",
                "rmAttributeName" : "value",
                "children" : [ {
                  "@type" : "C_COMPLEX_OBJECT",
                  "rmTypeName" : "DV_TEXT",
                  "defaultValue" : {
                    "@type" : "DV_TEXT",
                    "value" : "No information for known allergies and adverse reactions"
                  },
                  "attributes" : [ ],
                  "attributeTuples" : [ ]
                } ]
              } ],
              "attributeTuples" : [ ]
            } ]
          } ],
          "attributeTuples" : [ ]
        } ]
      }, {
        "@type" : "C_ATTRIBUTE",
        "rmAttributeName" : "protocol",
        "children" : [ {
          "@type" : "C_COMPLEX_OBJECT",
          "rmTypeName" : "ITEM_TREE",
          "nodeId" : "at0003.1",
          "attributes" : [ ],
          "attributeTuples" : [ ]
        } ]
      } ],
      "attributeTuples" : [ ]
    },
    "terminology" : {
      "@type" : "ARCHETYPE_TERMINOLOGY",
      "conceptCode" : "at0000",
      "termDefinitions" : {
        "en" : { },
        "pt-br" : { }
      },
      "termBindings" : { },
      "terminologyExtracts" : { },
      "valueSets" : { }
    },
    "adlVersion" : "1.4",
    "buildUid" : "0a3ae11a-e1e9-4c6a-bb38-ef90a0d5f79a",
    "rmName" : "openehr",
    "rmRelease" : "1.0.3",
    "generated" : true,
    "otherMetaData" : { },
    "originalLanguage" : {
      "terminologyId" : {
        "value" : "ISO_639-1"
      },
      "codeString" : "en"
    },
    "translations" : [ {
      "@type" : "TRANSLATION_DETAILS",
      "language" : {
        "terminologyId" : {
          "value" : "ISO_639-1"
        },
        "codeString" : "pt-br"
      },
      "author" : {
        "name" : "Vladimir Pizzo",
        "organisation" : "Hospital Sirio Libanes, Brazil",
        "email" : "vladimir.pizzo@hsl.org.br"
      },
      "otherDetails" : { }
    } ]
  } ],
  "originalLanguage" : {
    "terminologyId" : {
      "value" : "ISO_639-1"
    },
    "codeString" : "en"
  },
  "translations" : [ {
    "@type" : "TRANSLATION_DETAILS",
    "language" : {
      "terminologyId" : {
        "value" : "ISO_639-1"
      },
      "codeString" : "es-ar"
    },
    "author" : {
      "name" : "Alan March",
      "organisation" : "Hospital Universitario Austral, Buenos Aires, Argentina.",
      "alandmarch@gmail.com" : "alandmarch@gmail.com"
    },
    "otherDetails" : { }
  }, {
    "@type" : "TRANSLATION_DETAILS",
    "language" : {
      "terminologyId" : {
        "value" : "ISO_639-1"
      },
      "codeString" : "pt-br"
    },
    "author" : {
      "name" : "Vladimir Pizzo",
      "organisation" : "Hospital Sirio Libanes, Brazil",
      "email" : "vladimir.pizzo@hsl.org.br"
    },
    "otherDetails" : { }
  } ]
}