{
  "@type" : "TEMPLATE",
  "uid" : "a2084d91-9b1b-4dc7-af77-e5da5b1dd8b2",
  "description" : {
    "@type" : "RESOURCE_DESCRIPTION",
    "originalAuthor" : {
      "date" : "2020-03-28"
    },
    "otherContributors" : [ ],
    "lifecycleState" : {
      "codeString" : "unmanaged"
    },
    "ipAcknowledgements" : { },
    "references" : { },
    "conversionDetails" : { },
    "otherDetails" : {
      "licence" : "This work is licensed under the Creative Commons Attribution-ShareAlike 4.0 International License. To view a copy of this license, visit http://creativecommons.org/licenses/by-sa/4.0/.",
      "custodian_organisation" : "openEHR Foundation",
      "original_namespace" : "org.openehr",
      "original_publisher" : "openEHR Foundation",
      "custodian_namespace" : "org.openehr",
      "MD5-CAM-1.0.1" : "1373f2278b15b339516d57dabb057bda"
    },
    "details" : {
      "de" : {
        "@type" : "RESOURCE_DESCRIPTION_ITEM",
        "language" : {
          "terminologyId" : {
            "value" : "ISO_639-1"
          },
          "codeString" : "de"
        },
        "keywords" : [ ],
        "originalResourceUri" : { },
        "otherDetails" : { }
      },
      "sv" : {
        "@type" : "RESOURCE_DESCRIPTION_ITEM",
        "language" : {
          "terminologyId" : {
            "value" : "ISO_639-1"
          },
          "codeString" : "sv"
        },
        "keywords" : [ ],
        "originalResourceUri" : { },
        "otherDetails" : { }
      },
      "fi" : {
        "@type" : "RESOURCE_DESCRIPTION_ITEM",
        "language" : {
          "terminologyId" : {
            "value" : "ISO_639-1"
          },
          "codeString" : "fi"
        },
        "keywords" : [ ],
        "originalResourceUri" : { },
        "otherDetails" : { }
      },
      "es-ar" : {
        "@type" : "RESOURCE_DESCRIPTION_ITEM",
        "language" : {
          "terminologyId" : {
            "value" : "ISO_639-1"
          },
          "codeString" : "es-ar"
        },
        "keywords" : [ ],
        "originalResourceUri" : { },
        "otherDetails" : { }
      },
      "nb" : {
        "@type" : "RESOURCE_DESCRIPTION_ITEM",
        "language" : {
          "terminologyId" : {
            "value" : "ISO_639-1"
          },
          "codeString" : "nb"
        },
        "keywords" : [ ],
        "originalResourceUri" : { },
        "otherDetails" : { }
      },
      "ko" : {
        "@type" : "RESOURCE_DESCRIPTION_ITEM",
        "language" : {
          "terminologyId" : {
            "value" : "ISO_639-1"
          },
          "codeString" : "ko"
        },
        "keywords" : [ ],
        "originalResourceUri" : { },
        "otherDetails" : { }
      },
      "pt-br" : {
        "@type" : "RESOURCE_DESCRIPTION_ITEM",
        "language" : {
          "terminologyId" : {
            "value" : "ISO_639-1"
          },
          "codeString" : "pt-br"
        },
        "keywords" : [ ],
        "originalResourceUri" : { },
        "otherDetails" : { }
      },
      "ar-sy" : {
        "@type" : "RESOURCE_DESCRIPTION_ITEM",
        "language" : {
          "terminologyId" : {
            "value" : "ISO_639-1"
          },
          "codeString" : "ar-sy"
        },
        "keywords" : [ ],
        "originalResourceUri" : { },
        "otherDetails" : { }
      },
      "en" : {
        "@type" : "RESOURCE_DESCRIPTION_ITEM",
        "language" : {
          "terminologyId" : {
            "value" : "ISO_639-1"
          },
          "codeString" : "en"
        },
        "keywords" : [ ],
        "originalResourceUri" : { },
        "otherDetails" : { }
      },
      "it" : {
        "@type" : "RESOURCE_DESCRIPTION_ITEM",
        "language" : {
          "terminologyId" : {
            "value" : "ISO_639-1"
          },
          "codeString" : "it"
        },
        "keywords" : [ ],
        "originalResourceUri" : { },
        "otherDetails" : { }
      },
      "es" : {
        "@type" : "RESOURCE_DESCRIPTION_ITEM",
        "language" : {
          "terminologyId" : {
            "value" : "ISO_639-1"
          },
          "codeString" : "es"
        },
        "keywords" : [ ],
        "originalResourceUri" : { },
        "otherDetails" : { }
      }
    }
  },
  "parentArchetypeId" : "openEHR-EHR-EVALUATION.problem_diagnosis.v1",
  "differential" : true,
  "archetypeId" : {
    "@type" : "ARCHETYPE_HRID",
    "value" : "openEHR-EHR-EVALUATION.problemdiagnosis.v1"
  },
  "definition" : {
    "@type" : "C_COMPLEX_OBJECT",
    "rmTypeName" : "EVALUATION",
    "nodeId" : "at0000.1",
    "attributes" : [ {
      "@type" : "C_ATTRIBUTE",
      "rmAttributeName" : "data",
      "children" : [ {
        "@type" : "C_COMPLEX_OBJECT",
        "rmTypeName" : "ITEM_TREE",
        "nodeId" : "at0001",
        "attributes" : [ {
          "@type" : "C_ATTRIBUTE",
          "rmAttributeName" : "items",
          "children" : [ {
            "@type" : "C_COMPLEX_OBJECT",
            "rmTypeName" : "ELEMENT",
            "nodeId" : "at0002.1",
            "attributes" : [ {
              "@type" : "C_ATTRIBUTE",
              "rmAttributeName" : "value",
              "children" : [ {
                "@type" : "C_COMPLEX_OBJECT",
                "rmTypeName" : "DV_CODED_TEXT",
                "occurrences" : "1..1",
                "attributes" : [ {
                  "@type" : "C_ATTRIBUTE",
                  "rmAttributeName" : "defining_code",
                  "children" : [ {
                    "@type" : "C_TERMINOLOGY_CODE",
                    "rmTypeName" : "TERMINOLOGY_CODE",
                    "terminologyId" : {
                      "value" : "SNOMED-CT"
                    },
                    "constraint" : [ ],
                    "selectedTerminologies" : [ "SNOMED-CT" ],
                    "includedExternalTerminologyCodes" : [ {
                      "terminologyId" : "SNOMED-CT",
                      "code" : "840544004",
                      "value" : "Suspected disease caused by 2019 novel coronavirus"
                    }, {
                      "terminologyId" : "SNOMED-CT",
                      "code" : "840546002",
                      "value" : "Exposure to 2019 novel coronavirus"
                    }, {
                      "terminologyId" : "SNOMED-CT",
                      "code" : "840539006",
                      "value" : "Disease caused by 2019-nCoV"
                    } ]
                  } ]
                } ],
                "attributeTuples" : [ ]
              } ]
            } ],
            "attributeTuples" : [ ]
          }, {
            "@type" : "C_COMPLEX_OBJECT",
            "rmTypeName" : "ELEMENT",
            "occurrences" : "0..0",
            "nodeId" : "at0009.1",
            "attributes" : [ ],
            "attributeTuples" : [ ]
          }, {
            "@type" : "C_COMPLEX_OBJECT",
            "rmTypeName" : "ELEMENT",
            "occurrences" : "0..0",
            "nodeId" : "at0012.1",
            "attributes" : [ ],
            "attributeTuples" : [ ]
          }, {
            "@type" : "C_COMPLEX_OBJECT",
            "rmTypeName" : "ELEMENT",
            "occurrences" : "0..0",
            "nodeId" : "at0077.1",
            "attributes" : [ {
              "@type" : "C_ATTRIBUTE",
              "rmAttributeName" : "value",
              "children" : [ {
                "@type" : "C_COMPLEX_OBJECT",
                "rmTypeName" : "DV_DATE_TIME",
                "attributes" : [ {
                  "@type" : "C_ATTRIBUTE",
                  "rmAttributeName" : "value",
                  "children" : [ {
                    "@type" : "C_DATE_TIME",
                    "rmTypeName" : "DATE_TIME",
                    "constraint" : [ ]
                  } ]
                } ],
                "attributeTuples" : [ ]
              } ]
            } ],
            "attributeTuples" : [ ]
          }, {
            "@type" : "C_COMPLEX_OBJECT",
            "rmTypeName" : "ELEMENT",
            "occurrences" : "0..0",
            "nodeId" : "at0003.1",
            "attributes" : [ {
              "@type" : "C_ATTRIBUTE",
              "rmAttributeName" : "value",
              "children" : [ {
                "@type" : "C_COMPLEX_OBJECT",
                "rmTypeName" : "DV_DATE_TIME",
                "attributes" : [ {
                  "@type" : "C_ATTRIBUTE",
                  "rmAttributeName" : "value",
                  "children" : [ {
                    "@type" : "C_DATE_TIME",
                    "rmTypeName" : "DATE_TIME",
                    "constraint" : [ ]
                  } ]
                } ],
                "attributeTuples" : [ ]
              } ]
            } ],
            "attributeTuples" : [ ]
          }, {
            "@type" : "C_COMPLEX_OBJECT",
            "rmTypeName" : "ELEMENT",
            "occurrences" : "0..0",
            "nodeId" : "at0005.1",
            "attributes" : [ {
              "@type" : "C_ATTRIBUTE",
              "rmAttributeName" : "value",
              "children" : [ {
                "@type" : "C_COMPLEX_OBJECT",
                "rmTypeName" : "DV_CODED_TEXT",
                "attributes" : [ {
                  "@type" : "C_ATTRIBUTE",
                  "rmAttributeName" : "defining_code",
                  "children" : [ {
                    "@type" : "C_TERMINOLOGY_CODE",
                    "rmTypeName" : "TERMINOLOGY_CODE",
                    "occurrences" : "1..1",
                    "terminologyId" : {
                      "value" : "local"
                    },
                    "constraint" : [ "ac0.1" ],
                    "selectedTerminologies" : [ ]
                  } ]
                } ],
                "attributeTuples" : [ ]
              }, {
                "@type" : "C_COMPLEX_OBJECT",
                "rmTypeName" : "DV_TEXT",
                "attributes" : [ ],
                "attributeTuples" : [ ]
              } ]
            } ],
            "attributeTuples" : [ ]
          }, {
            "@type" : "C_COMPLEX_OBJECT",
            "rmTypeName" : "ELEMENT",
            "occurrences" : "0..0",
            "nodeId" : "at0072.1",
            "attributes" : [ ],
            "attributeTuples" : [ ]
          }, {
            "@type" : "C_COMPLEX_OBJECT",
            "rmTypeName" : "ELEMENT",
            "occurrences" : "0..0",
            "nodeId" : "at0030.1",
            "attributes" : [ {
              "@type" : "C_ATTRIBUTE",
              "rmAttributeName" : "value",
              "children" : [ {
                "@type" : "C_COMPLEX_OBJECT",
                "rmTypeName" : "DV_DATE_TIME",
                "attributes" : [ {
                  "@type" : "C_ATTRIBUTE",
                  "rmAttributeName" : "value",
                  "children" : [ {
                    "@type" : "C_DATE_TIME",
                    "rmTypeName" : "DATE_TIME",
                    "constraint" : [ ]
                  } ]
                } ],
                "attributeTuples" : [ ]
              } ]
            } ],
            "attributeTuples" : [ ]
          }, {
            "@type" : "C_COMPLEX_OBJECT",
            "rmTypeName" : "ELEMENT",
            "occurrences" : "0..0",
            "nodeId" : "at0073.1",
            "attributes" : [ {
              "@type" : "C_ATTRIBUTE",
              "rmAttributeName" : "value",
              "children" : [ {
                "@type" : "C_COMPLEX_OBJECT",
                "rmTypeName" : "DV_CODED_TEXT",
                "attributes" : [ {
                  "@type" : "C_ATTRIBUTE",
                  "rmAttributeName" : "defining_code",
                  "children" : [ {
                    "@type" : "C_TERMINOLOGY_CODE",
                    "rmTypeName" : "TERMINOLOGY_CODE",
                    "occurrences" : "1..1",
                    "terminologyId" : {
                      "value" : "local"
                    },
                    "constraint" : [ "ac0.4" ],
                    "selectedTerminologies" : [ ]
                  } ]
                } ],
                "attributeTuples" : [ ]
              }, {
                "@type" : "C_COMPLEX_OBJECT",
                "rmTypeName" : "DV_TEXT",
                "attributes" : [ ],
                "attributeTuples" : [ ]
              } ]
            } ],
            "attributeTuples" : [ ]
          }, {
            "@type" : "C_COMPLEX_OBJECT",
            "rmTypeName" : "ELEMENT",
            "occurrences" : "0..0",
            "nodeId" : "at0069.1",
            "attributes" : [ ],
            "attributeTuples" : [ ]
          }, {
            "@type" : "C_ARCHETYPE_ROOT",
            "rmTypeName" : "CLUSTER",
            "occurrences" : "0..*",
            "nodeId" : "at0046.1",
            "attributes" : [ ],
            "attributeTuples" : [ ],
            "archetypeRef" : "openEHR-EHR-CLUSTER.ovl-problem_qualifier-001.v1",
            "referenceType" : "archetypeOverlay"
          } ]
        } ],
        "attributeTuples" : [ ]
      } ]
    } ],
    "attributeTuples" : [ ]
  },
  "terminology" : {
    "@type" : "ARCHETYPE_TERMINOLOGY",
    "conceptCode" : "at0000",
    "termDefinitions" : {
      "es" : {
        "ac0.1" : {
          "@type" : "ARCHETYPE_TERM",
          "text" : "*(Synthesized) (en)",
          "code" : "ac0.1",
          "description" : "*"
        },
        "ac0.4" : {
          "@type" : "ARCHETYPE_TERM",
          "text" : "*(Synthesized) (en)",
          "code" : "ac0.4",
          "description" : "*"
        }
      },
      "es-ar" : {
        "ac0.1" : {
          "@type" : "ARCHETYPE_TERM",
          "text" : "*(Synthesized) (en)",
          "code" : "ac0.1",
          "description" : "*"
        },
        "ac0.4" : {
          "@type" : "ARCHETYPE_TERM",
          "text" : "*(Synthesized) (en)",
          "code" : "ac0.4",
          "description" : "*"
        }
      },
      "de" : {
        "ac0.1" : {
          "@type" : "ARCHETYPE_TERM",
          "text" : "*(Synthesized) (en)",
          "code" : "ac0.1",
          "description" : "*"
        },
        "ac0.4" : {
          "@type" : "ARCHETYPE_TERM",
          "text" : "*(Synthesized) (en)",
          "code" : "ac0.4",
          "description" : "*"
        }
      },
      "en" : {
        "ac0.1" : {
          "@type" : "ARCHETYPE_TERM",
          "text" : "(Synthesized)",
          "code" : "ac0.1",
          "description" : "*"
        },
        "ac0.4" : {
          "@type" : "ARCHETYPE_TERM",
          "text" : "(Synthesized)",
          "code" : "ac0.4",
          "description" : "*"
        }
      },
      "ar-sy" : {
        "ac0.1" : {
          "@type" : "ARCHETYPE_TERM",
          "text" : "*(Synthesized) (en)",
          "code" : "ac0.1",
          "description" : "*"
        },
        "ac0.4" : {
          "@type" : "ARCHETYPE_TERM",
          "text" : "*(Synthesized) (en)",
          "code" : "ac0.4",
          "description" : "*"
        }
      },
      "pt-br" : {
        "ac0.1" : {
          "@type" : "ARCHETYPE_TERM",
          "text" : "*(Synthesized) (en)",
          "code" : "ac0.1",
          "description" : "*"
        },
        "ac0.4" : {
          "@type" : "ARCHETYPE_TERM",
          "text" : "*(Synthesized) (en)",
          "code" : "ac0.4",
          "description" : "*"
        }
      },
      "nb" : {
        "ac0.1" : {
          "@type" : "ARCHETYPE_TERM",
          "text" : "*(Synthesized) (en)",
          "code" : "ac0.1",
          "description" : "*"
        },
        "ac0.4" : {
          "@type" : "ARCHETYPE_TERM",
          "text" : "*(Synthesized) (en)",
          "code" : "ac0.4",
          "description" : "*"
        }
      },
      "sv" : {
        "ac0.1" : {
          "@type" : "ARCHETYPE_TERM",
          "text" : "*(Synthesized) (en)",
          "code" : "ac0.1",
          "description" : "*"
        },
        "ac0.4" : {
          "@type" : "ARCHETYPE_TERM",
          "text" : "*(Synthesized) (en)",
          "code" : "ac0.4",
          "description" : "*"
        }
      },
      "ko" : {
        "ac0.1" : {
          "@type" : "ARCHETYPE_TERM",
          "text" : "*(Synthesized) (en)",
          "code" : "ac0.1",
          "description" : "*"
        },
        "ac0.4" : {
          "@type" : "ARCHETYPE_TERM",
          "text" : "*(Synthesized) (en)",
          "code" : "ac0.4",
          "description" : "*"
        }
      },
      "fi" : {
        "ac0.1" : {
          "@type" : "ARCHETYPE_TERM",
          "text" : "(Synthesized)",
          "code" : "ac0.1",
          "description" : "*"
        },
        "ac0.4" : {
          "@type" : "ARCHETYPE_TERM",
          "text" : "(Synthesized)",
          "code" : "ac0.4",
          "description" : "*"
        }
      },
      "it" : {
        "ac0.1" : {
          "@type" : "ARCHETYPE_TERM",
          "text" : "(Synthesized)",
          "code" : "ac0.1",
          "description" : "*"
        },
        "ac0.4" : {
          "@type" : "ARCHETYPE_TERM",
          "text" : "(Synthesized)",
          "code" : "ac0.4",
          "description" : "*"
        }
      }
    },
    "termBindings" : { },
    "terminologyExtracts" : { },
    "valueSets" : {
      "ac0.1" : {
        "@type" : "VALUE_SET",
        "id" : "ac0.1",
        "members" : [ "at0047", "at0048", "at0049" ]
      },
      "ac0.3" : {
        "@type" : "VALUE_SET",
        "id" : "ac0.3",
        "members" : [ "at0074", "at0075" ]
      },
      "ac0.4" : {
        "@type" : "VALUE_SET",
        "id" : "ac0.4",
        "members" : [ "at0074", "at0075" ]
      }
    }
  },
  "adlVersion" : "1.4",
  "buildUid" : "97a0399c-843d-3c83-af16-29fe0b15c5a7",
  "rmName" : "openehr",
  "rmRelease" : "1.0.3",
  "generated" : true,
  "templateId" : "COVID-19 Problem/Diagnosis",
  "otherMetaData" : { },
  "templateOverlays" : [ {
    "@type" : "TEMPLATE_OVERLAY",
    "uid" : "343e5c22-301e-45ac-a39a-e84b61ffd78c",
    "description" : {
      "@type" : "RESOURCE_DESCRIPTION",
      "originalAuthor" : { },
      "otherContributors" : [ ],
      "ipAcknowledgements" : { },
      "references" : { },
      "conversionDetails" : { },
      "otherDetails" : {
        "ip_acknowledgements" : "This artefact includes content from SNOMED Clinical Terms® (SNOMED CT®) which is copyrighted material of the International Health Terminology Standards Development Organisation (IHTSDO). Where an implementation of this artefact makes use of SNOMED CT content, the implementer must have the appropriate SNOMED CT Affiliate license - for more information contact http://www.snomed.org/snomed-ct/get-snomedct or info@snomed.org."
      },
      "details" : {
        "de" : {
          "@type" : "RESOURCE_DESCRIPTION_ITEM",
          "language" : {
            "terminologyId" : {
              "value" : "ISO_639-1"
            },
            "codeString" : "de"
          },
          "purpose" : "Zur Darstellung eines klinischen, kontextspezifischen oder zeitspezifischen Attributs für ein spezifisches Problem oder eine spezifische Diagnose.\r\n",
          "keywords" : [ "Problem", "Aktiv", "Inaktiv", "Status", "Episode", "Diagnose", "Attribut" ],
          "use" : "Zur Darstellung eines kontextspezifischen oder zeitspezifischen Attributs, welches weitere Details liefert, die zum Zeitpunkt der Aufnahme, oder im klinischen Kontext in dem das Problem, oder die Diagnose aufgezeichnet wurde, relevant ist. Das Attribut könnte zu einer anderen Zeit, oder in einem anderen klinischen Kontext, nicht angemessen sein.\r\n\r\nDieser Archetyp wurde entworfen, um in den Status SLOT des EVALUATION.problem_diagnosis Archetyps eingefügt zu werden. Die Absicht des EVALUATION.problem_diagnosis Archetypen ist es alle Informationen zu beinhalten, die in allen Kontexten relevant sein könnten. Dieser Archetyp hingegen soll nur Informationen beschreiben, welche von dem Gebrauchskontext abhängen. \r\n\r\nWICHTIGE ANMERKUNG ZUM IMPLEMENTIEREN DES ARCHETYPEN:\r\n-Es ist weder die Absicht, noch wird impliziert, dass irgendein, oder alle Attribute in dem gleichen Kontext, oder in dem gleichen Zeitraum genutzt werden sollten. Im Gegensatz zu dem üblichen Entwurf von Archetypen, wurde dieser Archetyp absichtlich so gestaltet, dass oft genutzte Attribute an einem Platz gesammelt werden können. Dies gewährleistet eine einfache Standardisierung eines sonst sehr wirren Gebietes der klinischen Praxis. Es ist uns bewusst, dass die Datenelemente in diesem Archetypen viele verschiedene Konzepte, und teilweise auch konkurrierende Konzepte, einschließen. Dies wurde hauptsächlich gemacht um die Notwendigkeit von mehreren, meist nur wenige Elemente beinhaltenden, Attribut-Archetypen zu vermeiden.\r\n-Manche Datenelemente sind unter Umständen widersprüchlich, wenn Sie gleichzeitig in dem selben Kontext genutzt werden. Zum Beispiel würde die Nutzung eines \"inaktiven\" Problems, zusammen mit einer \"anhaltenden\" Episode keinen Sinn ergeben. Aus diesem Grund sollten diese Status Attribute mit hoher Sorgfalt genutzt werden. Sie können zwar variabel angewandt werden, aber in dem praktischen Gebrauch kann die Interoperabilität nur gewährleistet werden, wenn die Richtlinien innerhalb der klinischen Gemeinschaft in welcher das \"Problem/Diagnose\" und \"Problem/Diagnose Attribut\" Archetyp-Paar ausgetauscht wird, klar definiert sind.\r\n\r\nEine komplette DRG Kodierung setzt eine Kombination aus DRG-verwandten Datenelementen dieses Archetypen und von Datenelementen anderer Archetypen voraus. \r\n\r\n",
          "misuse" : "Nicht zur Darstellung einer Differenzialdiagnose - nutze den Archetypen EVALUATION.differential_diagnosis für diesen Zweck.\r\n\r\nNicht zur Darstellung der diagnostischen Sicherheit - nutze das \"Diagnostic certainty\" Datenelement innerhalb des EVALUATION.problem/diagnosis Archetypen für diesen Zweck.",
          "originalResourceUri" : { },
          "otherDetails" : { }
        },
        "ko" : {
          "@type" : "RESOURCE_DESCRIPTION_ITEM",
          "language" : {
            "terminologyId" : {
              "value" : "ISO_639-1"
            },
            "codeString" : "ko"
          },
          "purpose" : "특정 문제 또는 진단을 위한 임상 문맥-특징적인 또는 시간-특징적인 한정자(qualifier)를 기록하기 위함.",
          "keywords" : [ "문제", "활성", "비활성", "상태", "에피소드", "진단" ],
          "use" : "어떤 문제 또는 진단을 기록하는 경우, 임상 문맥을 기록하는 시점 또는 그 안에서 관계되는 추가적인 상세내용을 제공하는 관련된 문맥-특징적인 또는 시간-특징적인 한정자를 기록하는데 사용. 한정자가 다른 시간이나 임상 문맥에서는 부적당할 수도 있음.\r\n\r\n이 아키타입은 EVALUATION.problem_diagnosis archetype 내의 Status SLOT에 포함하도록 설계됨. 의도는 이 아카타입이 사용되는 문맥에 따르는 정보만을 기술하는 것과 반대로 모든 문맥에 적용되는 모든 정보를 포함하는 EVALUATION.problem_diagnosis archetype을 위한 것임.\r\n\r\n구현을 위한 중요 사항:\r\n- 이것은 이 한정자 일부 또는 전부가 같은 문맥 또는 같은 시간의 기간 내에 사용되어야 하는 것을 의도하거나 의미하지 않음. 일반적인 아키타입 설계와 다르게, 이 아카타입은 매우 복잡한 임상 실무 영역 내에서 간단히 표준화하기 위한 노력으로 많은 공통 한정자를 한 곳에 수집하기 위해 의도적으로 설계됨. 이 아키타입에 포함된 데이터 엘리먼트는 많은 상이한 그리고 때때로 심지어 경쟁적인 개념을 포괄하는 것으로 인정됨. 이것은 주로 오직 하나 또는 2개의 데이터 엘리먼트를 포함하는 여러 개의 한정자 아키타입을 필요로 하지 않도록 함. \r\n- 몇몇의 이런 데이터 엘리먼트는 같은 문맥에서 동시에 사용된다면 잠재적으로 직접적으로 충돌하는데, 예를 들어, '진행중'인 어떤 에피소드와 함께 '비활성' 문제를 가지는 것은 이치에 맞지 않음. 이와 같이, 이 상태 한정자는 실무에서 매우 다양하게 적용되는 것처럼 극단적인 진료환경에서 함께 사용되어야 하고, 사용 지침이 'Problem/Diagnosis'와 'Problem/Diagnosis qualifier' archetype 쌍이 공유될 수도 있는 임상 커뮤니티 내에서 명확하게 정의되어야 상호운용성을 보장할 수 있음.\r\n\r\n완전한 DRG 코딩은 다른 아키타입의 데이터 엘리먼트와 조합해서 이 아키타입의 DRG와 관련된 데이터 엘리먼트를 요구할 것임.",
          "misuse" : "감별진단을 표현하는데 사용하지 않아야 함 - 이 목적을 위해서는 EVALUATION.differential_diagnosis archetype를 사용해야 함.\r\n\r\n진단의 확실성(certainty)를 표현하기 위해 사용하지 않아야 함 - EVALUATION.problem_diagnosis archetype 내의 'Diagnostic certainty' 데이터 엘리먼트를 사용해야 함.",
          "originalResourceUri" : { },
          "otherDetails" : { }
        },
        "nb" : {
          "@type" : "RESOURCE_DESCRIPTION_ITEM",
          "language" : {
            "terminologyId" : {
              "value" : "ISO_639-1"
            },
            "codeString" : "nb"
          },
          "purpose" : "For å registrere en kontekstspesifikk eller tidsspesifikk kvalifikator for et problem eller en diagnose.",
          "keywords" : [ "problem", "aktivt", "inaktivt", "status", "episode", "tilstand", "aktiv", "inaktiv", "remisjon", "kronisk", "akutt" ],
          "use" : "Brukes for å registrere en kontekstspesifikk eller tidsspesifikk kvalifikator som gir ytterligere detaljer som er relevante på tidspunktet man registrerer et problem eller en diagnose. Kvalifikatoren er ikke nødvendigvis passende på et annet tidspunkt eller i en annen klinisk sammenheng.\r\n\r\nDenne arketypen skal brukes i SLOTet \"Status\" i arketypen EVALUATION.problem_diagnosis (Problem/diagnose). Intensjonen er at EVALUATION.problem_diagnosis-arketypen skal inneholde all informasjonen som gjelder i alle sammenhenger, i motsetning til denne arketypen som skal inneholde informasjonen som avhenger av brukssammenheng.\r\n\r\nVIKTIG INFORMASJON FOR IMPLEMENTERING:\r\n- Det er ikke meningen eller implisert at alle disse kvalifikatorene skal brukes i den samme sammenhengen eller det samme tidsperioden. I motsetning til den vanlige måten å lage arketyper på, er denne arketypen laget for å samle flere vanlige kvalifikatorer på ett sted for å forsøksvis oppnå et visst nivå av standardisering innenfor et ganske innfløkt område av klinisk praksis. Det erkjennes at dataelementene i denne arketypen omfatter mange forskjellige, og til dels også konkurrerende, konsepter. Dette ble gjort hovedsakelig for å unngå behov for å ha mange arketyper for kvalifikatorer, der hver av dem kun inneholder ett eller to dataelementer.\r\n- Noen av disse dataelementene er potensielt direkte motstridende dersom de brukes samtidig og i den samme sammenhengen. For eksempel gir det ikke mening å ha et \"inaktivt\" problem innenfor en \"pågående\" episode. Av den grunn bør disse kvalifikatorene brukes med stor omhu, siden de i praksis vil brukes for varierende formål, og interoperabilitet kan ikke garanteres med mindre det er definert klare retningslinjer for bruk innenfor de kliniske omstendighetene der \"Problem/diagnose\"- og \"Problem/diagnose-kvalifikatorer\"-arketypeparet brukes.\r\n\r\nFullstendig DRG-koding vil kreve DRG-relaterte dataelementer fra denne arketypen, i kombinasjon med elementer fra andre arketyper.",
          "misuse" : "Brukes ikke for å representere differensialdiagnoser. Bruk arketypen EVALUATION.differential_diagnosis for dette formålet.\r\n\r\nBrukes ikke for å representere diagnostisk sikkerhet. Bruk elementet \"Diagnostisk sikkerhet\" i arketypen EVALUATION.problem_diagnosis.",
          "originalResourceUri" : { },
          "otherDetails" : { }
        },
        "pt-br" : {
          "@type" : "RESOURCE_DESCRIPTION_ITEM",
          "language" : {
            "terminologyId" : {
              "value" : "ISO_639-1"
            },
            "codeString" : "pt-br"
          },
          "purpose" : "Para gravar um contexto clínico específico ou qualificador de tempo específico para um problema ou diagnóstico específico.",
          "keywords" : [ "problema", "ativo", "inativo", "estado", "episódio", "diagnóstico" ],
          "use" : "Use para gravar um qualificador de contexto específico ou tempo específico relevante que forneça detalhes adicionais de ou de e que sejam relevantes no momento do registro de um problema ou diagnóstico, ou dentro do contexto clínico onde é registrado, mas que pode não ser apropriado em outro tempo ou em outro contexto clínico.\r\n\r\nEste arquétipo foi projetado para ser incluído no slot Estado no arquétipo EVALUATION.problem_diagnosis archetype. A intenção é que o arquétipo EVALUATION.problem_diagnosis mantenha todas as informações que se aplicam em todos os contextos, em contraste com esse arquétipo que descreve apenas as informações que dependem do contexto de uso.\r\n\r\nNOTAS IMPORTANTES PARA IMPLEMENTAÇÃO:\r\n- Não é intencional ou implícito que algum ou todos esses qualificadores devam ser usados dentro do mesmo contexto ou período de tempo. Em contraste com o design usual de arquétipos, esse arquétipo foi deliberadamente projetado para coletar uma série de qualificadores comuns em um único lugar, em um esforço para tentar alguma padronização simples dentro de uma área muito confusa da prática clínica. Reconhece-se que os elementos de dados contidos neste arquétipo abrangem muitos conceitos diferentes e às vezes até concorrentes. Isso foi feito principalmente para evitar a necessidade de vários arquétipos de qualificadores, cada um contendo apenas um ou dois elementos de dados.\r\n- Alguns desses elementos de dados são potencialmente conflitantes se usados simultaneamente dentro do mesmo contexto, por exemplo, não faria sentido ter um problema 'inativo' junto com um Episódio 'em andamento'. Assim, esses qualificadores de status devem ser usados com extremo cuidado, pois são aplicados na prática e a interoperabilidade não pode ser assegurada, a menos que as diretrizes de uso estejam claramente definidas na comunidade clínica na qual o par de arquétipos 'Problema / Diagnóstico' e 'Qualificador do Problema / Diagnóstico' pode ser compartilhado.\r\n\r\nA codificação DRG completa vai exigir os elementos de dados DRG deste arquétipo em combinação com elementos de dados de outros arquétipos.",
          "misuse" : "Não deve ser usado para representar um diagnóstico diferencial - use o arquétipo EVALUATION.differential_diagnosis para este fim.\r\n\r\nNão deve ser usado para representar certeza diagnóstica - use elemento de dado \"Certeza de diagnóstico\" no arquétipo EVALUATION.problem_diagnosis.",
          "originalResourceUri" : { },
          "otherDetails" : { }
        },
        "en" : {
          "@type" : "RESOURCE_DESCRIPTION_ITEM",
          "language" : {
            "terminologyId" : {
              "value" : "ISO_639-1"
            },
            "codeString" : "en"
          },
          "purpose" : "To record a clinical context-specific or time-specific qualifier for a specified problem or diagnosis.",
          "keywords" : [ "problem", "active", "inactive", "status", "episode", "diagnosis" ],
          "use" : "Use to record a relevant context-specific or time-specific qualifier that provides additional detail which is relevant at the time of recording or within the clinical context where a problem or diagnosis is recorded. The qualifier may not be appropriate at another time or in another clinical context. \r\n\r\nThis archetype is designed to be included in Status SLOT in the EVALUATION.problem_diagnosis archetype. The intent is for the EVALUATION.problem_diagnosis archetype to hold all of the information that applies in all contexts, in contrast to this archetype describing only information that depends on the context of use.\r\n\r\nIMPORTANT NOTES FOR IMPLEMENTATION: \r\n- It is not intended or implied that any or all of these qualifiers should be used within the same context or period of time. In contrast to the usual design of archetypes, this archetype has been deliberately designed to collect a number of common qualifiers into one place in an effort to attempt some simple standardisation within a very messy area of clinical practice. It is acknowledged that the data elements contained in this archetype embrace many different, and sometimes even competing, concepts. This has been done mainly to prevent the need for multiple qualifier archetypes, each containing only one or two data elements. \r\n- Some of these data elements are potentially directly conflicting if used simultaneously within the same context, for example it would not make sense to have an 'inactive' problem together with an Episode that is 'ongoing'. As such, these status qualifiers should be used with extreme care as they are variably applied in practice and interoperability cannot be assured unless usage guidelines are clearly defined within the clinical community in which the 'Problem/Diagnosis' and 'Problem/Diagnosis qualifier' archetype pair may be shared. \r\n\r\nFull DRG coding will require the DRG-related data elements from this archetype in combination with data elements from other archetypes.",
          "misuse" : "Not to be used to represent a differential diagnosis - use the archetype EVALUATION.differential_diagnosis for this purpose.\r\n\r\nNot to be used to represent diagnostic certainty - use the 'Diagnostic certainty' data element within the EVALUATION.problem_diagnosis archetype.",
          "copyright" : "© openEHR Foundation",
          "originalResourceUri" : { },
          "otherDetails" : { }
        },
        "sl" : {
          "@type" : "RESOURCE_DESCRIPTION_ITEM",
          "language" : {
            "terminologyId" : {
              "value" : "ISO_639-1"
            },
            "codeString" : "sl"
          },
          "purpose" : "Za zapisovanje različnih statusov, ki se ponavadi uporablja za aplikacijskimi in kliničnimi sporočili, ki so odvisna od definirane vsebine\r\n\r\n",
          "keywords" : [ "problem", "aktiven", "ni aktiven" ],
          "use" : "Za dodeljevanje pravic EVALUATION.problem_diagnosis.v1 archetype, dodaja informacije za povezovanje. ",
          "misuse" : "It should not be assumed that these qualifiers are safely interoperable unless further definition and alignment is agreed between all sharing parties. A problem which has been defined as 'Inactive' during a hospital admission cannot be assumed to be regarded as 'Inactive' in a primary care setting , where a much longer term perspective is being taken. Similarly terms such as Initial, Interim and Final, whilst helpful to the human observer are unlikely to be precisely enough defined to be safely computable e.g. for decision support. ",
          "copyright" : "© openEHR Foundation",
          "originalResourceUri" : { },
          "otherDetails" : { }
        },
        "it" : {
          "@type" : "RESOURCE_DESCRIPTION_ITEM",
          "language" : {
            "terminologyId" : {
              "value" : "ISO_639-1"
            },
            "codeString" : "it"
          },
          "purpose" : "Registrare un qualificatore specifico del contesto clinico o temporale per un problema o una diagnosi specifici.",
          "keywords" : [ "problema, attivo, inattivo, stato, episodio, diagnosi" ],
          "use" : "Usato per registrare un qualificatore specifico del contesto o del tempo che fornisca ulteriori dettagli rilevanti al momento della registrazione o nell'ambito del contesto clinico in cui viene registrato un problema o una diagnosi. Il qualificatore potrebbe non essere appropriato in un altro momento o in un altro contesto clinico.\r\n\r\nQuesto archetipo è progettato per essere incluso in Status SLOT nell'archetipo di EVALUATION.problem_diagnosis. L'intento è che l'archetipo EVALUATION.problem_diagnosis contenga tutte le informazioni che si applicano in tutti i contesti, a differenza di questo archetipo che descrive solo le informazioni che dipendono dal contesto d'uso.\r\n\r\nNOTE IMPORTANTI PER L'IMPLEMENTAZIONE:\r\n- Non è inteso o implicito che uno o tutti questi qualificatori debbano essere utilizzati nello stesso contesto o periodo di tempo. In contrasto con il design abituale degli archetipi, questo archetipo è stato deliberatamente progettato per raccogliere una serie di qualificatori comuni in un unico luogo nel tentativo di tentare una semplice standardizzazione all'interno di un'area molto disordinata della pratica clinica. Si riconosce che i dati contenuti in questo archetipo abbracciano molti concetti diversi, e a volte anche in competizione tra loro. Questo è stato fatto principalmente per evitare la necessità di molteplici archetipi di qualificatori, ognuno dei quali contenente solo uno o due data element.\r\n- Alcuni di questi data element sono potenzialmente in conflitto diretto se utilizzati contemporaneamente all'interno dello stesso contesto, ad esempio non avrebbe senso avere un problema \"inattivo\" insieme ad un Episodio \"in corso\". In quanto tali, questi qualificatori di stato dovrebbero essere utilizzati con estrema cautela in quanto sono applicati in modo variabile nella pratica e l'interoperabilità non può essere garantita a meno che le linee guida di utilizzo non siano chiaramente definite all'interno della comunità clinica in cui la coppia di archetipi \"Problema/Diagnosi\" e \"Qualificatore di problema/diagnosi\" possono essere condivisi.\r\n\r\nLa codifica DRG completa richiederà che i data element relativi al DRG di questo archetipo siano combinati con data element di altri archetipi.",
          "misuse" : "Da non utilizzare per rappresentare una diagnosi differenziale - utilizzare a questo scopo l'archetipo EVALUATION.differential_diagnosis.\r\n\r\nDa non utilizzare per rappresentare la certezza diagnostica - utilizzare l'elemento di dati \"Certezza diagnostica\" all'interno dell'archetipo EVALUATION.problem_diagnosis.",
          "originalResourceUri" : { },
          "otherDetails" : { }
        }
      }
    },
    "parentArchetypeId" : "openEHR-EHR-CLUSTER.problem_qualifier.v1",
    "differential" : true,
    "archetypeId" : {
      "@type" : "ARCHETYPE_HRID",
      "value" : "openEHR-EHR-CLUSTER.ovl-problem_qualifier-001.v1"
    },
    "definition" : {
      "@type" : "C_COMPLEX_OBJECT",
      "rmTypeName" : "CLUSTER",
      "nodeId" : "at0000.1",
      "attributes" : [ {
        "@type" : "C_ATTRIBUTE",
        "rmAttributeName" : "items",
        "children" : [ {
          "@type" : "C_COMPLEX_OBJECT",
          "rmTypeName" : "ELEMENT",
          "nodeId" : "at0004.1",
          "attributes" : [ {
            "@type" : "C_ATTRIBUTE",
            "rmAttributeName" : "value",
            "children" : [ {
              "@type" : "C_COMPLEX_OBJECT",
              "rmTypeName" : "DV_CODED_TEXT",
              "attributes" : [ {
                "@type" : "C_ATTRIBUTE",
                "rmAttributeName" : "defining_code",
                "children" : [ {
                  "@type" : "C_TERMINOLOGY_CODE",
                  "rmTypeName" : "TERMINOLOGY_CODE",
                  "occurrences" : "1..1",
                  "terminologyId" : {
                    "value" : "local"
                  },
                  "constraint" : [ "ac0.6" ],
                  "selectedTerminologies" : [ ]
                } ]
              } ],
              "attributeTuples" : [ ]
            } ]
          } ],
          "attributeTuples" : [ ]
        }, {
          "@type" : "C_COMPLEX_OBJECT",
          "rmTypeName" : "ELEMENT",
          "occurrences" : "0..0",
          "nodeId" : "at0060.1",
          "attributes" : [ {
            "@type" : "C_ATTRIBUTE",
            "rmAttributeName" : "value",
            "children" : [ {
              "@type" : "C_COMPLEX_OBJECT",
              "rmTypeName" : "DV_CODED_TEXT",
              "attributes" : [ {
                "@type" : "C_ATTRIBUTE",
                "rmAttributeName" : "defining_code",
                "children" : [ {
                  "@type" : "C_TERMINOLOGY_CODE",
                  "rmTypeName" : "CODE_PHRASE",
                  "occurrences" : "1..1",
                  "terminologyId" : {
                    "value" : "local"
                  },
                  "constraint" : [ "at0062", "at0061" ]
                } ]
              } ],
              "attributeTuples" : [ ]
            } ]
          } ],
          "attributeTuples" : [ ]
        }, {
          "@type" : "C_COMPLEX_OBJECT",
          "rmTypeName" : "ELEMENT",
          "occurrences" : "0..0",
          "nodeId" : "at0003.1",
          "attributes" : [ {
            "@type" : "C_ATTRIBUTE",
            "rmAttributeName" : "value",
            "children" : [ {
              "@type" : "C_COMPLEX_OBJECT",
              "rmTypeName" : "DV_CODED_TEXT",
              "attributes" : [ {
                "@type" : "C_ATTRIBUTE",
                "rmAttributeName" : "defining_code",
                "children" : [ {
                  "@type" : "C_TERMINOLOGY_CODE",
                  "rmTypeName" : "CODE_PHRASE",
                  "occurrences" : "1..1",
                  "terminologyId" : {
                    "value" : "local"
                  },
                  "constraint" : [ "at0026", "at0027" ]
                } ]
              } ],
              "attributeTuples" : [ ]
            } ]
          } ],
          "attributeTuples" : [ ]
        }, {
          "@type" : "C_COMPLEX_OBJECT",
          "rmTypeName" : "ELEMENT",
          "occurrences" : "0..0",
          "nodeId" : "at0083.1",
          "attributes" : [ {
            "@type" : "C_ATTRIBUTE",
            "rmAttributeName" : "value",
            "children" : [ {
              "@type" : "C_COMPLEX_OBJECT",
              "rmTypeName" : "DV_CODED_TEXT",
              "attributes" : [ {
                "@type" : "C_ATTRIBUTE",
                "rmAttributeName" : "defining_code",
                "children" : [ {
                  "@type" : "C_TERMINOLOGY_CODE",
                  "rmTypeName" : "CODE_PHRASE",
                  "occurrences" : "1..1",
                  "terminologyId" : {
                    "value" : "local"
                  },
                  "constraint" : [ "at0086", "at0085", "at0084", "at0087", "at0097" ]
                } ]
              } ],
              "attributeTuples" : [ ]
            } ]
          } ],
          "attributeTuples" : [ ]
        }, {
          "@type" : "C_COMPLEX_OBJECT",
          "rmTypeName" : "ELEMENT",
          "occurrences" : "0..0",
          "nodeId" : "at0089.1",
          "attributes" : [ {
            "@type" : "C_ATTRIBUTE",
            "rmAttributeName" : "value",
            "children" : [ {
              "@type" : "C_COMPLEX_OBJECT",
              "rmTypeName" : "DV_CODED_TEXT",
              "attributes" : [ {
                "@type" : "C_ATTRIBUTE",
                "rmAttributeName" : "defining_code",
                "children" : [ {
                  "@type" : "C_TERMINOLOGY_CODE",
                  "rmTypeName" : "CODE_PHRASE",
                  "occurrences" : "1..1",
                  "terminologyId" : {
                    "value" : "local"
                  },
                  "constraint" : [ "at0090", "at0092", "at0093" ]
                } ]
              } ],
              "attributeTuples" : [ ]
            } ]
          } ],
          "attributeTuples" : [ ]
        }, {
          "@type" : "C_COMPLEX_OBJECT",
          "rmTypeName" : "ELEMENT",
          "occurrences" : "0..0",
          "nodeId" : "at0001.1",
          "attributes" : [ {
            "@type" : "C_ATTRIBUTE",
            "rmAttributeName" : "value",
            "children" : [ {
              "@type" : "C_COMPLEX_OBJECT",
              "rmTypeName" : "DV_CODED_TEXT",
              "attributes" : [ {
                "@type" : "C_ATTRIBUTE",
                "rmAttributeName" : "defining_code",
                "children" : [ {
                  "@type" : "C_TERMINOLOGY_CODE",
                  "rmTypeName" : "CODE_PHRASE",
                  "occurrences" : "1..1",
                  "terminologyId" : {
                    "value" : "local"
                  },
                  "constraint" : [ "at0034", "at0035", "at0070" ]
                } ]
              } ],
              "attributeTuples" : [ ]
            } ]
          } ],
          "attributeTuples" : [ ]
        }, {
          "@type" : "C_COMPLEX_OBJECT",
          "rmTypeName" : "ELEMENT",
          "occurrences" : "0..0",
          "nodeId" : "at0071.1",
          "attributes" : [ {
            "@type" : "C_ATTRIBUTE",
            "rmAttributeName" : "value",
            "children" : [ {
              "@type" : "C_COMPLEX_OBJECT",
              "rmTypeName" : "DV_CODED_TEXT",
              "attributes" : [ {
                "@type" : "C_ATTRIBUTE",
                "rmAttributeName" : "defining_code",
                "children" : [ {
                  "@type" : "C_TERMINOLOGY_CODE",
                  "rmTypeName" : "CODE_PHRASE",
                  "occurrences" : "1..1",
                  "terminologyId" : {
                    "value" : "local"
                  },
                  "constraint" : [ "at0095", "at0096" ]
                } ]
              } ],
              "attributeTuples" : [ ]
            } ]
          } ],
          "attributeTuples" : [ ]
        }, {
          "@type" : "C_COMPLEX_OBJECT",
          "rmTypeName" : "ELEMENT",
          "occurrences" : "0..0",
          "nodeId" : "at0077.1",
          "attributes" : [ {
            "@type" : "C_ATTRIBUTE",
            "rmAttributeName" : "value",
            "children" : [ {
              "@type" : "C_COMPLEX_OBJECT",
              "rmTypeName" : "DV_CODED_TEXT",
              "attributes" : [ {
                "@type" : "C_ATTRIBUTE",
                "rmAttributeName" : "defining_code",
                "children" : [ {
                  "@type" : "C_TERMINOLOGY_CODE",
                  "rmTypeName" : "CODE_PHRASE",
                  "occurrences" : "1..1",
                  "terminologyId" : {
                    "value" : "local"
                  },
                  "constraint" : [ "at0081", "at0094", "at0079" ]
                } ]
              } ],
              "attributeTuples" : [ ]
            } ]
          } ],
          "attributeTuples" : [ ]
        }, {
          "@type" : "C_COMPLEX_OBJECT",
          "rmTypeName" : "ELEMENT",
          "occurrences" : "0..0",
          "nodeId" : "at0063.1",
          "attributes" : [ {
            "@type" : "C_ATTRIBUTE",
            "rmAttributeName" : "value",
            "children" : [ {
              "@type" : "C_COMPLEX_OBJECT",
              "rmTypeName" : "DV_CODED_TEXT",
              "attributes" : [ {
                "@type" : "C_ATTRIBUTE",
                "rmAttributeName" : "defining_code",
                "children" : [ {
                  "@type" : "C_TERMINOLOGY_CODE",
                  "rmTypeName" : "CODE_PHRASE",
                  "occurrences" : "1..1",
                  "terminologyId" : {
                    "value" : "local"
                  },
                  "constraint" : [ "at0064", "at0066", "at0076" ]
                } ]
              } ],
              "attributeTuples" : [ ]
            }, {
              "@type" : "C_COMPLEX_OBJECT",
              "rmTypeName" : "DV_TEXT",
              "attributes" : [ ],
              "attributeTuples" : [ ]
            } ]
          } ],
          "attributeTuples" : [ ]
        }, {
          "@type" : "C_COMPLEX_OBJECT",
          "rmTypeName" : "ELEMENT",
          "occurrences" : "0..0",
          "nodeId" : "at0073.1",
          "attributes" : [ {
            "@type" : "C_ATTRIBUTE",
            "rmAttributeName" : "value",
            "children" : [ {
              "@type" : "C_COMPLEX_OBJECT",
              "rmTypeName" : "DV_BOOLEAN",
              "attributes" : [ {
                "@type" : "C_ATTRIBUTE",
                "rmAttributeName" : "value",
                "children" : [ {
                  "@type" : "C_BOOLEAN",
                  "rmTypeName" : "Boolean",
                  "occurrences" : "1..1",
                  "constraint" : [ true ]
                } ]
              } ],
              "attributeTuples" : [ ]
            } ]
          } ],
          "attributeTuples" : [ ]
        } ]
      } ],
      "attributeTuples" : [ ]
    },
    "terminology" : {
      "@type" : "ARCHETYPE_TERMINOLOGY",
      "conceptCode" : "at0000",
      "termDefinitions" : {
        "en" : {
          "at0000.1" : {
            "@type" : "ARCHETYPE_TERM",
            "code" : "at0000.1",
            "text" : "Status",
            "description" : "Contextual or temporal qualifier for a specified problem or diagnosis."
          },
          "ac0.6" : {
            "@type" : "ARCHETYPE_TERM",
            "text" : "(Synthesized)",
            "code" : "ac0.6",
            "description" : "*"
          }
        },
        "sl" : {
          "ac0.6" : {
            "@type" : "ARCHETYPE_TERM",
            "text" : "*(Synthesized) (en)",
            "code" : "ac0.6",
            "description" : "*"
          }
        },
        "pt-br" : {
          "at0000.1" : {
            "@type" : "ARCHETYPE_TERM",
            "code" : "at0000.1",
            "text" : "*Problem/Diagnosis qualifier(en)",
            "description" : "*Contextual or temporal qualifier for a specified problem or diagnosis.(en)"
          },
          "at0004.1" : {
            "@type" : "ARCHETYPE_TERM",
            "code" : "at0004.1",
            "text" : "*Diagnostic status(en)",
            "description" : "*Stage or phase of diagnostic process.(en)",
            "comment" : "*The status is usually determined by a combination of the timing of diagnosis plus level of clinical certainty resulting from diagnostic tests and clinical evidence available. This data element and 'Diagnostic certainty' in EVALUATION.problem_diagnosis are two important axes of the diagnostic process, and valid combinations will need to be presented by software that exposes both data elements, so it is not possible for users to select conflicting combinations. \r\nPreliminary or working diagnoses are intended to represent the single most likely choice out of all differential diagnosis options.(en)"
          },
          "at0060.1" : {
            "@type" : "ARCHETYPE_TERM",
            "code" : "at0060.1",
            "text" : "*Current/Past?(en)",
            "description" : "*Category that supports division of problems and diagnoses into Current or Past problem lists.(en)",
            "comment" : "*The Current/Past and Active/Inactive data elements have similar clinical impact but represent slightly different semantics. Both are actively used in different clinical settings, but usually not together. If an Active/Inactive qualifier is recorded, then this data element is likely to be redundant. An exception where a condition can be current but inactive is asthma that is not causing acute symptoms.(en)"
          },
          "at0003.1" : {
            "@type" : "ARCHETYPE_TERM",
            "code" : "at0003.1",
            "text" : "*Active/Inactive?(en)",
            "description" : "*Category that supports division of problems and diagnoses into Active or Inactive problem lists.(en)",
            "comment" : "*The Active/Inactive and Current/Past data elements have similar clinical impact but represent slightly different semantics. Both are actively used in different clinical settings, but usually not together. If a Current/Past qualifier is recorded, then this data element is likely to be redundant. An exception where a condition can be current but inactive is asthma that is not causing acute symptoms.(en)"
          },
          "at0083.1" : {
            "@type" : "ARCHETYPE_TERM",
            "code" : "at0083.1",
            "text" : "*Resolution phase(en)",
            "description" : "*Phase of healing for an acute problem or diagnosis.(en)",
            "comment" : "*For example: tracking the progress of resolution of a middle ear infection.(en)"
          },
          "at0089.1" : {
            "@type" : "ARCHETYPE_TERM",
            "code" : "at0089.1",
            "text" : "*Remission status(en)",
            "description" : "*Status of the remission of an incurable diagnosis.(en)",
            "comment" : "*For example: the status of a cancer or haematological diagnosis.(en)"
          },
          "at0001.1" : {
            "@type" : "ARCHETYPE_TERM",
            "code" : "at0001.1",
            "text" : "*Episodicity(en)",
            "description" : "*Category of this episode for the identified problem/diagnosis.(en)",
            "comment" : "*For example: 'New' will enable clinicians to distinguish a new, acute episode of otitis media that may have arisen soon after a previous diagnosis, to distinguish it from an unresolved or 'Ongoing' diagnosis of chronic otitis media. Treatment of recurring, new and acute, episodes of a condition may differ significantly from the same condition that is not resolving or responding to treatment. In many situations the clinician will not be able to tell, and so indeterminate may be appropriate.(en)"
          },
          "at0071.1" : {
            "@type" : "ARCHETYPE_TERM",
            "code" : "at0071.1",
            "text" : "*Occurrence (en)",
            "description" : "*Category of the occurrence for this problem or diagnosis. (en)",
            "comment" : "*This data element can be an additional qualifier to the 'New' value in the 'Episodicity' value set, that is a condition such as asthma can have recurring new episodes that have periods of resolution in between. However it can be important to identify the first ever episode of asthma from all of the other episodes. (en)"
          },
          "at0077.1" : {
            "@type" : "ARCHETYPE_TERM",
            "code" : "at0077.1",
            "text" : "*Course label(en)",
            "description" : "*Category reflecting the speed of onset and/or duration and persistence of the problem or diagnosis.(en)",
            "comment" : "*Definitions of acute vs chronic will differ for each diagnosis.(en)"
          },
          "at0063.1" : {
            "@type" : "ARCHETYPE_TERM",
            "code" : "at0063.1",
            "text" : "*Diagnostic category(en)",
            "description" : "*Category of the problem or diagnosis within a specified episode of care and/or local care context.(en)",
            "comment" : "*This data element contains a value set commonly used in diagnostic categorisation. In episodic care contexts (commonly secondary care) it is common to categorise/organise diagnoses according to their relationship to the principal diagnosis being addressed during that episode of care. These categories may also be used for clinical coding, reporting and billing purposes. In some countries the diagnostic category may be known as a DRG.\r\nIn addition, the free text choice permits use of other local value sets, as required.(en)"
          },
          "at0073.1" : {
            "@type" : "ARCHETYPE_TERM",
            "code" : "at0073.1",
            "text" : "*Admission diagnosis?(en)",
            "description" : "*Was the problem or diagnosis present at admission?(en)",
            "comment" : "*Record as True if the problem or diagnosis was present on admission. This data element is a requirement from DRG reporting in some countries.(en)"
          },
          "ac0.6" : {
            "@type" : "ARCHETYPE_TERM",
            "text" : "*(Synthesized) (en)",
            "code" : "ac0.6",
            "description" : "*"
          }
        },
        "nb" : {
          "ac0.6" : {
            "@type" : "ARCHETYPE_TERM",
            "text" : "*(Synthesized) (en)",
            "code" : "ac0.6",
            "description" : "*"
          }
        },
        "ko" : {
          "ac0.6" : {
            "@type" : "ARCHETYPE_TERM",
            "text" : "*(Synthesized) (en)",
            "code" : "ac0.6",
            "description" : "*"
          }
        },
        "de" : {
          "ac0.6" : {
            "@type" : "ARCHETYPE_TERM",
            "text" : "*(Synthesized) (en)",
            "code" : "ac0.6",
            "description" : "*"
          }
        },
        "it" : {
          "ac0.6" : {
            "@type" : "ARCHETYPE_TERM",
            "text" : "(Synthesized)",
            "code" : "ac0.6",
            "description" : "*"
          }
        }
      },
      "termBindings" : {
        "SNOMED-CT" : {
          "at0004.1" : "term:SNOMED-CT::106229004",
          "at0060.1" : "term:SNOMED-CT::410511007",
          "at0001.1" : "term:SNOMED-CT::288526004",
          "at0077.1" : "term:SNOMED-CT::288524001"
        }
      },
      "terminologyExtracts" : { },
      "valueSets" : {
        "ac0.1" : {
          "@type" : "VALUE_SET",
          "id" : "ac0.1",
          "members" : [ "at0017", "at0018", "at0088" ]
        },
        "ac0.2" : {
          "@type" : "VALUE_SET",
          "id" : "ac0.2",
          "members" : [ "at0017", "at0088" ]
        },
        "ac0.3" : {
          "@type" : "VALUE_SET",
          "id" : "ac0.3",
          "members" : [ "at0017" ]
        },
        "ac0.4" : {
          "@type" : "VALUE_SET",
          "id" : "ac0.4",
          "members" : [ "at0017" ]
        },
        "ac0.5" : {
          "@type" : "VALUE_SET",
          "id" : "ac0.5",
          "members" : [ "at0017" ]
        },
        "ac0.6" : {
          "@type" : "VALUE_SET",
          "id" : "ac0.6",
          "members" : [ "at0017" ]
        }
      }
    },
    "adlVersion" : "1.4",
    "buildUid" : "5efb29e7-1fe5-4ea6-a245-de1c6a5dad28",
    "rmName" : "openehr",
    "rmRelease" : "1.0.3",
    "generated" : true,
    "otherMetaData" : { },
    "originalLanguage" : {
      "terminologyId" : {
        "value" : "ISO_639-1"
      },
      "codeString" : "en"
    },
    "translations" : [ {
      "@type" : "TRANSLATION_DETAILS",
      "language" : {
        "terminologyId" : {
          "value" : "ISO_639-1"
        },
        "codeString" : "nb"
      },
      "author" : {
        "name" : "John Tore Valand, Silje Ljosland Bakke",
        "organisation" : "Helse Bergen HF, Nasjonal IKT HF"
      },
      "otherDetails" : { }
    }, {
      "@type" : "TRANSLATION_DETAILS",
      "language" : {
        "terminologyId" : {
          "value" : "ISO_639-1"
        },
        "codeString" : "ko"
      },
      "author" : {
        "name" : "Seung-Jong Yu",
        "organisation" : "InfoClinic Co.,Ltd.",
        "email" : "seungjong.yu@gmail.com"
      },
      "accreditation" : "M.D.",
      "otherDetails" : { }
    }, {
      "@type" : "TRANSLATION_DETAILS",
      "language" : {
        "terminologyId" : {
          "value" : "ISO_639-1"
        },
        "codeString" : "pt-br"
      },
      "author" : {
        "name" : "Marivan Abrahão, Gabriela Alves, Adriana Kitajima e Maria Ângela Scatena",
        "organisation" : "Core Consulting",
        "email" : "contato@coreconsulting.com.br"
      },
      "accreditation" : "Hospital Alemão Oswaldo Cruz (HAOC)",
      "otherDetails" : { }
    }, {
      "@type" : "TRANSLATION_DETAILS",
      "language" : {
        "terminologyId" : {
          "value" : "ISO_639-1"
        },
        "codeString" : "sl"
      },
      "author" : {
        "name" : "mag. Biljana Prinčič",
        "organisation" : "Marand d.o.o., Ljubljana, Slovenija",
        "email" : "biljana.princic@marand.si"
      },
      "otherDetails" : { }
    }, {
      "@type" : "TRANSLATION_DETAILS",
      "language" : {
        "terminologyId" : {
          "value" : "ISO_639-1"
        },
        "codeString" : "de"
      },
      "author" : {
        "name" : "Simon Schumacher",
        "organisation" : "HiGHmed",
        "email" : "sschuma9@uni-koeln.de"
      },
      "otherDetails" : { }
    }, {
      "@type" : "TRANSLATION_DETAILS",
      "language" : {
        "terminologyId" : {
          "value" : "ISO_639-1"
        },
        "codeString" : "it"
      },
      "author" : {
        "name" : "Francesca Frexia",
        "organisation" : "CRS4 - Center for advanced studies, research and development in Sardinia, Pula (Cagliari), Italy",
        "email" : "francesca.frexia@crs4.it"
      },
      "otherDetails" : { }
    } ]
  } ],
  "originalLanguage" : {
    "terminologyId" : {
      "value" : "ISO_639-1"
    },
    "codeString" : "en"
  },
  "translations" : [ {
    "@type" : "TRANSLATION_DETAILS",
    "language" : {
      "terminologyId" : {
        "value" : "ISO_639-1"
      },
      "codeString" : "de"
    },
    "author" : { },
    "otherDetails" : { }
  }, {
    "@type" : "TRANSLATION_DETAILS",
    "language" : {
      "terminologyId" : {
        "value" : "ISO_639-1"
      },
      "codeString" : "sv"
    },
    "author" : { },
    "otherDetails" : { }
  }, {
    "@type" : "TRANSLATION_DETAILS",
    "language" : {
      "terminologyId" : {
        "value" : "ISO_639-1"
      },
      "codeString" : "es-ar"
    },
    "author" : { },
    "otherDetails" : { }
  }, {
    "@type" : "TRANSLATION_DETAILS",
    "language" : {
      "terminologyId" : {
        "value" : "ISO_639-1"
      },
      "codeString" : "nb"
    },
    "author" : { },
    "otherDetails" : { }
  }, {
    "@type" : "TRANSLATION_DETAILS",
    "language" : {
      "terminologyId" : {
        "value" : "ISO_639-1"
      },
      "codeString" : "ko"
    },
    "author" : { },
    "otherDetails" : { }
  }, {
    "@type" : "TRANSLATION_DETAILS",
    "language" : {
      "terminologyId" : {
        "value" : "ISO_639-1"
      },
      "codeString" : "pt-br"
    },
    "author" : { },
    "otherDetails" : { }
  }, {
    "@type" : "TRANSLATION_DETAILS",
    "language" : {
      "terminologyId" : {
        "value" : "ISO_639-1"
      },
      "codeString" : "ar-sy"
    },
    "author" : { },
    "otherDetails" : { }
  }, {
    "@type" : "TRANSLATION_DETAILS",
    "language" : {
      "terminologyId" : {
        "value" : "ISO_639-1"
      },
      "codeString" : "es"
    },
    "author" : { },
    "otherDetails" : { }
  }, {
    "@type" : "TRANSLATION_DETAILS",
    "language" : {
      "terminologyId" : {
        "value" : "ISO_639-1"
      },
      "codeString" : "fi"
    },
    "author" : { },
    "otherDetails" : { }
  }, {
    "@type" : "TRANSLATION_DETAILS",
    "language" : {
      "terminologyId" : {
        "value" : "ISO_639-1"
      },
      "codeString" : "it"
    },
    "author" : { },
    "otherDetails" : { }
  } ]
}