{
  "@type" : "TEMPLATE",
  "uid" : "08138f06-ccca-416f-b11a-fab61f9761b1",
  "description" : {
    "@type" : "RESOURCE_DESCRIPTION",
    "originalAuthor" : {
      "date" : "2020-03-28"
    },
    "otherContributors" : [ ],
    "lifecycleState" : {
      "codeString" : "unmanaged"
    },
    "ipAcknowledgements" : { },
    "references" : { },
    "conversionDetails" : { },
    "otherDetails" : {
      "licence" : "This work is licensed under the Creative Commons Attribution-ShareAlike 4.0 International License. To view a copy of this license, visit http://creativecommons.org/licenses/by-sa/4.0/.",
      "custodian_organisation" : "openEHR Foundation",
      "original_namespace" : "org.openehr",
      "original_publisher" : "openEHR Foundation",
      "custodian_namespace" : "org.openehr",
      "MD5-CAM-1.0.1" : "fa981acee7b0da3968d3c7af725c95d0"
    },
    "details" : {
      "nb" : {
        "@type" : "RESOURCE_DESCRIPTION_ITEM",
        "language" : {
          "terminologyId" : {
            "value" : "ISO_639-1"
          },
          "codeString" : "nb"
        },
        "keywords" : [ ],
        "originalResourceUri" : { },
        "otherDetails" : { }
      },
      "en" : {
        "@type" : "RESOURCE_DESCRIPTION_ITEM",
        "language" : {
          "terminologyId" : {
            "value" : "ISO_639-1"
          },
          "codeString" : "en"
        },
        "keywords" : [ ],
        "originalResourceUri" : { },
        "otherDetails" : { }
      },
      "it" : {
        "@type" : "RESOURCE_DESCRIPTION_ITEM",
        "language" : {
          "terminologyId" : {
            "value" : "ISO_639-1"
          },
          "codeString" : "it"
        },
        "keywords" : [ ],
        "originalResourceUri" : { },
        "otherDetails" : { }
      }
    }
  },
  "parentArchetypeId" : "openEHR-EHR-EVALUATION.occupation_summary.v1",
  "differential" : true,
  "archetypeId" : {
    "@type" : "ARCHETYPE_HRID",
    "value" : "openEHR-EHR-EVALUATION.healthrelated_occupation.v1"
  },
  "definition" : {
    "@type" : "C_COMPLEX_OBJECT",
    "rmTypeName" : "EVALUATION",
    "nodeId" : "at0000.1",
    "attributes" : [ {
      "@type" : "C_ATTRIBUTE",
      "rmAttributeName" : "data",
      "children" : [ {
        "@type" : "C_COMPLEX_OBJECT",
        "rmTypeName" : "ITEM_TREE",
        "nodeId" : "at0001",
        "attributes" : [ {
          "@type" : "C_ATTRIBUTE",
          "rmAttributeName" : "items",
          "children" : [ {
            "@type" : "C_COMPLEX_OBJECT",
            "rmTypeName" : "ELEMENT",
            "occurrences" : "0..0",
            "nodeId" : "at0002.1",
            "attributes" : [ ],
            "attributeTuples" : [ ]
          }, {
            "@type" : "C_COMPLEX_OBJECT",
            "rmTypeName" : "ELEMENT",
            "occurrences" : "0..0",
            "nodeId" : "at0004.1",
            "attributes" : [ {
              "@type" : "C_ATTRIBUTE",
              "rmAttributeName" : "value",
              "children" : [ {
                "@type" : "C_COMPLEX_OBJECT",
                "rmTypeName" : "DV_TEXT",
                "attributes" : [ {
                  "@type" : "C_ATTRIBUTE",
                  "rmAttributeName" : "value",
                  "children" : [ {
                    "@type" : "C_STRING",
                    "rmTypeName" : "STRING",
                    "constraint" : [ "YES", "NO", "UNKNOWN" ]
                  } ]
                } ],
                "attributeTuples" : [ ]
              } ]
            } ],
            "attributeTuples" : [ ]
          }, {
            "@type" : "C_COMPLEX_OBJECT",
            "rmTypeName" : "ELEMENT",
            "occurrences" : "0..0",
            "nodeId" : "at0006.1",
            "attributes" : [ ],
            "attributeTuples" : [ ]
          }, {
            "@type" : "C_ARCHETYPE_ROOT",
            "rmTypeName" : "CLUSTER",
            "occurrences" : "0..1",
            "nodeId" : "at0003.1",
            "attributes" : [ ],
            "attributeTuples" : [ ],
            "archetypeRef" : "openEHR-EHR-CLUSTER.ovl-occupation_record-001.v1",
            "referenceType" : "archetypeOverlay"
          }, {
            "@type" : "C_ARCHETYPE_ROOT",
            "rmTypeName" : "CLUSTER",
            "occurrences" : "0..1",
            "nodeId" : "at0005.1",
            "attributes" : [ ],
            "attributeTuples" : [ ],
            "archetypeRef" : "openEHR-EHR-CLUSTER.ovl-employment_covid-001.v0",
            "referenceType" : "archetypeOverlay"
          } ]
        } ],
        "attributeTuples" : [ ]
      } ]
    }, {
      "@type" : "C_ATTRIBUTE",
      "rmAttributeName" : "protocol",
      "children" : [ {
        "@type" : "C_COMPLEX_OBJECT",
        "rmTypeName" : "ITEM_TREE",
        "nodeId" : "at0007",
        "attributes" : [ {
          "@type" : "C_ATTRIBUTE",
          "rmAttributeName" : "items",
          "children" : [ {
            "@type" : "C_COMPLEX_OBJECT",
            "rmTypeName" : "ELEMENT",
            "occurrences" : "0..0",
            "nodeId" : "at0009.1",
            "attributes" : [ {
              "@type" : "C_ATTRIBUTE",
              "rmAttributeName" : "value",
              "children" : [ {
                "@type" : "C_COMPLEX_OBJECT",
                "rmTypeName" : "DV_DATE_TIME",
                "attributes" : [ {
                  "@type" : "C_ATTRIBUTE",
                  "rmAttributeName" : "value",
                  "children" : [ {
                    "@type" : "C_DATE_TIME",
                    "rmTypeName" : "DATE_TIME",
                    "constraint" : [ ]
                  } ]
                } ],
                "attributeTuples" : [ ]
              } ]
            } ],
            "attributeTuples" : [ ]
          } ]
        } ],
        "attributeTuples" : [ ]
      } ]
    } ],
    "attributeTuples" : [ ]
  },
  "terminology" : {
    "@type" : "ARCHETYPE_TERMINOLOGY",
    "conceptCode" : "at0000",
    "termDefinitions" : {
      "en" : {
        "at0000.1" : {
          "@type" : "ARCHETYPE_TERM",
          "code" : "at0000.1",
          "text" : "Health-related occupation",
          "description" : "Summary or persistent information about an individual's current and past jobs and/or roles."
        },
        "at0004.1" : {
          "@type" : "ARCHETYPE_TERM",
          "code" : "at0004.1",
          "text" : "Is healthcare worker?",
          "description" : "Statement about the individual's current employment.",
          "comment" : "For example: employed; unemployed; or not in labour force. Coding with a terminology is desirable, where possible. Detail about each occupation can be recorded within the CLUSTER.occupation_record archetype."
        }
      },
      "nb" : { },
      "it" : { }
    },
    "termBindings" : { },
    "terminologyExtracts" : { },
    "valueSets" : { }
  },
  "adlVersion" : "1.4",
  "buildUid" : "afe223f9-eb46-38c9-9bff-11abb52a85ca",
  "rmName" : "openehr",
  "rmRelease" : "1.0.3",
  "generated" : true,
  "templateId" : "NDS_COVID Health-related occupation",
  "otherMetaData" : { },
  "templateOverlays" : [ {
    "@type" : "TEMPLATE_OVERLAY",
    "uid" : "99f36a04-b09a-411d-99f6-d9b25341ecfb",
    "description" : {
      "@type" : "RESOURCE_DESCRIPTION",
      "originalAuthor" : { },
      "otherContributors" : [ ],
      "ipAcknowledgements" : { },
      "references" : { },
      "conversionDetails" : { },
      "otherDetails" : { },
      "details" : {
        "nb" : {
          "@type" : "RESOURCE_DESCRIPTION_ITEM",
          "language" : {
            "terminologyId" : {
              "value" : "ISO_639-1"
            },
            "codeString" : "nb"
          },
          "purpose" : "For å registrere detaljert informasjon om en jobb eller rolle individet har, eller har hatt i en spesifisert tidsperiode.",
          "keywords" : [ "arbeid", "arbeidstaker", "arbeidsgiver", "arbeidsforhold", "arbeidshistorikk", "jobb", "ansatt", "yrke", "arbeidsløs", "studerer", "student", "elev", "trygdet", "ufør", "arbeidssituasjon", "erverv", "yrkestilknytning", "pensjon", "pensjonist", "attføring", "bransje", "arbeidsledig", "hjemmeværende", "stilling", "profesjon", "frivillig", "vernepliktig", "sektor", "næring", "verv" ],
          "use" : "Brukes for å registrere detaljert informasjon om en jobb eller rolle individet har, eller har hatt i en spesifisert tidsperiode.\r\n\r\nArketypen omfatter alle typer arbeid eller aktiviteter individet har eller har hatt. For eksempel: En/et betalt eller ubetalt jobb/arbeid/verv, samt ulike roller som for eksempel pensjonist, hjemmeværende eller student.\r\n\r\nVed å benytte denne arketypen til gjentatte registreringer, vil en få fram en historisk oversikt over nåværende og tidligere arbeidsforhold /roller et individ har eller har hatt.\r\n\r\nEt aktivt, nåværende arbeidsforhold/roller kan bli utledet fra \"Dato for oppstart\" hvis det ikke er registrert noe i \"Dato for opphør\".\r\n\r\nEt individ kan ha mange samtidige arbeidsforhold/rolle, og de kan hver for seg være betalt eller ubetalt. Hvert slik arbeidsforhold registreres i egne instanser av denne arketypen.\r\n\r\nHvis detaljer om et arbeidsforhold/rolle endrer seg vesentlig, som forandring av tittel eller stillingsprosent, registreres dette i egne instanser av denne arketypen.\r\n\r\nArketypen er laget for å benyttes i SLOTet \"Arbeidsepisode\" i arketypen EVALUATION.occupation_summary (Arbeidssammendrag), men kan også brukes innen andre ENTRY- eller CLUSTER-arketyper der det er klinisk relevant.\r\n\r\nDet kan fremstå som å være overlapp, reell eller tilsynelatende, mellom dataelementene i denne arketypen og demografiske opplysninger om sysselsetting/arbeidsforhold andre steder i kliniske systemer. Dataelementene i denne arketypen er laget spesifikt for å støtte kliniske bruksområder, inkludert sykemeldinger eller legeerklæringer.",
          "misuse" : "Brukes ikke for å registrere midlertidige endringer eller episoder innen en enkelt arbeidsepisode, som å være i permisjon. Dette er ikke innenfor anvendelsesområdet for denne arketypen, og skal registreres i et personal- eller HR-system.\r\n\r\nBrukes ikke for å beskrive helserisikoer eller eksponering for farlige substanser i arbeidssituasjonen. Til dette brukes henholdsvis arketypene EVALUATION.health_risk (Helserisiko) eller EVALUATION.exposure.\r\n\r\nBrukes ikke for å registrere informasjon om individets inntektskilder eller detaljer om inntekt. Bruk arketypen EVALUATION.income_summary for dette formålet.\r\n\r\nBrukes ikke for å registrere informasjon om arbeid /rolle for et individ på en bestemt dato (for eksempel 16. juni 2014) eller i løpet av en relativ tidsperiode, som for eksempel \"siste 30 dager\". Dette kan utledes fra \"Dato for oppstart\" hvis det ikke er registrert noe i \"Dato for opphør\", og må registreres i en egen OBSERVATION-arketype for dette formålet.",
          "copyright" : "© 2010 NEHTA, openEHR Foundation, Nasjonal IKT HF",
          "originalResourceUri" : { },
          "otherDetails" : { }
        },
        "en" : {
          "@type" : "RESOURCE_DESCRIPTION_ITEM",
          "language" : {
            "terminologyId" : {
              "value" : "ISO_639-1"
            },
            "codeString" : "en"
          },
          "purpose" : "To record details about a single job or role carried out by an individual during a specified period of time.",
          "keywords" : [ "employment", "employer", "job", "occupation", "work", "profession", "unemployed", "employee", "unemployment", "studying", "employed", "student", "sector", "profession", "volunteer", "vocation", "trade", "worker", "volunteer", "position" ],
          "use" : "Use to record details about a single job or role carried out by an individual during a specified period of time. \r\n\r\nThe scope of this archetype is inclusive of all occupations or activities undertaken by an individual. For example: a paid job or employment; unpaid work of any type such as a volunteer position; or roles such as being retired or a student. \r\n\r\nMultiple instances of this archetype captured over time will result in the aggregation of a history of past and present jobs and/or roles.\r\n\r\nAn active, or current occupation may be implied from a 'Date commenced' but no 'Date ceased'. \r\n\r\nAn individual may carry out many simultaneous occupations, each of which may be paid or unpaid. Each occupation should be recorded in a separate instance of this archetype.\r\n\r\nIf occupation attributes change significantly, such as a change of role/title or number of hours, then this should be recorded as a separate instance of this archetype.\r\n\r\nThis archetype has been specifically designed to be used in the 'Occupation episode' SLOT within the EVALUATION.occupation_summary archetype, but can also be used within any other ENTRY or CLUSTER archetypes, where clinically appropriate.\r\n\r\nThere may be some apparent or real overlap between the data elements in this archetype and occupation/employment details that may be stored as demographic details in clinical or administrative systems. These data elements have been designed specifically to support clinical purposes including generation of a medical certificate to a current employer.",
          "misuse" : "Not to be used to record temporary changes or episodes within a single occupation record, such as being on leave. This is out of scope for this archetype and should be part of an employer's human relations system.\r\n\r\nNot to be used for detailed descriptions of health risks or exposure to hazardous substances in the workplace. Use the archetypes EVALUATION.health_risk or EVALUATION.exposure for this purpose.\r\n\r\nNot to be used to record information about sources of income or income details for the individual. Use the EVALUATION.income_summary archetype for this purpose.\r\n\r\nNot to be used to record information about the occupation of an individual at a specific point in time (for example, on June 16, 2014) or during a relative interval of time (for example 'in the past 30 days'. Use an appropriate OBSERVATION archetype for this purpose.",
          "copyright" : "© Australian Digital Health Agency, openEHR Foundation, Nasjonal IKT HF",
          "originalResourceUri" : { },
          "otherDetails" : { }
        },
        "it" : {
          "@type" : "RESOURCE_DESCRIPTION_ITEM",
          "language" : {
            "terminologyId" : {
              "value" : "ISO_639-1"
            },
            "codeString" : "it"
          },
          "purpose" : "Registrare i dettagli della singola professione svolta o ruolo ricoperto da un individuo durante un determinato periodo di tempo.",
          "keywords" : [ "lavoro, impiego, datore di lavoro, occupazione, disoccupazione, professione, disoccupato, occupato, dipendente, impiegato, studente, settore, volontario, vocazione, mestiere, lavoratore, posizione" ],
          "use" : "Usato per registrare i dettagli della singola professione svolta o ruolo ricoperto da un individuo durante un determinato periodo di tempo.\r\n\r\nL'ambito di questo archetipo comprende tutte le occupazioni o attività svolte da un individuo. Ad esempio: un lavoro o impiego retribuiti; un qualsiasi lavoro non retribuito, come un'attività di volontariato; o ruoli come essere in pensione o uno studente. \r\n\r\nPiù istanze di questo archetipo catturate nel tempo possono essere aggregate per costruire la storia occupazionale di un individuo, che comprende occupazioni e ruoli passati e presenti.\r\n\r\nÈ possibile dedurre se l'occupazione sia attiva/corrente se è presente una 'Data di inizio' ma non una 'Data di cessazione'.\r\n\r\nUn individuo può avere più occupazioni contemporaneamente, ciascuna delle quali può essere retribuita o meno. Ogni occupazione dovrebbe essere registrata in una istanza separata di questo archetipo. \r\n\r\nSe i dettagli dell'occupazione cambiano significativamente, ad esempio in caso di modifica del ruolo/titolo o numero di ore, questo dovrebbe corrispondere ad un'istanza separata di questo archetipo.\r\n\r\nQuesto archetipo è stato sviluppato per essere usato nello SLOT 'Episodio lavorativo' all'interno dell'archetipo EVALUATION.occupation_summary, ma è possibile utilizzarlo all'interno di altri archetipi di tipo ENTRY o CLUSTER quando clinicamente appropriato. \r\n\r\nCi potrebbe essere una sovrapposizione, apparente o reale, tra i dati all'interno di questo archetipo e i dettegli sull'occupazione/impiego memorizzati come informazioni demografiche all'interno di sistemi clinici o amministrativi.  I contenuti sono stati espressamente progettati per supportare l'attività clinica, compresa la generazione di certificati medici per un datore di lavoro.",
          "misuse" : "Non utilizzare per memorizzare cambiamenti o episodi temporanei all'interno di un singolo record di occupazione, come ad esempio essere in congedo. Questo non rientra nello scopo dell'archetipo e dovrebbe far parte del sistema di gestione delle risorse umane del datore di lavoro. \r\n\r\nNon utilizzare per descrizioni dettagliate dei rischi per la salute o dell'esposizione a sostanze pericolose nel luogo di lavoro. Utilizzare invece gli archetipi EVALUATION.health_risk o EVALUATION.exposure.\r\n\r\nNon utilizzare per memorizzare informazioni sulle fonti o dettagli del reddito dell'individuo. Per questo scopo, utilizzare l'archetipo EVALUATION.income_summary.\r\n\r\nNon utilizzare per memorizzare informazioni sull'occupazione di un individuo in uno specifico punto nel tempo (ad esempio, il 16 giugno 2014) o durante un intervallo di tempo (ad esempio 'negli ultimi 30 giorni'). Per questo scopo, usare un appropriato archetipo di tipo OBSERVATION. ",
          "originalResourceUri" : { },
          "otherDetails" : { }
        },
        "es" : {
          "@type" : "RESOURCE_DESCRIPTION_ITEM",
          "language" : {
            "terminologyId" : {
              "value" : "ISO_639-1"
            },
            "codeString" : "es"
          },
          "purpose" : "Para registrar detalles sobre un trabajo o rol llevado a cabo por un individuo durante un periodo de tiempo especificado.",
          "keywords" : [ "empleo", "empleador", "trabajo", "ocupación", "tarea", "profesión", "desempleado", "empleado", "desempleo", "estudiando", "empleado", "estudiante", "sector", "profesión", "voluntario", "vocación", "comercio", "trabajador", "voluntario", "cargo" ],
          "use" : "Usar para registrar detalles sobre un trabajo o rol particular llevado a cabo por un individuo durante un periodo de tiempo especificado.\r\n\r\nEl alcance de este arquetipo incluye todos los empleos o actividades llevadas a cabo por el individuo. Por ejemplo: Un trabajo o empleo pagado; trabajo no remunerado de cualquier tipo como voluntario; o roles tales como estar jubilado o ser estudiante.\r\n\r\nMúltiples instancias de este arquetipo capturadas a lo largo del tiempo resultarán en una agregación de un histórico de trabajos y/o roles presentes o pasados.\r\n\r\nUn trabajo actual puede deducirse de la 'Fecha empezado' pero no de la 'Fecha finalizado'.\r\n\r\nUn individuo puede llevar a cabo muchas ocupaciones al mismo tiempo, las cuales pueden ser remuneradas o no remuneradas. Cada ocupación debería de ser registrada en una instancia separada de este arquetipo.\r\n\r\nSi los atributos de la ocupación cambian significativamente, tales como cambios en el título/rol o el número de horas, éstas se deberían de registrar en una instancia separada de este arquetipo.\r\n\r\nEste arquetipo ha sido específicamente diseñado para ser usado en el SLOT de 'Episodio de ocupación' dentro del arquetipo EVALUATION.occupation_summary, pero también puede ser usado dentro de cualquier otro arquetipo ENTRY o CLUSTER, cuando sea clínicamente apropiado.\r\n\r\nPuede haber una superposición aparente o real entre los elementos de datos en este arquetipo y detalles sobre la ocupación/empleo que puedan haber sido incluidos como detalles demográficos en sistemas clínicos o administrativos. Estos elementos de datos se han diseñado específicamente para dar soporte a propósitos clínicos como puede ser la generación de un certificado médico para el empleador actual.",
          "misuse" : "No debe ser usado para registrar cambios temporales o episodios dentro de un único registro ocupacional, tales como estar de baja. Esto está fuera del alcance de este arquetipo y debería ser parte de un sistema de recursos humanos del empleador.\r\n\r\nNo debe ser usado para una descripción detallada de los riesgos de salud o exposición a sustancias nocivas en el lugar de trabajo. Para este propósito use los arquetipos EVALUATION.health_risk o EVALUATION.exposure.\r\n\r\nNo debe ser usado para registrar información sobre fuentes o detalles de ingresos de un individuo. Para este propósito use el arquetipo EVALUATION.income_summary.\r\n\r\nNo debe ser usado para registrar información sobre la ocupación de un individuo en un punto concreto de tiempo (por ejemplo, el 16 de Junio de 2014) o durante un periodo de tiempo relativo (por ejemplo 'durante los últimos 30 días'). Para este propósito use un arquetipo OBSERVATION adecuado.",
          "originalResourceUri" : { },
          "otherDetails" : { }
        }
      }
    },
    "parentArchetypeId" : "openEHR-EHR-CLUSTER.occupation_record.v1",
    "differential" : true,
    "archetypeId" : {
      "@type" : "ARCHETYPE_HRID",
      "value" : "openEHR-EHR-CLUSTER.ovl-occupation_record-001.v1"
    },
    "definition" : {
      "@type" : "C_COMPLEX_OBJECT",
      "rmTypeName" : "CLUSTER",
      "nodeId" : "at0000.1",
      "attributes" : [ {
        "@type" : "C_ATTRIBUTE",
        "rmAttributeName" : "items",
        "children" : [ {
          "@type" : "C_COMPLEX_OBJECT",
          "rmTypeName" : "ELEMENT",
          "nodeId" : "at0005.1",
          "attributes" : [ {
            "@type" : "C_ATTRIBUTE",
            "rmAttributeName" : "value",
            "children" : [ {
              "@type" : "C_COMPLEX_OBJECT",
              "rmTypeName" : "DV_TEXT",
              "defaultValue" : {
                "value" : "Healthcare worker",
                "@type" : "DV_TEXT"
              },
              "attributes" : [ {
                "@type" : "C_ATTRIBUTE",
                "rmAttributeName" : "value",
                "children" : [ {
                  "@type" : "C_STRING",
                  "rmTypeName" : "STRING",
                  "constraint" : [ "Healthcare worker", "Laboratory staff" ]
                } ]
              } ],
              "attributeTuples" : [ ]
            } ]
          } ],
          "attributeTuples" : [ ]
        }, {
          "@type" : "C_COMPLEX_OBJECT",
          "rmTypeName" : "ELEMENT",
          "occurrences" : "0..0",
          "nodeId" : "at0016.1",
          "attributes" : [ ],
          "attributeTuples" : [ ]
        }, {
          "@type" : "C_COMPLEX_OBJECT",
          "rmTypeName" : "ELEMENT",
          "occurrences" : "0..0",
          "nodeId" : "at0007.1",
          "attributes" : [ ],
          "attributeTuples" : [ ]
        }, {
          "@type" : "C_COMPLEX_OBJECT",
          "rmTypeName" : "ELEMENT",
          "occurrences" : "0..0",
          "nodeId" : "at0001.1",
          "attributes" : [ ],
          "attributeTuples" : [ ]
        }, {
          "@type" : "C_COMPLEX_OBJECT",
          "rmTypeName" : "ELEMENT",
          "occurrences" : "0..0",
          "nodeId" : "at0013.1",
          "attributes" : [ {
            "@type" : "C_ATTRIBUTE",
            "rmAttributeName" : "value",
            "children" : [ {
              "@type" : "C_COMPLEX_OBJECT",
              "rmTypeName" : "DV_PROPORTION",
              "attributes" : [ {
                "@type" : "C_ATTRIBUTE",
                "rmAttributeName" : "numerator",
                "children" : [ {
                  "@type" : "C_REAL",
                  "rmTypeName" : "Real",
                  "occurrences" : "1..1",
                  "constraint" : [ {
                    "lower" : 0.0,
                    "lowerIncluded" : true,
                    "upperIncluded" : false,
                    "lowerUnbounded" : false,
                    "upperUnbounded" : true
                  } ]
                } ]
              }, {
                "@type" : "C_ATTRIBUTE",
                "rmAttributeName" : "type",
                "children" : [ {
                  "@type" : "C_INTEGER",
                  "rmTypeName" : "Integer",
                  "occurrences" : "1..1",
                  "constraint" : [ {
                    "lower" : 1,
                    "upper" : 1,
                    "lowerIncluded" : true,
                    "upperIncluded" : true,
                    "lowerUnbounded" : false,
                    "upperUnbounded" : false
                  }, {
                    "lower" : 2,
                    "upper" : 2,
                    "lowerIncluded" : true,
                    "upperIncluded" : true,
                    "lowerUnbounded" : false,
                    "upperUnbounded" : false
                  } ]
                } ]
              } ],
              "attributeTuples" : [ ]
            }, {
              "@type" : "C_COMPLEX_OBJECT",
              "rmTypeName" : "DV_CODED_TEXT",
              "attributes" : [ {
                "@type" : "C_ATTRIBUTE",
                "rmAttributeName" : "defining_code",
                "children" : [ {
                  "@type" : "C_TERMINOLOGY_CODE",
                  "rmTypeName" : "CODE_PHRASE",
                  "occurrences" : "1..1",
                  "terminologyId" : {
                    "value" : "local"
                  },
                  "constraint" : [ "at0020", "at0021" ]
                } ]
              } ],
              "attributeTuples" : [ ]
            } ]
          } ],
          "attributeTuples" : [ ]
        }, {
          "@type" : "C_COMPLEX_OBJECT",
          "rmTypeName" : "ELEMENT",
          "occurrences" : "0..0",
          "nodeId" : "at0019.1",
          "attributes" : [ {
            "@type" : "C_ATTRIBUTE",
            "rmAttributeName" : "value",
            "children" : [ {
              "@type" : "C_COMPLEX_OBJECT",
              "rmTypeName" : "DV_QUANTITY",
              "attributes" : [ ],
              "attributeTuples" : [ {
                "@type" : "C_ATTRIBUTE_TUPLE",
                "members" : [ {
                  "@type" : "C_ATTRIBUTE",
                  "rmAttributeName" : "magnitude",
                  "children" : [ ]
                }, {
                  "@type" : "C_ATTRIBUTE",
                  "rmAttributeName" : "units",
                  "children" : [ ]
                }, {
                  "@type" : "C_ATTRIBUTE",
                  "rmAttributeName" : "precision",
                  "children" : [ ]
                } ],
                "tuples" : [ {
                  "@type" : "C_PRIMITIVE_TUPLE",
                  "members" : [ {
                    "@type" : "C_REAL",
                    "constraint" : [ {
                      "lower" : 0.0,
                      "lowerIncluded" : true,
                      "upperIncluded" : false,
                      "lowerUnbounded" : false,
                      "upperUnbounded" : true
                    } ]
                  }, {
                    "@type" : "C_STRING",
                    "constraint" : [ "h/d" ]
                  }, {
                    "@type" : "C_INTEGER",
                    "constraint" : [ {
                      "lower" : 2,
                      "upper" : 2,
                      "lowerIncluded" : true,
                      "upperIncluded" : true,
                      "lowerUnbounded" : false,
                      "upperUnbounded" : false
                    } ]
                  } ]
                }, {
                  "@type" : "C_PRIMITIVE_TUPLE",
                  "members" : [ {
                    "@type" : "C_REAL",
                    "constraint" : [ {
                      "lower" : 0.0,
                      "lowerIncluded" : true,
                      "upperIncluded" : false,
                      "lowerUnbounded" : false,
                      "upperUnbounded" : true
                    } ]
                  }, {
                    "@type" : "C_STRING",
                    "constraint" : [ "h/wk" ]
                  }, {
                    "@type" : "C_INTEGER",
                    "constraint" : [ {
                      "lower" : 2,
                      "upper" : 2,
                      "lowerIncluded" : true,
                      "upperIncluded" : true,
                      "lowerUnbounded" : false,
                      "upperUnbounded" : false
                    } ]
                  } ]
                }, {
                  "@type" : "C_PRIMITIVE_TUPLE",
                  "members" : [ {
                    "@type" : "C_REAL",
                    "constraint" : [ {
                      "lower" : 0.0,
                      "lowerIncluded" : true,
                      "upperIncluded" : false,
                      "lowerUnbounded" : false,
                      "upperUnbounded" : true
                    } ]
                  }, {
                    "@type" : "C_STRING",
                    "constraint" : [ "h/mo" ]
                  }, {
                    "@type" : "C_INTEGER",
                    "constraint" : [ {
                      "lower" : 2,
                      "upper" : 2,
                      "lowerIncluded" : true,
                      "upperIncluded" : true,
                      "lowerUnbounded" : false,
                      "upperUnbounded" : false
                    } ]
                  } ]
                }, {
                  "@type" : "C_PRIMITIVE_TUPLE",
                  "members" : [ {
                    "@type" : "C_REAL",
                    "constraint" : [ {
                      "lower" : 0.0,
                      "lowerIncluded" : true,
                      "upperIncluded" : false,
                      "lowerUnbounded" : false,
                      "upperUnbounded" : true
                    } ]
                  }, {
                    "@type" : "C_STRING",
                    "constraint" : [ "h/a" ]
                  }, {
                    "@type" : "C_INTEGER",
                    "constraint" : [ {
                      "lower" : 2,
                      "upper" : 2,
                      "lowerIncluded" : true,
                      "upperIncluded" : true,
                      "lowerUnbounded" : false,
                      "upperUnbounded" : false
                    } ]
                  } ]
                }, {
                  "@type" : "C_PRIMITIVE_TUPLE",
                  "members" : [ {
                    "@type" : "C_REAL",
                    "constraint" : [ {
                      "lower" : 0.0,
                      "lowerIncluded" : true,
                      "upperIncluded" : false,
                      "lowerUnbounded" : false,
                      "upperUnbounded" : true
                    } ]
                  }, {
                    "@type" : "C_STRING",
                    "constraint" : [ "d/wk" ]
                  }, {
                    "@type" : "C_INTEGER",
                    "constraint" : [ {
                      "lower" : 2,
                      "upper" : 2,
                      "lowerIncluded" : true,
                      "upperIncluded" : true,
                      "lowerUnbounded" : false,
                      "upperUnbounded" : false
                    } ]
                  } ]
                }, {
                  "@type" : "C_PRIMITIVE_TUPLE",
                  "members" : [ {
                    "@type" : "C_REAL",
                    "constraint" : [ {
                      "lower" : 0.0,
                      "lowerIncluded" : true,
                      "upperIncluded" : false,
                      "lowerUnbounded" : false,
                      "upperUnbounded" : true
                    } ]
                  }, {
                    "@type" : "C_STRING",
                    "constraint" : [ "d/mo" ]
                  }, {
                    "@type" : "C_INTEGER",
                    "constraint" : [ {
                      "lower" : 2,
                      "upper" : 2,
                      "lowerIncluded" : true,
                      "upperIncluded" : true,
                      "lowerUnbounded" : false,
                      "upperUnbounded" : false
                    } ]
                  } ]
                }, {
                  "@type" : "C_PRIMITIVE_TUPLE",
                  "members" : [ {
                    "@type" : "C_REAL",
                    "constraint" : [ {
                      "lower" : 0.0,
                      "lowerIncluded" : true,
                      "upperIncluded" : false,
                      "lowerUnbounded" : false,
                      "upperUnbounded" : true
                    } ]
                  }, {
                    "@type" : "C_STRING",
                    "constraint" : [ "wk/mo" ]
                  }, {
                    "@type" : "C_INTEGER",
                    "constraint" : [ {
                      "lower" : 2,
                      "upper" : 2,
                      "lowerIncluded" : true,
                      "upperIncluded" : true,
                      "lowerUnbounded" : false,
                      "upperUnbounded" : false
                    } ]
                  } ]
                }, {
                  "@type" : "C_PRIMITIVE_TUPLE",
                  "members" : [ {
                    "@type" : "C_REAL",
                    "constraint" : [ {
                      "lower" : 0.0,
                      "lowerIncluded" : true,
                      "upperIncluded" : false,
                      "lowerUnbounded" : false,
                      "upperUnbounded" : true
                    } ]
                  }, {
                    "@type" : "C_STRING",
                    "constraint" : [ "d/a" ]
                  }, {
                    "@type" : "C_INTEGER",
                    "constraint" : [ {
                      "lower" : 2,
                      "upper" : 2,
                      "lowerIncluded" : true,
                      "upperIncluded" : true,
                      "lowerUnbounded" : false,
                      "upperUnbounded" : false
                    } ]
                  } ]
                }, {
                  "@type" : "C_PRIMITIVE_TUPLE",
                  "members" : [ {
                    "@type" : "C_REAL",
                    "constraint" : [ {
                      "lower" : 0.0,
                      "lowerIncluded" : true,
                      "upperIncluded" : false,
                      "lowerUnbounded" : false,
                      "upperUnbounded" : true
                    } ]
                  }, {
                    "@type" : "C_STRING",
                    "constraint" : [ "wk/a" ]
                  }, {
                    "@type" : "C_INTEGER",
                    "constraint" : [ {
                      "lower" : 2,
                      "upper" : 2,
                      "lowerIncluded" : true,
                      "upperIncluded" : true,
                      "lowerUnbounded" : false,
                      "upperUnbounded" : false
                    } ]
                  } ]
                }, {
                  "@type" : "C_PRIMITIVE_TUPLE",
                  "members" : [ {
                    "@type" : "C_REAL",
                    "constraint" : [ {
                      "lower" : 0.0,
                      "lowerIncluded" : true,
                      "upperIncluded" : false,
                      "lowerUnbounded" : false,
                      "upperUnbounded" : true
                    } ]
                  }, {
                    "@type" : "C_STRING",
                    "constraint" : [ "mo/a" ]
                  }, {
                    "@type" : "C_INTEGER",
                    "constraint" : [ {
                      "lower" : 2,
                      "upper" : 2,
                      "lowerIncluded" : true,
                      "upperIncluded" : true,
                      "lowerUnbounded" : false,
                      "upperUnbounded" : false
                    } ]
                  } ]
                } ]
              } ]
            } ]
          } ],
          "attributeTuples" : [ ]
        }, {
          "@type" : "C_COMPLEX_OBJECT",
          "rmTypeName" : "ELEMENT",
          "occurrences" : "0..0",
          "nodeId" : "at0002.1",
          "attributes" : [ ],
          "attributeTuples" : [ ]
        }, {
          "@type" : "C_COMPLEX_OBJECT",
          "rmTypeName" : "ELEMENT",
          "occurrences" : "0..0",
          "nodeId" : "at0006.1",
          "attributes" : [ ],
          "attributeTuples" : [ ]
        }, {
          "@type" : "C_COMPLEX_OBJECT",
          "rmTypeName" : "ELEMENT",
          "occurrences" : "0..0",
          "nodeId" : "at0008.1",
          "attributes" : [ ],
          "attributeTuples" : [ ]
        }, {
          "@type" : "C_COMPLEX_OBJECT",
          "rmTypeName" : "ELEMENT",
          "occurrences" : "0..0",
          "nodeId" : "at0014.1",
          "attributes" : [ ],
          "attributeTuples" : [ ]
        }, {
          "@type" : "C_ARCHETYPE_ROOT",
          "rmTypeName" : "CLUSTER",
          "occurrences" : "0..1",
          "nodeId" : "at0004.1",
          "attributes" : [ ],
          "attributeTuples" : [ ],
          "archetypeRef" : "openEHR-EHR-CLUSTER.ovl-organisation_cc-001.v0",
          "referenceType" : "archetypeOverlay"
        } ]
      } ],
      "attributeTuples" : [ ]
    },
    "terminology" : {
      "@type" : "ARCHETYPE_TERMINOLOGY",
      "conceptCode" : "at0000",
      "termDefinitions" : {
        "en" : { },
        "nb" : { },
        "it" : { },
        "es" : { }
      },
      "termBindings" : { },
      "terminologyExtracts" : { },
      "valueSets" : { }
    },
    "adlVersion" : "1.4",
    "buildUid" : "39a0b4df-30f5-431b-b219-0c4a668893c1",
    "rmName" : "openehr",
    "rmRelease" : "1.0.3",
    "generated" : true,
    "otherMetaData" : { },
    "originalLanguage" : {
      "terminologyId" : {
        "value" : "ISO_639-1"
      },
      "codeString" : "en"
    },
    "translations" : [ {
      "@type" : "TRANSLATION_DETAILS",
      "language" : {
        "terminologyId" : {
          "value" : "ISO_639-1"
        },
        "codeString" : "nb"
      },
      "author" : {
        "name" : "Silje Ljosland Bakke and Vebjørn Arntzen",
        "organisation" : "Nasjonal IKT HF",
        "email" : "silje.ljosland.bakke@nasjonalikt.no / varntzen@ous-hf.no"
      },
      "otherDetails" : { }
    }, {
      "@type" : "TRANSLATION_DETAILS",
      "language" : {
        "terminologyId" : {
          "value" : "ISO_639-1"
        },
        "codeString" : "it"
      },
      "author" : {
        "name" : "Cecilia Mascia",
        "organisation" : "CRS4 - Center for advanced studies, research and development in Sardinia, Pula (Cagliari), Italy",
        "email" : "ceclila.mascia@crs4.it"
      },
      "otherDetails" : { }
    }, {
      "@type" : "TRANSLATION_DETAILS",
      "language" : {
        "terminologyId" : {
          "value" : "ISO_639-1"
        },
        "codeString" : "es"
      },
      "author" : {
        "name" : "Diego Bosca",
        "organisation" : "VeraTech for Health",
        "email" : "diebosto@veratech.es"
      },
      "otherDetails" : { }
    } ]
  }, {
    "@type" : "TEMPLATE_OVERLAY",
    "uid" : "ec1f3043-25fd-4630-a858-da4f107fe805",
    "description" : {
      "@type" : "RESOURCE_DESCRIPTION",
      "originalAuthor" : { },
      "otherContributors" : [ ],
      "ipAcknowledgements" : { },
      "references" : { },
      "conversionDetails" : { },
      "otherDetails" : { },
      "details" : {
        "en" : {
          "@type" : "RESOURCE_DESCRIPTION_ITEM",
          "language" : {
            "terminologyId" : {
              "value" : "ISO_639-1"
            },
            "codeString" : "en"
          },
          "purpose" : "For the recording of organisation details aligned with corresponding FHIR resource.",
          "keywords" : [ ],
          "use" : "Use to record organisation details aligned with the corresponding FHIR resources.\r\n\r\nThe slots for telecoms, address and contact should be filled with the appropriate FHIR resource-aligned clusters.\r\n\r\nThis cluster archetype is intended to be used inside FHIR resource aligned archetypes such as CLUSTER.fhir_contact.v0 and CLUSTER.fhir_practitioner.v0.",
          "copyright" : "© Apperta Foundation, openEHR Foundation",
          "originalResourceUri" : { },
          "otherDetails" : { }
        },
        "fi" : {
          "@type" : "RESOURCE_DESCRIPTION_ITEM",
          "language" : {
            "terminologyId" : {
              "value" : "ISO_639-1"
            },
            "codeString" : "fi"
          },
          "purpose" : "*For the recording of organisation details aligned with corresponding FHIR resource.(en)",
          "keywords" : [ ],
          "use" : "*Use to record organisation details aligned with the corresponding FHIR resources.\r\n\r\nThe slots for telecoms, address and contact should be filled with the appropriate FHIR resource-aligned clusters.\r\n\r\nThis cluster archetype is intended to be used inside FHIR resource aligned archetypes such as CLUSTER.fhir_contact.v0 and CLUSTER.fhir_practitioner.v0.(en)",
          "originalResourceUri" : { },
          "otherDetails" : { }
        },
        "it" : {
          "@type" : "RESOURCE_DESCRIPTION_ITEM",
          "language" : {
            "terminologyId" : {
              "value" : "ISO_639-1"
            },
            "codeString" : "it"
          },
          "purpose" : "Registrare i dettagli di un'Organizzazione, in linea con la corrispondente risorsa FHIR.",
          "keywords" : [ ],
          "use" : "Usato per registrare i dettagli di un'Organizzazione, in linea con la corrispondente risorsa FHIR.\r\n\r\nGli SLOT 'Recapiti telefonici', 'Indirizzo' e 'Contatti' dovrebbero essere riempiti con archetipi di tipo CLUSTER allineati con le appropriate risorse FHIR.\r\n\r\nQuesto archetipo CLUSTER è ideato per essere usato all'interno di archetipi allineati con le appropriate risorse FHIR, come ad esempio CLUSTER.fhir_contact.v0 e CLUSTER.fhir_practitioner.v0 .",
          "originalResourceUri" : { },
          "otherDetails" : { }
        }
      }
    },
    "parentArchetypeId" : "openEHR-EHR-CLUSTER.organisation_cc.v0",
    "differential" : true,
    "archetypeId" : {
      "@type" : "ARCHETYPE_HRID",
      "value" : "openEHR-EHR-CLUSTER.ovl-organisation_cc-001.v0"
    },
    "definition" : {
      "@type" : "C_COMPLEX_OBJECT",
      "rmTypeName" : "CLUSTER",
      "nodeId" : "at0000.1",
      "attributes" : [ {
        "@type" : "C_ATTRIBUTE",
        "rmAttributeName" : "items",
        "children" : [ {
          "@type" : "C_COMPLEX_OBJECT",
          "rmTypeName" : "ELEMENT",
          "occurrences" : "0..0",
          "nodeId" : "at0010.1",
          "attributes" : [ {
            "@type" : "C_ATTRIBUTE",
            "rmAttributeName" : "value",
            "children" : [ {
              "@type" : "C_COMPLEX_OBJECT",
              "rmTypeName" : "DV_BOOLEAN",
              "attributes" : [ {
                "@type" : "C_ATTRIBUTE",
                "rmAttributeName" : "value",
                "children" : [ {
                  "@type" : "C_BOOLEAN",
                  "rmTypeName" : "BOOLEAN",
                  "constraint" : [ ]
                } ]
              } ],
              "attributeTuples" : [ ]
            } ]
          } ],
          "attributeTuples" : [ ]
        }, {
          "@type" : "C_COMPLEX_OBJECT",
          "rmTypeName" : "ELEMENT",
          "occurrences" : "0..0",
          "nodeId" : "at0011.1",
          "attributes" : [ ],
          "attributeTuples" : [ ]
        }, {
          "@type" : "C_COMPLEX_OBJECT",
          "rmTypeName" : "ELEMENT",
          "nodeId" : "at0012.1",
          "attributes" : [ ],
          "attributeTuples" : [ ]
        }, {
          "@type" : "C_COMPLEX_OBJECT",
          "rmTypeName" : "ELEMENT",
          "occurrences" : "0..0",
          "nodeId" : "at0013.1",
          "attributes" : [ ],
          "attributeTuples" : [ ]
        }, {
          "@type" : "C_ARCHETYPE_ROOT",
          "rmTypeName" : "CLUSTER",
          "occurrences" : "0..1",
          "nodeId" : "at0015.1",
          "attributes" : [ ],
          "attributeTuples" : [ ],
          "archetypeRef" : "openEHR-EHR-CLUSTER.ovl-address_cc-001.v0",
          "referenceType" : "archetypeOverlay"
        } ]
      } ],
      "attributeTuples" : [ ]
    },
    "terminology" : {
      "@type" : "ARCHETYPE_TERMINOLOGY",
      "conceptCode" : "at0000",
      "termDefinitions" : {
        "en" : {
          "at0000.1" : {
            "@type" : "ARCHETYPE_TERM",
            "code" : "at0000.1",
            "text" : "Facility",
            "description" : "Organisation details aligned with FHIR resource."
          },
          "at0012.1" : {
            "@type" : "ARCHETYPE_TERM",
            "code" : "at0012.1",
            "text" : "Facility name",
            "description" : "Name associated with the organisation."
          }
        },
        "fi" : {
          "at0013.1" : {
            "@type" : "ARCHETYPE_TERM",
            "code" : "at0013",
            "text" : "Alias",
            "description" : "Lista organisaation muista tunnisteista"
          },
          "at0015.1" : {
            "@type" : "ARCHETYPE_TERM",
            "code" : "at0015",
            "text" : "Osoite",
            "description" : "Organisaation  osoite"
          },
          "at0010.1" : {
            "@type" : "ARCHETYPE_TERM",
            "code" : "at0010",
            "text" : "Aktiivinen",
            "description" : "Onko organisaatio aktiivisessa toiminnassa"
          },
          "at0000.1" : {
            "@type" : "ARCHETYPE_TERM",
            "code" : "at0000",
            "text" : "Organisaatio",
            "description" : "*Organisation details aligned with FHIR resource.(en)"
          },
          "at0011.1" : {
            "@type" : "ARCHETYPE_TERM",
            "code" : "at0011",
            "text" : "Tyyppi",
            "description" : "Organisaation tyyppi"
          },
          "at0012.1" : {
            "@type" : "ARCHETYPE_TERM",
            "code" : "at0012",
            "text" : "Nimi",
            "description" : "Organisaation nimi"
          }
        },
        "it" : {
          "at0013.1" : {
            "@type" : "ARCHETYPE_TERM",
            "code" : "at0013",
            "text" : "Alias",
            "description" : "Lista di nomi alternativi con cui l'Organizzazione è conosciuta o è stata denominata in passato."
          },
          "at0015.1" : {
            "@type" : "ARCHETYPE_TERM",
            "code" : "at0015",
            "text" : "Indirizzo",
            "description" : "Indirizzo dettagliato dell'Organizzazione."
          },
          "at0010.1" : {
            "@type" : "ARCHETYPE_TERM",
            "code" : "at0010",
            "text" : "Attivo",
            "description" : "Informazione che indica se il record dell'Organizzazione è ancora in uso attivo."
          },
          "at0000.1" : {
            "@type" : "ARCHETYPE_TERM",
            "code" : "at0000",
            "text" : "Organizzazione",
            "description" : "Dettagli dell'Organizzazione, in linea con la corrispondente risorsa FHIR."
          },
          "at0011.1" : {
            "@type" : "ARCHETYPE_TERM",
            "code" : "at0011",
            "text" : "Tipo di organizzazione",
            "description" : "Il tipo di Organizzazione."
          },
          "at0012.1" : {
            "@type" : "ARCHETYPE_TERM",
            "code" : "at0012",
            "text" : "Nome",
            "description" : "Il nome dell'Organizzazione."
          }
        }
      },
      "termBindings" : { },
      "terminologyExtracts" : { },
      "valueSets" : { }
    },
    "adlVersion" : "1.4",
    "buildUid" : "f520ff83-5512-4d8e-b00d-1716f3f1ef43",
    "rmName" : "openehr",
    "rmRelease" : "1.0.3",
    "generated" : true,
    "otherMetaData" : { },
    "originalLanguage" : {
      "terminologyId" : {
        "value" : "ISO_639-1"
      },
      "codeString" : "en"
    },
    "translations" : [ {
      "@type" : "TRANSLATION_DETAILS",
      "language" : {
        "terminologyId" : {
          "value" : "ISO_639-1"
        },
        "codeString" : "fi"
      },
      "author" : { },
      "otherDetails" : { }
    }, {
      "@type" : "TRANSLATION_DETAILS",
      "language" : {
        "terminologyId" : {
          "value" : "ISO_639-1"
        },
        "codeString" : "it"
      },
      "author" : {
        "name" : "Cecilia Mascia",
        "organisation" : "CRS4 - Center for advanced studies, research and development in Sardinia, Pula (Cagliari), Italy",
        "email" : "cecilia.mascia@crs4.it"
      },
      "otherDetails" : { }
    } ]
  }, {
    "@type" : "TEMPLATE_OVERLAY",
    "uid" : "2e6f6ca6-c07b-4900-be1e-497ecd04fc87",
    "description" : {
      "@type" : "RESOURCE_DESCRIPTION",
      "originalAuthor" : { },
      "otherContributors" : [ ],
      "ipAcknowledgements" : { },
      "references" : { },
      "conversionDetails" : { },
      "otherDetails" : { },
      "details" : {
        "en" : {
          "@type" : "RESOURCE_DESCRIPTION_ITEM",
          "language" : {
            "terminologyId" : {
              "value" : "ISO_639-1"
            },
            "codeString" : "en"
          },
          "purpose" : "For the recording of address details aligned with corresponding FHIR resource.",
          "keywords" : [ ],
          "use" : "Use to record address details aligned with the corresponding FHIR resources.\r\n\r\nThis cluster archetype is intended to be used inside FHIR resource aligned archetypes such as CLUSTER.fhir_contact.v0 and CLUSTER.fhir_practitioner.v0.",
          "copyright" : "© Apperta Foundation, openEHR Foundation",
          "originalResourceUri" : { },
          "otherDetails" : { }
        },
        "fi" : {
          "@type" : "RESOURCE_DESCRIPTION_ITEM",
          "language" : {
            "terminologyId" : {
              "value" : "ISO_639-1"
            },
            "codeString" : "fi"
          },
          "purpose" : "*For the recording of address details aligned with corresponding FHIR resource.(en)",
          "keywords" : [ ],
          "use" : "*Use to record address details aligned with the corresponding FHIR resources.\r\n\r\nThis cluster archetype is intended to be used inside FHIR resource aligned archetypes such as CLUSTER.fhir_contact.v0 and CLUSTER.fhir_practitioner.v0.(en)",
          "originalResourceUri" : { },
          "otherDetails" : { }
        },
        "it" : {
          "@type" : "RESOURCE_DESCRIPTION_ITEM",
          "language" : {
            "terminologyId" : {
              "value" : "ISO_639-1"
            },
            "codeString" : "it"
          },
          "purpose" : "Registrare i dettagli dell'indirizzo allineati con la corrispondente risorsa FHIR.",
          "keywords" : [ ],
          "use" : "Utilizzare per registrare i dettagli dell'indirizzo in linea con le corrispondenti risorse FHIR.\r\n\r\nQuesto archetipo cluster è destinato a essere utilizzato all'interno di archetipi allineati alle risorse FHIR come CLUSTER.fhir_contact.v0 e CLUSTER.fhir_practitioner.v0.",
          "originalResourceUri" : { },
          "otherDetails" : { }
        }
      }
    },
    "parentArchetypeId" : "openEHR-EHR-CLUSTER.address_cc.v0",
    "differential" : true,
    "archetypeId" : {
      "@type" : "ARCHETYPE_HRID",
      "value" : "openEHR-EHR-CLUSTER.ovl-address_cc-001.v0"
    },
    "definition" : {
      "@type" : "C_COMPLEX_OBJECT",
      "rmTypeName" : "CLUSTER",
      "nodeId" : "at0000.1",
      "attributes" : [ {
        "@type" : "C_ATTRIBUTE",
        "rmAttributeName" : "items",
        "children" : [ {
          "@type" : "C_COMPLEX_OBJECT",
          "rmTypeName" : "ELEMENT",
          "occurrences" : "0..0",
          "nodeId" : "at0001.1",
          "attributes" : [ {
            "@type" : "C_ATTRIBUTE",
            "rmAttributeName" : "value",
            "children" : [ {
              "@type" : "C_COMPLEX_OBJECT",
              "rmTypeName" : "DV_CODED_TEXT",
              "attributes" : [ {
                "@type" : "C_ATTRIBUTE",
                "rmAttributeName" : "defining_code",
                "children" : [ {
                  "@type" : "C_TERMINOLOGY_CODE",
                  "rmTypeName" : "CODE_PHRASE",
                  "occurrences" : "1..1",
                  "terminologyId" : {
                    "value" : "local"
                  },
                  "constraint" : [ "at0002", "at0003", "at0004", "at0005" ]
                } ]
              } ],
              "attributeTuples" : [ ]
            } ]
          } ],
          "attributeTuples" : [ ]
        }, {
          "@type" : "C_COMPLEX_OBJECT",
          "rmTypeName" : "ELEMENT",
          "occurrences" : "0..0",
          "nodeId" : "at0006.1",
          "attributes" : [ {
            "@type" : "C_ATTRIBUTE",
            "rmAttributeName" : "value",
            "children" : [ {
              "@type" : "C_COMPLEX_OBJECT",
              "rmTypeName" : "DV_CODED_TEXT",
              "attributes" : [ {
                "@type" : "C_ATTRIBUTE",
                "rmAttributeName" : "defining_code",
                "children" : [ {
                  "@type" : "C_TERMINOLOGY_CODE",
                  "rmTypeName" : "CODE_PHRASE",
                  "occurrences" : "1..1",
                  "terminologyId" : {
                    "value" : "local"
                  },
                  "constraint" : [ "at0007", "at0008", "at0009" ]
                } ]
              } ],
              "attributeTuples" : [ ]
            } ]
          } ],
          "attributeTuples" : [ ]
        }, {
          "@type" : "C_COMPLEX_OBJECT",
          "rmTypeName" : "ELEMENT",
          "occurrences" : "0..0",
          "nodeId" : "at0010.1",
          "attributes" : [ ],
          "attributeTuples" : [ ]
        }, {
          "@type" : "C_COMPLEX_OBJECT",
          "rmTypeName" : "ELEMENT",
          "occurrences" : "0..0",
          "nodeId" : "at0011.1",
          "attributes" : [ ],
          "attributeTuples" : [ ]
        }, {
          "@type" : "C_COMPLEX_OBJECT",
          "rmTypeName" : "ELEMENT",
          "nodeId" : "at0012.1",
          "attributes" : [ ],
          "attributeTuples" : [ ]
        }, {
          "@type" : "C_COMPLEX_OBJECT",
          "rmTypeName" : "ELEMENT",
          "occurrences" : "0..0",
          "nodeId" : "at0013.1",
          "attributes" : [ ],
          "attributeTuples" : [ ]
        }, {
          "@type" : "C_COMPLEX_OBJECT",
          "rmTypeName" : "ELEMENT",
          "occurrences" : "0..0",
          "nodeId" : "at0014.1",
          "attributes" : [ ],
          "attributeTuples" : [ ]
        }, {
          "@type" : "C_COMPLEX_OBJECT",
          "rmTypeName" : "ELEMENT",
          "nodeId" : "at0015.1",
          "attributes" : [ ],
          "attributeTuples" : [ ]
        }, {
          "@type" : "C_COMPLEX_OBJECT",
          "rmTypeName" : "ELEMENT",
          "occurrences" : "0..0",
          "nodeId" : "at0016.1",
          "attributes" : [ ],
          "attributeTuples" : [ ]
        }, {
          "@type" : "C_COMPLEX_OBJECT",
          "rmTypeName" : "ELEMENT",
          "occurrences" : "0..0",
          "nodeId" : "at0017.1",
          "attributes" : [ ],
          "attributeTuples" : [ ]
        } ]
      } ],
      "attributeTuples" : [ ]
    },
    "terminology" : {
      "@type" : "ARCHETYPE_TERMINOLOGY",
      "conceptCode" : "at0000",
      "termDefinitions" : {
        "en" : { },
        "fi" : {
          "at0013.1" : {
            "@type" : "ARCHETYPE_TERM",
            "code" : "at0013",
            "text" : "Lääni",
            "description" : "Lääni"
          },
          "at0014.1" : {
            "@type" : "ARCHETYPE_TERM",
            "code" : "at0014",
            "text" : "Postinumero",
            "description" : "Postinumero"
          },
          "at0015.1" : {
            "@type" : "ARCHETYPE_TERM",
            "code" : "at0015",
            "text" : "Maa",
            "description" : "Maan nimi"
          },
          "at0016.1" : {
            "@type" : "ARCHETYPE_TERM",
            "code" : "at0016",
            "text" : "Alkaen",
            "description" : "Osoitteen käytön ajanjakson aloitus hetki"
          },
          "at0006.1" : {
            "@type" : "ARCHETYPE_TERM",
            "code" : "at0006",
            "text" : "Jakelu",
            "description" : "Onko osoite postilokero vai katuosoite."
          },
          "at0017.1" : {
            "@type" : "ARCHETYPE_TERM",
            "code" : "at0017",
            "text" : "Päättyen",
            "description" : "Osoitteen käytön päättymisen ajanjakso. Jos päättymispäivää ei ole asetettu, tarkoittaa se että osoite on käytössä. Aloitusaika voidaan asettaa menneisyyteen ja päättyminen tulevaisuuteen , kuvaten näin suunniteltua osoitteen käyttöaikaa."
          },
          "at0010.1" : {
            "@type" : "ARCHETYPE_TERM",
            "code" : "at0010",
            "text" : "Osoite",
            "description" : "Koko osoite"
          },
          "at0000.1" : {
            "@type" : "ARCHETYPE_TERM",
            "code" : "at0000",
            "text" : "Osoite",
            "description" : "*Address details aligned with FHIR resource.(en)"
          },
          "at0011.1" : {
            "@type" : "ARCHETYPE_TERM",
            "code" : "at0011",
            "text" : "Lähiosoite",
            "description" : "Kuvataan asunnon numero, talon numero, kadun nimi, PO numero, mahdolliset ohjeistukset paikantamiseksi"
          },
          "at0001.1" : {
            "@type" : "ARCHETYPE_TERM",
            "code" : "at0001",
            "text" : "Käyttötarkoitus",
            "description" : "Tarkenne osoitteen luonteesta"
          },
          "at0012.1" : {
            "@type" : "ARCHETYPE_TERM",
            "code" : "at0012",
            "text" : "Kaupunki",
            "description" : "Kaupunki"
          }
        },
        "it" : {
          "at0013.1" : {
            "@type" : "ARCHETYPE_TERM",
            "code" : "at0013",
            "text" : "Provincia",
            "description" : "Il nome dell'area amministrativa (Provincia). "
          },
          "at0014.1" : {
            "@type" : "ARCHETYPE_TERM",
            "code" : "at0014",
            "text" : "Codice postale",
            "description" : "Un codice definito dal servizio postale che designa un comune."
          },
          "at0015.1" : {
            "@type" : "ARCHETYPE_TERM",
            "code" : "at0015",
            "text" : "Nazione",
            "description" : "Paese - una nazione come comunemente intesa o generalmente accettata."
          },
          "at0016.1" : {
            "@type" : "ARCHETYPE_TERM",
            "code" : "at0016",
            "text" : "Inizio periodo valido",
            "description" : "L'inizio del periodo. L'estremo è incluso. "
          },
          "at0006.1" : {
            "@type" : "ARCHETYPE_TERM",
            "code" : "at0006",
            "text" : "Tipo",
            "description" : "Distingue tra indirizzi fisici (quelli visitabili) e indirizzi postali (ad es. caselle postali e indirizzi di assistenza). La maggior parte degli indirizzi sono entrambi."
          },
          "at0017.1" : {
            "@type" : "ARCHETYPE_TERM",
            "code" : "at0017",
            "text" : "Fine periodo valido",
            "description" : "La fine del periodo. Se manca la fine del periodo, significa che il periodo è in corso. L'inizio può essere nel passato, e la data di fine nel futuro, il che significa che il periodo è previsto / pianificato per finire in quel momento."
          },
          "at0010.1" : {
            "@type" : "ARCHETYPE_TERM",
            "code" : "at0010",
            "text" : "Testo",
            "description" : "Una rappresentazione testuale completa dell'indirizzo."
          },
          "at0000.1" : {
            "@type" : "ARCHETYPE_TERM",
            "code" : "at0000",
            "text" : "Indirizzo",
            "description" : "Dettagli dell'indirizzo allineati alla risorsa FHIR."
          },
          "at0011.1" : {
            "@type" : "ARCHETYPE_TERM",
            "code" : "at0011",
            "text" : "Linea",
            "description" : "Questo componente contiene il numero civico, il numero dell'appartamento, il nome dell'appartamento, il nome della strada, la direzione della strada, il numero della casella postale, i suggerimenti per la consegna e informazioni simili sull'indirizzo."
          },
          "at0001.1" : {
            "@type" : "ARCHETYPE_TERM",
            "code" : "at0001",
            "text" : "Utilizzo",
            "description" : "Scopo di utilizzo dell'indirizzo."
          },
          "at0012.1" : {
            "@type" : "ARCHETYPE_TERM",
            "code" : "at0012",
            "text" : "Città",
            "description" : "Il nome della città, paese, villaggio o altra comunità o centro di consegna."
          }
        }
      },
      "termBindings" : { },
      "terminologyExtracts" : { },
      "valueSets" : { }
    },
    "adlVersion" : "1.4",
    "buildUid" : "90992ec0-51e5-459b-9b90-107cfb29fe46",
    "rmName" : "openehr",
    "rmRelease" : "1.0.3",
    "generated" : true,
    "otherMetaData" : { },
    "originalLanguage" : {
      "terminologyId" : {
        "value" : "ISO_639-1"
      },
      "codeString" : "en"
    },
    "translations" : [ {
      "@type" : "TRANSLATION_DETAILS",
      "language" : {
        "terminologyId" : {
          "value" : "ISO_639-1"
        },
        "codeString" : "fi"
      },
      "author" : { },
      "otherDetails" : { }
    }, {
      "@type" : "TRANSLATION_DETAILS",
      "language" : {
        "terminologyId" : {
          "value" : "ISO_639-1"
        },
        "codeString" : "it"
      },
      "author" : {
        "name" : "Paolo Anedda",
        "organisation" : "Inpeco",
        "email" : "paolo.anedda@inpeco.com"
      },
      "otherDetails" : { }
    } ]
  }, {
    "@type" : "TEMPLATE_OVERLAY",
    "uid" : "133d68c4-1f3e-4d9e-ab5e-e7fc7670649a",
    "description" : {
      "@type" : "RESOURCE_DESCRIPTION",
      "originalAuthor" : { },
      "otherContributors" : [ ],
      "ipAcknowledgements" : { },
      "references" : { },
      "conversionDetails" : { },
      "otherDetails" : { },
      "details" : {
        "en" : {
          "@type" : "RESOURCE_DESCRIPTION_ITEM",
          "language" : {
            "terminologyId" : {
              "value" : "ISO_639-1"
            },
            "codeString" : "en"
          },
          "keywords" : [ ],
          "originalResourceUri" : { },
          "otherDetails" : { }
        }
      }
    },
    "parentArchetypeId" : "openEHR-EHR-CLUSTER.employment_covid.v0",
    "differential" : true,
    "archetypeId" : {
      "@type" : "ARCHETYPE_HRID",
      "value" : "openEHR-EHR-CLUSTER.ovl-employment_covid-001.v0"
    },
    "definition" : {
      "@type" : "C_COMPLEX_OBJECT",
      "rmTypeName" : "CLUSTER",
      "nodeId" : "at0000.1",
      "attributes" : [ ],
      "attributeTuples" : [ ]
    },
    "terminology" : {
      "@type" : "ARCHETYPE_TERMINOLOGY",
      "conceptCode" : "at0000",
      "termDefinitions" : {
        "en" : { }
      },
      "termBindings" : { },
      "terminologyExtracts" : { },
      "valueSets" : { }
    },
    "adlVersion" : "1.4",
    "buildUid" : "118cc0e7-01a2-3067-9c71-1c53baaa25b9",
    "rmName" : "openehr",
    "rmRelease" : "1.0.3",
    "generated" : true,
    "otherMetaData" : { },
    "originalLanguage" : {
      "terminologyId" : {
        "value" : "ISO_639-1"
      },
      "codeString" : "en"
    },
    "translations" : [ ]
  } ],
  "originalLanguage" : {
    "terminologyId" : {
      "value" : "ISO_639-1"
    },
    "codeString" : "en"
  },
  "translations" : [ {
    "@type" : "TRANSLATION_DETAILS",
    "language" : {
      "terminologyId" : {
        "value" : "ISO_639-1"
      },
      "codeString" : "nb"
    },
    "author" : { },
    "otherDetails" : { }
  }, {
    "@type" : "TRANSLATION_DETAILS",
    "language" : {
      "terminologyId" : {
        "value" : "ISO_639-1"
      },
      "codeString" : "it"
    },
    "author" : { },
    "otherDetails" : { }
  } ]
}