{
  "@type" : "TEMPLATE",
  "uid" : "c8cdb7a6-0870-4f74-b1f0-6624003c4c2a",
  "description" : {
    "@type" : "RESOURCE_DESCRIPTION",
    "originalAuthor" : {
      "date" : "2020-03-28"
    },
    "otherContributors" : [ ],
    "lifecycleState" : {
      "codeString" : "unmanaged"
    },
    "ipAcknowledgements" : { },
    "references" : { },
    "conversionDetails" : { },
    "otherDetails" : {
      "licence" : "This work is licensed under the Creative Commons Attribution-ShareAlike 4.0 International License. To view a copy of this license, visit http://creativecommons.org/licenses/by-sa/4.0/.",
      "custodian_organisation" : "openEHR Foundation",
      "original_namespace" : "org.openehr",
      "original_publisher" : "openEHR Foundation",
      "custodian_namespace" : "org.openehr",
      "MD5-CAM-1.0.1" : "535f20b424a1ae12f28066206807b679"
    },
    "details" : {
      "fi" : {
        "@type" : "RESOURCE_DESCRIPTION_ITEM",
        "language" : {
          "terminologyId" : {
            "value" : "ISO_639-1"
          },
          "codeString" : "fi"
        },
        "keywords" : [ ],
        "originalResourceUri" : { },
        "otherDetails" : { }
      },
      "nb" : {
        "@type" : "RESOURCE_DESCRIPTION_ITEM",
        "language" : {
          "terminologyId" : {
            "value" : "ISO_639-1"
          },
          "codeString" : "nb"
        },
        "keywords" : [ ],
        "originalResourceUri" : { },
        "otherDetails" : { }
      },
      "en" : {
        "@type" : "RESOURCE_DESCRIPTION_ITEM",
        "language" : {
          "terminologyId" : {
            "value" : "ISO_639-1"
          },
          "codeString" : "en"
        },
        "keywords" : [ ],
        "originalResourceUri" : { },
        "otherDetails" : { }
      },
      "it" : {
        "@type" : "RESOURCE_DESCRIPTION_ITEM",
        "language" : {
          "terminologyId" : {
            "value" : "ISO_639-1"
          },
          "codeString" : "it"
        },
        "keywords" : [ ],
        "originalResourceUri" : { },
        "otherDetails" : { }
      }
    }
  },
  "parentArchetypeId" : "openEHR-EHR-OBSERVATION.travel_history.v0",
  "differential" : true,
  "archetypeId" : {
    "@type" : "ARCHETYPE_HRID",
    "value" : "openEHR-EHR-OBSERVATION.traveltrip_history.v0"
  },
  "definition" : {
    "@type" : "C_COMPLEX_OBJECT",
    "rmTypeName" : "OBSERVATION",
    "nodeId" : "at0000.1",
    "attributes" : [ {
      "@type" : "C_ATTRIBUTE",
      "rmAttributeName" : "data",
      "children" : [ {
        "@type" : "C_COMPLEX_OBJECT",
        "rmTypeName" : "HISTORY",
        "nodeId" : "at0001",
        "attributes" : [ {
          "@type" : "C_ATTRIBUTE",
          "rmAttributeName" : "events",
          "children" : [ {
            "@type" : "C_COMPLEX_OBJECT",
            "rmTypeName" : "EVENT",
            "nodeId" : "at0002.1",
            "attributes" : [ {
              "@type" : "C_ATTRIBUTE",
              "rmAttributeName" : "data",
              "children" : [ {
                "@type" : "C_COMPLEX_OBJECT",
                "rmTypeName" : "ITEM_TREE",
                "nodeId" : "at0003",
                "attributes" : [ {
                  "@type" : "C_ATTRIBUTE",
                  "rmAttributeName" : "items",
                  "children" : [ {
                    "@type" : "C_COMPLEX_OBJECT",
                    "rmTypeName" : "ELEMENT",
                    "occurrences" : "0..0",
                    "nodeId" : "at0115.1",
                    "attributes" : [ {
                      "@type" : "C_ATTRIBUTE",
                      "rmAttributeName" : "value",
                      "children" : [ {
                        "@type" : "C_COMPLEX_OBJECT",
                        "rmTypeName" : "DV_DURATION",
                        "defaultValue" : {
                          "value" : "P14D",
                          "@type" : "DV_DURATION"
                        },
                        "attributes" : [ {
                          "@type" : "C_ATTRIBUTE",
                          "rmAttributeName" : "value",
                          "children" : [ {
                            "@type" : "C_DURATION",
                            "rmTypeName" : "DURATION",
                            "constraint" : [ ]
                          } ]
                        } ],
                        "attributeTuples" : [ ]
                      } ]
                    } ],
                    "attributeTuples" : [ ]
                  }, {
                    "@type" : "C_COMPLEX_OBJECT",
                    "rmTypeName" : "ELEMENT",
                    "occurrences" : "0..0",
                    "nodeId" : "at0059.1",
                    "attributes" : [ {
                      "@type" : "C_ATTRIBUTE",
                      "rmAttributeName" : "value",
                      "children" : [ {
                        "@type" : "C_COMPLEX_OBJECT",
                        "rmTypeName" : "DV_CODED_TEXT",
                        "attributes" : [ {
                          "@type" : "C_ATTRIBUTE",
                          "rmAttributeName" : "defining_code",
                          "children" : [ {
                            "@type" : "C_TERMINOLOGY_CODE",
                            "rmTypeName" : "CODE_PHRASE",
                            "occurrences" : "1..1",
                            "terminologyId" : {
                              "value" : "local"
                            },
                            "constraint" : [ "at0060", "at0061", "at0062", "at0063", "at0064", "at0065", "at0066" ]
                          } ]
                        } ],
                        "attributeTuples" : [ ]
                      }, {
                        "@type" : "C_COMPLEX_OBJECT",
                        "rmTypeName" : "DV_TEXT",
                        "attributes" : [ ],
                        "attributeTuples" : [ ]
                      } ]
                    } ],
                    "attributeTuples" : [ ]
                  }, {
                    "@type" : "C_COMPLEX_OBJECT",
                    "rmTypeName" : "ELEMENT",
                    "occurrences" : "0..0",
                    "nodeId" : "at0070.1",
                    "attributes" : [ ],
                    "attributeTuples" : [ ]
                  }, {
                    "@type" : "C_COMPLEX_OBJECT",
                    "rmTypeName" : "CLUSTER",
                    "occurrences" : "0..0",
                    "nodeId" : "at0120.1",
                    "attributes" : [ ],
                    "attributeTuples" : [ ]
                  }, {
                    "@type" : "C_COMPLEX_OBJECT",
                    "rmTypeName" : "CLUSTER",
                    "occurrences" : "0..0",
                    "nodeId" : "at0134.1",
                    "attributes" : [ ],
                    "attributeTuples" : [ ]
                  }, {
                    "@type" : "C_COMPLEX_OBJECT",
                    "rmTypeName" : "ELEMENT",
                    "occurrences" : "0..0",
                    "nodeId" : "at0072.1",
                    "attributes" : [ ],
                    "attributeTuples" : [ ]
                  }, {
                    "@type" : "C_COMPLEX_OBJECT",
                    "rmTypeName" : "ELEMENT",
                    "occurrences" : "0..0",
                    "nodeId" : "at0116.1",
                    "attributes" : [ {
                      "@type" : "C_ATTRIBUTE",
                      "rmAttributeName" : "value",
                      "children" : [ {
                        "@type" : "C_COMPLEX_OBJECT",
                        "rmTypeName" : "DV_CODED_TEXT",
                        "attributes" : [ {
                          "@type" : "C_ATTRIBUTE",
                          "rmAttributeName" : "defining_code",
                          "children" : [ {
                            "@type" : "C_TERMINOLOGY_CODE",
                            "rmTypeName" : "TERMINOLOGY_CODE",
                            "occurrences" : "1..1",
                            "terminologyId" : {
                              "value" : "local"
                            },
                            "constraint" : [ "ac0.1" ],
                            "selectedTerminologies" : [ ]
                          } ]
                        } ],
                        "attributeTuples" : [ ]
                      } ]
                    } ],
                    "attributeTuples" : [ ]
                  }, {
                    "@type" : "C_COMPLEX_OBJECT",
                    "rmTypeName" : "ELEMENT",
                    "occurrences" : "0..0",
                    "nodeId" : "at0049.1",
                    "attributes" : [ {
                      "@type" : "C_ATTRIBUTE",
                      "rmAttributeName" : "value",
                      "children" : [ {
                        "@type" : "C_COMPLEX_OBJECT",
                        "rmTypeName" : "DV_CODED_TEXT",
                        "attributes" : [ {
                          "@type" : "C_ATTRIBUTE",
                          "rmAttributeName" : "defining_code",
                          "children" : [ {
                            "@type" : "C_TERMINOLOGY_CODE",
                            "rmTypeName" : "CODE_PHRASE",
                            "occurrences" : "1..1",
                            "terminologyId" : {
                              "value" : "local"
                            },
                            "constraint" : [ "at0050", "at0051", "at0052", "at0053", "at0054", "at0055", "at0056", "at0057", "at0058" ]
                          } ]
                        } ],
                        "attributeTuples" : [ ]
                      } ]
                    } ],
                    "attributeTuples" : [ ]
                  }, {
                    "@type" : "C_COMPLEX_OBJECT",
                    "rmTypeName" : "ELEMENT",
                    "occurrences" : "0..0",
                    "nodeId" : "at0102.1",
                    "attributes" : [ ],
                    "attributeTuples" : [ ]
                  }, {
                    "@type" : "C_COMPLEX_OBJECT",
                    "rmTypeName" : "ELEMENT",
                    "occurrences" : "0..0",
                    "nodeId" : "at0103.1",
                    "attributes" : [ ],
                    "attributeTuples" : [ ]
                  }, {
                    "@type" : "C_COMPLEX_OBJECT",
                    "rmTypeName" : "ELEMENT",
                    "occurrences" : "0..0",
                    "nodeId" : "at0085.1",
                    "attributes" : [ {
                      "@type" : "C_ATTRIBUTE",
                      "rmAttributeName" : "value",
                      "children" : [ {
                        "@type" : "C_COMPLEX_OBJECT",
                        "rmTypeName" : "DV_CODED_TEXT",
                        "attributes" : [ {
                          "@type" : "C_ATTRIBUTE",
                          "rmAttributeName" : "defining_code",
                          "children" : [ {
                            "@type" : "C_TERMINOLOGY_CODE",
                            "rmTypeName" : "CODE_PHRASE",
                            "occurrences" : "1..1",
                            "terminologyId" : {
                              "value" : "local"
                            },
                            "constraint" : [ "at0086", "at0087", "at0088", "at0089" ]
                          } ]
                        } ],
                        "attributeTuples" : [ ]
                      } ]
                    } ],
                    "attributeTuples" : [ ]
                  }, {
                    "@type" : "C_COMPLEX_OBJECT",
                    "rmTypeName" : "ELEMENT",
                    "occurrences" : "0..0",
                    "nodeId" : "at0104.1",
                    "attributes" : [ ],
                    "attributeTuples" : [ ]
                  }, {
                    "@type" : "C_COMPLEX_OBJECT",
                    "rmTypeName" : "ELEMENT",
                    "occurrences" : "0..0",
                    "nodeId" : "at0091.1",
                    "attributes" : [ {
                      "@type" : "C_ATTRIBUTE",
                      "rmAttributeName" : "value",
                      "children" : [ {
                        "@type" : "C_COMPLEX_OBJECT",
                        "rmTypeName" : "DV_CODED_TEXT",
                        "attributes" : [ {
                          "@type" : "C_ATTRIBUTE",
                          "rmAttributeName" : "defining_code",
                          "children" : [ {
                            "@type" : "C_TERMINOLOGY_CODE",
                            "rmTypeName" : "CODE_PHRASE",
                            "occurrences" : "1..1",
                            "terminologyId" : {
                              "value" : "local"
                            },
                            "constraint" : [ "at0092", "at0093", "at0094", "at0095" ]
                          } ]
                        } ],
                        "attributeTuples" : [ ]
                      }, {
                        "@type" : "C_COMPLEX_OBJECT",
                        "rmTypeName" : "DV_TEXT",
                        "attributes" : [ ],
                        "attributeTuples" : [ ]
                      } ]
                    } ],
                    "attributeTuples" : [ ]
                  }, {
                    "@type" : "C_COMPLEX_OBJECT",
                    "rmTypeName" : "ELEMENT",
                    "occurrences" : "0..0",
                    "nodeId" : "at0096.1",
                    "attributes" : [ {
                      "@type" : "C_ATTRIBUTE",
                      "rmAttributeName" : "value",
                      "children" : [ {
                        "@type" : "C_COMPLEX_OBJECT",
                        "rmTypeName" : "DV_CODED_TEXT",
                        "attributes" : [ {
                          "@type" : "C_ATTRIBUTE",
                          "rmAttributeName" : "defining_code",
                          "children" : [ {
                            "@type" : "C_TERMINOLOGY_CODE",
                            "rmTypeName" : "CODE_PHRASE",
                            "occurrences" : "1..1",
                            "terminologyId" : {
                              "value" : "local"
                            },
                            "constraint" : [ "at0097", "at0098", "at0099" ]
                          } ]
                        } ],
                        "attributeTuples" : [ ]
                      } ]
                    } ],
                    "attributeTuples" : [ ]
                  } ]
                } ],
                "attributeTuples" : [ ]
              } ]
            } ],
            "attributeTuples" : [ ]
          } ]
        } ],
        "attributeTuples" : [ ]
      } ]
    } ],
    "attributeTuples" : [ ]
  },
  "terminology" : {
    "@type" : "ARCHETYPE_TERMINOLOGY",
    "conceptCode" : "at0000",
    "termDefinitions" : {
      "en" : {
        "ac0.1" : {
          "@type" : "ARCHETYPE_TERM",
          "text" : "(Synthesized)",
          "code" : "ac0.1",
          "description" : "*"
        }
      },
      "nb" : {
        "ac0.1" : {
          "@type" : "ARCHETYPE_TERM",
          "text" : "*(Synthesized) (en)",
          "code" : "ac0.1",
          "description" : "*"
        }
      },
      "fi" : {
        "ac0.1" : {
          "@type" : "ARCHETYPE_TERM",
          "text" : "(Synthesized)",
          "code" : "ac0.1",
          "description" : "*"
        }
      },
      "it" : {
        "ac0.1" : {
          "@type" : "ARCHETYPE_TERM",
          "text" : "(Synthesized)",
          "code" : "ac0.1",
          "description" : "*"
        }
      }
    },
    "termBindings" : { },
    "terminologyExtracts" : { },
    "valueSets" : {
      "ac0.1" : {
        "@type" : "VALUE_SET",
        "id" : "ac0.1",
        "members" : [ "at0117", "at0118", "at0119" ]
      }
    }
  },
  "adlVersion" : "1.4",
  "buildUid" : "d9680e5c-27b6-3bee-a357-07fe00e3cfdc",
  "rmName" : "openehr",
  "rmRelease" : "1.0.3",
  "generated" : true,
  "templateId" : "NDS_COVID Travel trip history",
  "otherMetaData" : { },
  "templateOverlays" : [ ],
  "originalLanguage" : {
    "terminologyId" : {
      "value" : "ISO_639-1"
    },
    "codeString" : "en"
  },
  "translations" : [ {
    "@type" : "TRANSLATION_DETAILS",
    "language" : {
      "terminologyId" : {
        "value" : "ISO_639-1"
      },
      "codeString" : "nb"
    },
    "author" : { },
    "otherDetails" : { }
  }, {
    "@type" : "TRANSLATION_DETAILS",
    "language" : {
      "terminologyId" : {
        "value" : "ISO_639-1"
      },
      "codeString" : "fi"
    },
    "author" : { },
    "otherDetails" : { }
  }, {
    "@type" : "TRANSLATION_DETAILS",
    "language" : {
      "terminologyId" : {
        "value" : "ISO_639-1"
      },
      "codeString" : "it"
    },
    "author" : { },
    "otherDetails" : { }
  } ]
}