{
  "@type" : "TEMPLATE",
  "uid" : "d7cf88fd-5324-4005-9f1b-d0f4f8e112ba",
  "description" : {
    "@type" : "RESOURCE_DESCRIPTION",
    "originalAuthor" : {
      "date" : "2020-03-28"
    },
    "otherContributors" : [ ],
    "lifecycleState" : {
      "codeString" : "unmanaged"
    },
    "ipAcknowledgements" : { },
    "references" : { },
    "conversionDetails" : { },
    "otherDetails" : {
      "licence" : "This work is licensed under the Creative Commons Attribution-ShareAlike 4.0 International License. To view a copy of this license, visit http://creativecommons.org/licenses/by-sa/4.0/.",
      "custodian_organisation" : "openEHR Foundation",
      "original_namespace" : "org.openehr",
      "original_publisher" : "openEHR Foundation",
      "custodian_namespace" : "org.openehr",
      "MD5-CAM-1.0.1" : "5ba0e1a326235528ae4975f23d5bb8fd"
    },
    "details" : {
      "nb" : {
        "@type" : "RESOURCE_DESCRIPTION_ITEM",
        "language" : {
          "terminologyId" : {
            "value" : "ISO_639-1"
          },
          "codeString" : "nb"
        },
        "keywords" : [ ],
        "originalResourceUri" : { },
        "otherDetails" : { }
      },
      "en" : {
        "@type" : "RESOURCE_DESCRIPTION_ITEM",
        "language" : {
          "terminologyId" : {
            "value" : "ISO_639-1"
          },
          "codeString" : "en"
        },
        "keywords" : [ ],
        "originalResourceUri" : { },
        "otherDetails" : { }
      },
      "it" : {
        "@type" : "RESOURCE_DESCRIPTION_ITEM",
        "language" : {
          "terminologyId" : {
            "value" : "ISO_639-1"
          },
          "codeString" : "it"
        },
        "keywords" : [ ],
        "originalResourceUri" : { },
        "otherDetails" : { }
      }
    }
  },
  "parentArchetypeId" : "openEHR-EHR-INSTRUCTION.service_request.v1",
  "differential" : true,
  "archetypeId" : {
    "@type" : "ARCHETYPE_HRID",
    "value" : "openEHR-EHR-INSTRUCTION.servicerequest.v1"
  },
  "definition" : {
    "@type" : "C_COMPLEX_OBJECT",
    "rmTypeName" : "INSTRUCTION",
    "nodeId" : "at0000.1",
    "attributes" : [ {
      "@type" : "C_ATTRIBUTE",
      "rmAttributeName" : "activities",
      "children" : [ {
        "@type" : "C_COMPLEX_OBJECT",
        "rmTypeName" : "ACTIVITY",
        "nodeId" : "at0001",
        "attributes" : [ {
          "@type" : "C_ATTRIBUTE",
          "rmAttributeName" : "description",
          "children" : [ {
            "@type" : "C_COMPLEX_OBJECT",
            "rmTypeName" : "ITEM_TREE",
            "nodeId" : "at0009",
            "attributes" : [ {
              "@type" : "C_ATTRIBUTE",
              "rmAttributeName" : "items",
              "children" : [ {
                "@type" : "C_COMPLEX_OBJECT",
                "rmTypeName" : "ELEMENT",
                "nodeId" : "at0121.1",
                "attributes" : [ {
                  "@type" : "C_ATTRIBUTE",
                  "rmAttributeName" : "value",
                  "children" : [ {
                    "@type" : "C_COMPLEX_OBJECT",
                    "rmTypeName" : "DV_CODED_TEXT",
                    "occurrences" : "1..1",
                    "attributes" : [ {
                      "@type" : "C_ATTRIBUTE",
                      "rmAttributeName" : "defining_code",
                      "children" : [ {
                        "@type" : "C_TERMINOLOGY_CODE",
                        "rmTypeName" : "TERMINOLOGY_CODE",
                        "terminologyId" : {
                          "value" : "SNOMED-CT"
                        },
                        "constraint" : [ ],
                        "selectedTerminologies" : [ "SNOMED-CT" ],
                        "includedExternalTerminologyCodes" : [ {
                          "terminologyId" : "SNOMED-CT",
                          "code" : "170499009",
                          "value" : "Isolation of infection contact"
                        }, {
                          "terminologyId" : "SNOMED-CT",
                          "code" : "225368008",
                          "value" : "Contact tracing"
                        } ]
                      } ]
                    } ],
                    "attributeTuples" : [ ]
                  } ]
                } ],
                "attributeTuples" : [ ]
              }, {
                "@type" : "C_COMPLEX_OBJECT",
                "rmTypeName" : "ELEMENT",
                "occurrences" : "0..0",
                "nodeId" : "at0148.1",
                "attributes" : [ ],
                "attributeTuples" : [ ]
              }, {
                "@type" : "C_COMPLEX_OBJECT",
                "rmTypeName" : "ELEMENT",
                "occurrences" : "0..0",
                "nodeId" : "at0135.1",
                "attributes" : [ ],
                "attributeTuples" : [ ]
              }, {
                "@type" : "C_COMPLEX_OBJECT",
                "rmTypeName" : "ELEMENT",
                "nodeId" : "at0062.1",
                "attributes" : [ {
                  "@type" : "C_ATTRIBUTE",
                  "rmAttributeName" : "value",
                  "children" : [ {
                    "@type" : "C_COMPLEX_OBJECT",
                    "rmTypeName" : "DV_CODED_TEXT",
                    "occurrences" : "1..1",
                    "attributes" : [ {
                      "@type" : "C_ATTRIBUTE",
                      "rmAttributeName" : "defining_code",
                      "children" : [ {
                        "@type" : "C_TERMINOLOGY_CODE",
                        "rmTypeName" : "TERMINOLOGY_CODE",
                        "terminologyId" : {
                          "value" : "SNOMED-CT"
                        },
                        "constraint" : [ ],
                        "selectedTerminologies" : [ "SNOMED-CT" ],
                        "includedExternalTerminologyCodes" : [ {
                          "terminologyId" : "SNOMED-CT",
                          "code" : "840544004",
                          "value" : "Suspected disease caused by 2019 novel coronavirus"
                        }, {
                          "terminologyId" : "SNOMED-CT",
                          "code" : "840546002",
                          "value" : "Exposure to 2019 novel coronavirus"
                        }, {
                          "terminologyId" : "SNOMED-CT",
                          "code" : "840539006",
                          "value" : "Disease caused by 2019-nCoV"
                        } ]
                      } ]
                    } ],
                    "attributeTuples" : [ ]
                  } ]
                } ],
                "attributeTuples" : [ ]
              }, {
                "@type" : "C_COMPLEX_OBJECT",
                "rmTypeName" : "ELEMENT",
                "occurrences" : "0..0",
                "nodeId" : "at0064.1",
                "attributes" : [ ],
                "attributeTuples" : [ ]
              }, {
                "@type" : "C_COMPLEX_OBJECT",
                "rmTypeName" : "ELEMENT",
                "occurrences" : "0..0",
                "nodeId" : "at0152.1",
                "attributes" : [ ],
                "attributeTuples" : [ ]
              }, {
                "@type" : "C_COMPLEX_OBJECT",
                "rmTypeName" : "ELEMENT",
                "occurrences" : "0..0",
                "nodeId" : "at0065.1",
                "attributes" : [ ],
                "attributeTuples" : [ ]
              }, {
                "@type" : "C_COMPLEX_OBJECT",
                "rmTypeName" : "ELEMENT",
                "occurrences" : "0..0",
                "nodeId" : "at0068.1",
                "attributes" : [ {
                  "@type" : "C_ATTRIBUTE",
                  "rmAttributeName" : "value",
                  "children" : [ {
                    "@type" : "C_COMPLEX_OBJECT",
                    "rmTypeName" : "DV_CODED_TEXT",
                    "attributes" : [ {
                      "@type" : "C_ATTRIBUTE",
                      "rmAttributeName" : "defining_code",
                      "children" : [ {
                        "@type" : "C_TERMINOLOGY_CODE",
                        "rmTypeName" : "CODE_PHRASE",
                        "occurrences" : "1..1",
                        "terminologyId" : {
                          "value" : "local"
                        },
                        "constraint" : [ "at0136", "at0137", "at0138" ]
                      } ]
                    } ],
                    "attributeTuples" : [ ]
                  }, {
                    "@type" : "C_COMPLEX_OBJECT",
                    "rmTypeName" : "DV_TEXT",
                    "attributes" : [ ],
                    "attributeTuples" : [ ]
                  } ]
                } ],
                "attributeTuples" : [ ]
              }, {
                "@type" : "C_COMPLEX_OBJECT",
                "rmTypeName" : "ELEMENT",
                "occurrences" : "0..0",
                "nodeId" : "at0040.1",
                "attributes" : [ {
                  "@type" : "C_ATTRIBUTE",
                  "rmAttributeName" : "value",
                  "children" : [ {
                    "@type" : "C_COMPLEX_OBJECT",
                    "rmTypeName" : "DV_DATE_TIME",
                    "attributes" : [ ],
                    "attributeTuples" : [ ]
                  }, {
                    "@type" : "C_COMPLEX_OBJECT",
                    "rmTypeName" : "DV_TEXT",
                    "attributes" : [ ],
                    "attributeTuples" : [ ]
                  } ]
                } ],
                "attributeTuples" : [ ]
              }, {
                "@type" : "C_COMPLEX_OBJECT",
                "rmTypeName" : "ELEMENT",
                "occurrences" : "0..0",
                "nodeId" : "at0145.1",
                "attributes" : [ ],
                "attributeTuples" : [ ]
              }, {
                "@type" : "C_COMPLEX_OBJECT",
                "rmTypeName" : "ELEMENT",
                "occurrences" : "0..0",
                "nodeId" : "at0144.1",
                "attributes" : [ ],
                "attributeTuples" : [ ]
              }, {
                "@type" : "C_COMPLEX_OBJECT",
                "rmTypeName" : "ELEMENT",
                "occurrences" : "0..0",
                "nodeId" : "at0147.1",
                "attributes" : [ {
                  "@type" : "C_ATTRIBUTE",
                  "rmAttributeName" : "value",
                  "children" : [ {
                    "@type" : "C_COMPLEX_OBJECT",
                    "rmTypeName" : "DV_BOOLEAN",
                    "attributes" : [ {
                      "@type" : "C_ATTRIBUTE",
                      "rmAttributeName" : "value",
                      "children" : [ {
                        "@type" : "C_BOOLEAN",
                        "rmTypeName" : "Boolean",
                        "occurrences" : "1..1",
                        "constraint" : [ true ]
                      } ]
                    } ],
                    "attributeTuples" : [ ]
                  } ]
                } ],
                "attributeTuples" : [ ]
              }, {
                "@type" : "C_COMPLEX_OBJECT",
                "rmTypeName" : "ELEMENT",
                "occurrences" : "0..0",
                "nodeId" : "at0076.1",
                "attributes" : [ {
                  "@type" : "C_ATTRIBUTE",
                  "rmAttributeName" : "value",
                  "children" : [ {
                    "@type" : "C_COMPLEX_OBJECT",
                    "rmTypeName" : "DV_BOOLEAN",
                    "attributes" : [ {
                      "@type" : "C_ATTRIBUTE",
                      "rmAttributeName" : "value",
                      "children" : [ {
                        "@type" : "C_BOOLEAN",
                        "rmTypeName" : "Boolean",
                        "occurrences" : "1..1",
                        "constraint" : [ true ]
                      } ]
                    } ],
                    "attributeTuples" : [ ]
                  } ]
                } ],
                "attributeTuples" : [ ]
              }, {
                "@type" : "C_COMPLEX_OBJECT",
                "rmTypeName" : "ELEMENT",
                "occurrences" : "0..0",
                "nodeId" : "at0078.1",
                "attributes" : [ ],
                "attributeTuples" : [ ]
              }, {
                "@type" : "C_COMPLEX_OBJECT",
                "rmTypeName" : "ELEMENT",
                "occurrences" : "0..0",
                "nodeId" : "at0150.1",
                "attributes" : [ ],
                "attributeTuples" : [ ]
              } ]
            } ],
            "attributeTuples" : [ ]
          } ]
        } ],
        "attributeTuples" : [ ]
      } ]
    }, {
      "@type" : "C_ATTRIBUTE",
      "rmAttributeName" : "protocol",
      "children" : [ {
        "@type" : "C_COMPLEX_OBJECT",
        "rmTypeName" : "ITEM_TREE",
        "nodeId" : "at0008",
        "attributes" : [ {
          "@type" : "C_ATTRIBUTE",
          "rmAttributeName" : "items",
          "children" : [ {
            "@type" : "C_COMPLEX_OBJECT",
            "rmTypeName" : "ELEMENT",
            "occurrences" : "0..0",
            "nodeId" : "at0010.1",
            "attributes" : [ {
              "@type" : "C_ATTRIBUTE",
              "rmAttributeName" : "value",
              "children" : [ {
                "@type" : "C_COMPLEX_OBJECT",
                "rmTypeName" : "DV_TEXT",
                "attributes" : [ ],
                "attributeTuples" : [ ]
              }, {
                "@type" : "C_COMPLEX_OBJECT",
                "rmTypeName" : "DV_IDENTIFIER",
                "attributes" : [ ],
                "attributeTuples" : [ ]
              } ]
            } ],
            "attributeTuples" : [ ]
          }, {
            "@type" : "C_COMPLEX_OBJECT",
            "rmTypeName" : "ELEMENT",
            "occurrences" : "0..0",
            "nodeId" : "at0011.1",
            "attributes" : [ {
              "@type" : "C_ATTRIBUTE",
              "rmAttributeName" : "value",
              "children" : [ {
                "@type" : "C_COMPLEX_OBJECT",
                "rmTypeName" : "DV_TEXT",
                "attributes" : [ ],
                "attributeTuples" : [ ]
              }, {
                "@type" : "C_COMPLEX_OBJECT",
                "rmTypeName" : "DV_IDENTIFIER",
                "attributes" : [ ],
                "attributeTuples" : [ ]
              } ]
            } ],
            "attributeTuples" : [ ]
          }, {
            "@type" : "C_COMPLEX_OBJECT",
            "rmTypeName" : "ELEMENT",
            "occurrences" : "0..0",
            "nodeId" : "at0127.1",
            "attributes" : [ ],
            "attributeTuples" : [ ]
          } ]
        } ],
        "attributeTuples" : [ ]
      } ]
    } ],
    "attributeTuples" : [ ]
  },
  "terminology" : {
    "@type" : "ARCHETYPE_TERMINOLOGY",
    "conceptCode" : "at0000",
    "termDefinitions" : {
      "en" : { },
      "nb" : { },
      "it" : { }
    },
    "termBindings" : { },
    "terminologyExtracts" : { },
    "valueSets" : { }
  },
  "adlVersion" : "1.4",
  "buildUid" : "ec307185-156f-3cfd-aab3-96c9fb547480",
  "rmName" : "openehr",
  "rmRelease" : "1.0.3",
  "generated" : true,
  "templateId" : "NDS_COVID service requests",
  "otherMetaData" : { },
  "templateOverlays" : [ ],
  "originalLanguage" : {
    "terminologyId" : {
      "value" : "ISO_639-1"
    },
    "codeString" : "en"
  },
  "translations" : [ {
    "@type" : "TRANSLATION_DETAILS",
    "language" : {
      "terminologyId" : {
        "value" : "ISO_639-1"
      },
      "codeString" : "nb"
    },
    "author" : { },
    "otherDetails" : { }
  }, {
    "@type" : "TRANSLATION_DETAILS",
    "language" : {
      "terminologyId" : {
        "value" : "ISO_639-1"
      },
      "codeString" : "it"
    },
    "author" : { },
    "otherDetails" : { }
  } ]
}