{
  "@type" : "TEMPLATE",
  "uid" : "f3489bed-d100-4d04-856b-f35024d89573",
  "description" : {
    "@type" : "RESOURCE_DESCRIPTION",
    "originalAuthor" : {
      "date" : "2020-03-28"
    },
    "otherContributors" : [ ],
    "lifecycleState" : {
      "codeString" : "unmanaged"
    },
    "ipAcknowledgements" : { },
    "references" : { },
    "conversionDetails" : { },
    "otherDetails" : {
      "licence" : "This work is licensed under the Creative Commons Attribution-ShareAlike 4.0 International License. To view a copy of this license, visit http://creativecommons.org/licenses/by-sa/4.0/.",
      "custodian_organisation" : "openEHR Foundation",
      "original_namespace" : "org.openehr",
      "original_publisher" : "openEHR Foundation",
      "custodian_namespace" : "org.openehr",
      "MD5-CAM-1.0.1" : "cba7ebe36152522ee073b781ed4a2bd2"
    },
    "details" : {
      "de" : {
        "@type" : "RESOURCE_DESCRIPTION_ITEM",
        "language" : {
          "terminologyId" : {
            "value" : "ISO_639-1"
          },
          "codeString" : "de"
        },
        "keywords" : [ ],
        "originalResourceUri" : { },
        "otherDetails" : { }
      },
      "nb" : {
        "@type" : "RESOURCE_DESCRIPTION_ITEM",
        "language" : {
          "terminologyId" : {
            "value" : "ISO_639-1"
          },
          "codeString" : "nb"
        },
        "keywords" : [ ],
        "originalResourceUri" : { },
        "otherDetails" : { }
      },
      "pt-br" : {
        "@type" : "RESOURCE_DESCRIPTION_ITEM",
        "language" : {
          "terminologyId" : {
            "value" : "ISO_639-1"
          },
          "codeString" : "pt-br"
        },
        "keywords" : [ ],
        "originalResourceUri" : { },
        "otherDetails" : { }
      },
      "en" : {
        "@type" : "RESOURCE_DESCRIPTION_ITEM",
        "language" : {
          "terminologyId" : {
            "value" : "ISO_639-1"
          },
          "codeString" : "en"
        },
        "keywords" : [ ],
        "originalResourceUri" : { },
        "otherDetails" : { }
      }
    }
  },
  "parentArchetypeId" : "openEHR-EHR-EVALUATION.medication_summary.v0",
  "differential" : true,
  "archetypeId" : {
    "@type" : "ARCHETYPE_HRID",
    "value" : "openEHR-EHR-EVALUATION.significantmedications.v0"
  },
  "definition" : {
    "@type" : "C_COMPLEX_OBJECT",
    "rmTypeName" : "EVALUATION",
    "nodeId" : "at0000.1",
    "attributes" : [ {
      "@type" : "C_ATTRIBUTE",
      "rmAttributeName" : "data",
      "children" : [ {
        "@type" : "C_COMPLEX_OBJECT",
        "rmTypeName" : "ITEM_TREE",
        "nodeId" : "at0001",
        "attributes" : [ {
          "@type" : "C_ATTRIBUTE",
          "rmAttributeName" : "items",
          "children" : [ {
            "@type" : "C_COMPLEX_OBJECT",
            "rmTypeName" : "ELEMENT",
            "nodeId" : "at0002.1",
            "attributes" : [ {
              "@type" : "C_ATTRIBUTE",
              "rmAttributeName" : "value",
              "children" : [ {
                "@type" : "C_COMPLEX_OBJECT",
                "rmTypeName" : "DV_TEXT",
                "attributes" : [ {
                  "@type" : "C_ATTRIBUTE",
                  "rmAttributeName" : "value",
                  "children" : [ {
                    "@type" : "C_STRING",
                    "rmTypeName" : "STRING",
                    "constraint" : [ "Immunosuppresant/ chemotherapy", "Steroids", "Antibiotics", "/.+/" ]
                  } ]
                } ],
                "attributeTuples" : [ ]
              } ]
            } ],
            "attributeTuples" : [ ]
          }, {
            "@type" : "C_COMPLEX_OBJECT",
            "rmTypeName" : "ELEMENT",
            "occurrences" : "0..0",
            "nodeId" : "at0003.1",
            "attributes" : [ {
              "@type" : "C_ATTRIBUTE",
              "rmAttributeName" : "value",
              "children" : [ {
                "@type" : "C_COMPLEX_OBJECT",
                "rmTypeName" : "DV_BOOLEAN",
                "attributes" : [ {
                  "@type" : "C_ATTRIBUTE",
                  "rmAttributeName" : "value",
                  "children" : [ {
                    "@type" : "C_BOOLEAN",
                    "rmTypeName" : "BOOLEAN",
                    "occurrences" : "1..1",
                    "constraint" : [ true ]
                  } ]
                } ],
                "attributeTuples" : [ ]
              } ]
            } ],
            "attributeTuples" : [ ]
          }, {
            "@type" : "C_COMPLEX_OBJECT",
            "rmTypeName" : "ELEMENT",
            "nodeId" : "at0004.1",
            "attributes" : [ {
              "@type" : "C_ATTRIBUTE",
              "rmAttributeName" : "value",
              "children" : [ {
                "@type" : "C_COMPLEX_OBJECT",
                "rmTypeName" : "DV_BOOLEAN",
                "attributes" : [ {
                  "@type" : "C_ATTRIBUTE",
                  "rmAttributeName" : "value",
                  "children" : [ {
                    "@type" : "C_BOOLEAN",
                    "rmTypeName" : "BOOLEAN",
                    "constraint" : [ ]
                  } ]
                } ],
                "attributeTuples" : [ ]
              } ]
            } ],
            "attributeTuples" : [ ]
          }, {
            "@type" : "C_COMPLEX_OBJECT",
            "rmTypeName" : "ELEMENT",
            "occurrences" : "0..0",
            "nodeId" : "at0007.1",
            "attributes" : [ ],
            "attributeTuples" : [ ]
          }, {
            "@type" : "C_COMPLEX_OBJECT",
            "rmTypeName" : "ELEMENT",
            "occurrences" : "0..0",
            "nodeId" : "at0009.1",
            "attributes" : [ {
              "@type" : "C_ATTRIBUTE",
              "rmAttributeName" : "value",
              "children" : [ {
                "@type" : "C_COMPLEX_OBJECT",
                "rmTypeName" : "DV_DATE_TIME",
                "attributes" : [ {
                  "@type" : "C_ATTRIBUTE",
                  "rmAttributeName" : "value",
                  "children" : [ {
                    "@type" : "C_DATE_TIME",
                    "rmTypeName" : "DATE_TIME",
                    "constraint" : [ ]
                  } ]
                } ],
                "attributeTuples" : [ ]
              } ]
            } ],
            "attributeTuples" : [ ]
          }, {
            "@type" : "C_COMPLEX_OBJECT",
            "rmTypeName" : "CLUSTER",
            "occurrences" : "0..0",
            "nodeId" : "at0008.1",
            "attributes" : [ ],
            "attributeTuples" : [ ]
          }, {
            "@type" : "C_COMPLEX_OBJECT",
            "rmTypeName" : "ELEMENT",
            "occurrences" : "0..0",
            "nodeId" : "at0015.1",
            "attributes" : [ ],
            "attributeTuples" : [ ]
          }, {
            "@type" : "C_COMPLEX_OBJECT",
            "rmTypeName" : "ELEMENT",
            "occurrences" : "0..0",
            "nodeId" : "at0010.1",
            "attributes" : [ {
              "@type" : "C_ATTRIBUTE",
              "rmAttributeName" : "value",
              "children" : [ {
                "@type" : "C_COMPLEX_OBJECT",
                "rmTypeName" : "DV_DATE_TIME",
                "attributes" : [ {
                  "@type" : "C_ATTRIBUTE",
                  "rmAttributeName" : "value",
                  "children" : [ {
                    "@type" : "C_DATE_TIME",
                    "rmTypeName" : "DATE_TIME",
                    "constraint" : [ ]
                  } ]
                } ],
                "attributeTuples" : [ ]
              } ]
            } ],
            "attributeTuples" : [ ]
          } ]
        } ],
        "attributeTuples" : [ ]
      } ]
    }, {
      "@type" : "C_ATTRIBUTE",
      "rmAttributeName" : "protocol",
      "children" : [ {
        "@type" : "C_COMPLEX_OBJECT",
        "rmTypeName" : "ITEM_TREE",
        "nodeId" : "at0005",
        "attributes" : [ {
          "@type" : "C_ATTRIBUTE",
          "rmAttributeName" : "items",
          "children" : [ {
            "@type" : "C_COMPLEX_OBJECT",
            "rmTypeName" : "ELEMENT",
            "occurrences" : "0..0",
            "nodeId" : "at0006.1",
            "attributes" : [ {
              "@type" : "C_ATTRIBUTE",
              "rmAttributeName" : "value",
              "children" : [ {
                "@type" : "C_COMPLEX_OBJECT",
                "rmTypeName" : "DV_DATE_TIME",
                "attributes" : [ {
                  "@type" : "C_ATTRIBUTE",
                  "rmAttributeName" : "value",
                  "children" : [ {
                    "@type" : "C_DATE_TIME",
                    "rmTypeName" : "DATE_TIME",
                    "constraint" : [ ]
                  } ]
                } ],
                "attributeTuples" : [ ]
              } ]
            } ],
            "attributeTuples" : [ ]
          } ]
        } ],
        "attributeTuples" : [ ]
      } ]
    } ],
    "attributeTuples" : [ ]
  },
  "terminology" : {
    "@type" : "ARCHETYPE_TERMINOLOGY",
    "conceptCode" : "at0000",
    "termDefinitions" : {
      "en" : {
        "at0000.1" : {
          "@type" : "ARCHETYPE_TERM",
          "code" : "at0000.1",
          "text" : "Significant medications",
          "description" : "Summary information about the administration or consumption history for a specified medication or class of medication over the individual's lifetime."
        }
      },
      "nb" : { },
      "pt-br" : { },
      "de" : { }
    },
    "termBindings" : { },
    "terminologyExtracts" : { },
    "valueSets" : { }
  },
  "adlVersion" : "1.4",
  "buildUid" : "645c6bc3-ef02-3acb-90bb-7a112218f1da",
  "rmName" : "openehr",
  "rmRelease" : "1.0.3",
  "generated" : true,
  "templateId" : "NDS_COVID Significant medications",
  "otherMetaData" : { },
  "templateOverlays" : [ ],
  "originalLanguage" : {
    "terminologyId" : {
      "value" : "ISO_639-1"
    },
    "codeString" : "en"
  },
  "translations" : [ {
    "@type" : "TRANSLATION_DETAILS",
    "language" : {
      "terminologyId" : {
        "value" : "ISO_639-1"
      },
      "codeString" : "de"
    },
    "author" : { },
    "otherDetails" : { }
  }, {
    "@type" : "TRANSLATION_DETAILS",
    "language" : {
      "terminologyId" : {
        "value" : "ISO_639-1"
      },
      "codeString" : "nb"
    },
    "author" : { },
    "otherDetails" : { }
  }, {
    "@type" : "TRANSLATION_DETAILS",
    "language" : {
      "terminologyId" : {
        "value" : "ISO_639-1"
      },
      "codeString" : "pt-br"
    },
    "author" : { },
    "otherDetails" : { }
  } ]
}