{
  "@type" : "TEMPLATE",
  "uid" : "5dc9a08b-52bc-4432-883b-24464a50f41d",
  "description" : {
    "@type" : "RESOURCE_DESCRIPTION",
    "originalAuthor" : {
      "date" : "2020-03-28"
    },
    "otherContributors" : [ ],
    "lifecycleState" : {
      "codeString" : "unmanaged"
    },
    "ipAcknowledgements" : { },
    "references" : { },
    "conversionDetails" : { },
    "otherDetails" : {
      "licence" : "This work is licensed under the Creative Commons Attribution-ShareAlike 4.0 International License. To view a copy of this license, visit http://creativecommons.org/licenses/by-sa/4.0/.",
      "custodian_organisation" : "openEHR Foundation",
      "original_namespace" : "org.openehr",
      "original_publisher" : "openEHR Foundation",
      "custodian_namespace" : "org.openehr",
      "MD5-CAM-1.0.1" : "3d5861863d51793d9352d8c97c048861"
    },
    "details" : {
      "en" : {
        "@type" : "RESOURCE_DESCRIPTION_ITEM",
        "language" : {
          "terminologyId" : {
            "value" : "ISO_639-1"
          },
          "codeString" : "en"
        },
        "keywords" : [ ],
        "originalResourceUri" : { },
        "otherDetails" : { }
      }
    }
  },
  "parentArchetypeId" : "openEHR-EHR-EVALUATION.living_arrangement.v0",
  "differential" : true,
  "archetypeId" : {
    "@type" : "ARCHETYPE_HRID",
    "value" : "openEHR-EHR-EVALUATION.livingarrangements.v0"
  },
  "definition" : {
    "@type" : "C_COMPLEX_OBJECT",
    "rmTypeName" : "EVALUATION",
    "nodeId" : "at0000.1",
    "attributes" : [ {
      "@type" : "C_ATTRIBUTE",
      "rmAttributeName" : "data",
      "children" : [ {
        "@type" : "C_COMPLEX_OBJECT",
        "rmTypeName" : "ITEM_TREE",
        "nodeId" : "at0001",
        "attributes" : [ {
          "@type" : "C_ATTRIBUTE",
          "rmAttributeName" : "items",
          "children" : [ {
            "@type" : "C_COMPLEX_OBJECT",
            "rmTypeName" : "ELEMENT",
            "occurrences" : "0..0",
            "nodeId" : "at0003.1",
            "attributes" : [ ],
            "attributeTuples" : [ ]
          }, {
            "@type" : "C_COMPLEX_OBJECT",
            "rmTypeName" : "ELEMENT",
            "nodeId" : "at0004.1",
            "attributes" : [ {
              "@type" : "C_ATTRIBUTE",
              "rmAttributeName" : "value",
              "children" : [ {
                "@type" : "C_COMPLEX_OBJECT",
                "rmTypeName" : "DV_TEXT",
                "attributes" : [ {
                  "@type" : "C_ATTRIBUTE",
                  "rmAttributeName" : "value",
                  "children" : [ {
                    "@type" : "C_STRING",
                    "rmTypeName" : "STRING",
                    "constraint" : [ "Lives alone", "Lives with family", "Social care", "Co-dependent care", "Carer for other" ]
                  } ]
                } ],
                "attributeTuples" : [ ]
              } ]
            } ],
            "attributeTuples" : [ ]
          }, {
            "@type" : "C_COMPLEX_OBJECT",
            "rmTypeName" : "ELEMENT",
            "occurrences" : "0..0",
            "nodeId" : "at0005.1",
            "attributes" : [ ],
            "attributeTuples" : [ ]
          }, {
            "@type" : "C_COMPLEX_OBJECT",
            "rmTypeName" : "ELEMENT",
            "occurrences" : "0..0",
            "nodeId" : "at0006.1",
            "attributes" : [ ],
            "attributeTuples" : [ ]
          }, {
            "@type" : "C_COMPLEX_OBJECT",
            "rmTypeName" : "ELEMENT",
            "occurrences" : "0..0",
            "nodeId" : "at0009.1",
            "attributes" : [ ],
            "attributeTuples" : [ ]
          }, {
            "@type" : "C_COMPLEX_OBJECT",
            "rmTypeName" : "ELEMENT",
            "occurrences" : "0..0",
            "nodeId" : "at0010.1",
            "attributes" : [ ],
            "attributeTuples" : [ ]
          }, {
            "@type" : "C_ARCHETYPE_ROOT",
            "rmTypeName" : "CLUSTER",
            "occurrences" : "0..1",
            "nodeId" : "at0008.1",
            "attributes" : [ ],
            "attributeTuples" : [ ],
            "archetypeRef" : "openEHR-EHR-CLUSTER.ovl-dwelling-002.v0",
            "referenceType" : "archetypeOverlay"
          } ]
        } ],
        "attributeTuples" : [ ]
      } ]
    }, {
      "@type" : "C_ATTRIBUTE",
      "rmAttributeName" : "protocol",
      "children" : [ {
        "@type" : "C_COMPLEX_OBJECT",
        "rmTypeName" : "ITEM_TREE",
        "nodeId" : "at0002",
        "attributes" : [ {
          "@type" : "C_ATTRIBUTE",
          "rmAttributeName" : "items",
          "children" : [ {
            "@type" : "C_COMPLEX_OBJECT",
            "rmTypeName" : "ELEMENT",
            "occurrences" : "0..0",
            "nodeId" : "at0012.1",
            "attributes" : [ {
              "@type" : "C_ATTRIBUTE",
              "rmAttributeName" : "value",
              "children" : [ {
                "@type" : "C_COMPLEX_OBJECT",
                "rmTypeName" : "DV_DATE_TIME",
                "attributes" : [ {
                  "@type" : "C_ATTRIBUTE",
                  "rmAttributeName" : "value",
                  "children" : [ {
                    "@type" : "C_DATE_TIME",
                    "rmTypeName" : "DATE_TIME",
                    "constraint" : [ ]
                  } ]
                } ],
                "attributeTuples" : [ ]
              } ]
            } ],
            "attributeTuples" : [ ]
          } ]
        } ],
        "attributeTuples" : [ ]
      } ]
    } ],
    "attributeTuples" : [ ]
  },
  "terminology" : {
    "@type" : "ARCHETYPE_TERMINOLOGY",
    "conceptCode" : "at0000",
    "termDefinitions" : {
      "en" : {
        "at0000.1" : {
          "@type" : "ARCHETYPE_TERM",
          "code" : "at0000.1",
          "text" : "Living arrangements",
          "description" : "The circumstances about an individual living alone or with others.",
          "comment" : "This information will provide a sense of the level of support, both physically and emotionally, to which an individual may have access."
        }
      }
    },
    "termBindings" : { },
    "terminologyExtracts" : { },
    "valueSets" : { }
  },
  "adlVersion" : "1.4",
  "buildUid" : "7c7190d0-ff0a-316e-977d-0adfcb26de05",
  "rmName" : "openehr",
  "rmRelease" : "1.0.3",
  "generated" : true,
  "templateId" : "NDS_COVID Living arrangements",
  "otherMetaData" : { },
  "templateOverlays" : [ {
    "@type" : "TEMPLATE_OVERLAY",
    "uid" : "d181e5cf-bd2e-4b95-896d-a6acef9b941d",
    "description" : {
      "@type" : "RESOURCE_DESCRIPTION",
      "originalAuthor" : { },
      "otherContributors" : [ ],
      "ipAcknowledgements" : { },
      "references" : { },
      "conversionDetails" : { },
      "otherDetails" : { },
      "details" : {
        "nb" : {
          "@type" : "RESOURCE_DESCRIPTION_ITEM",
          "language" : {
            "terminologyId" : {
              "value" : "ISO_639-1"
            },
            "codeString" : "nb"
          },
          "purpose" : "For å registrere en oversikt og beskrivelse om egenskapene til en bolig der et individ bor.",
          "keywords" : [ "trapper", "soverom", "bad", "tilgjengelighet", "enebolig", "leilighet", "campingvogn", "hytte", "etasje", "rullestol", "areal", "universell utforming", "UU" ],
          "use" : "Brukes for å registrere detaljer om egenskapene til en bolig der et individ bor, spesielt ting som kan ha betydning for individets helse og sikkerhet, eller ha innvirkning på ytelse av helsetjenester.\r\n\r\nDenne arketypen er utformet for å registrere attributter til et individs hjem, og vil kunne brukes til:\r\n- å identifisere hjelpemidler som kan være nyttig i boligen\r\n- registrere modifikasjoner og forbedringer for å støtte universell utforming (UU), eller\r\n- bidra til offentlige undersøkelser knyttet til sykdomsutbrudd.\r\n\r\nDenne arketypen er utformet for å brukes i EVALUATION.housing_summary (Boligsammendrag) eller CLUSTER.housing_record (Bolig), men kan også bli brukt i hvilken som helst annen passende ENTRY- eller CLUSTER-arketype.\r\n\r\nDersom det er nødvendig med spesifikke detaljer, kan arketyper legges til i elementet \"Ytterligere detaljer\". \r\n\r\nGrad av overensstemmelse med designprinsipper for universell utforming (UU) bør registreres i en egen arketype, som kan legges til i SLOT'et \"Ytterligere detaljer\".",
          "misuse" : "Skal ikke brukes til å registrere detaljer om de sosiale forholdene individet bor under, bruk CLUSTER.living_arrangement til dette.\r\n\r\nSkal ikke brukes til å registrere den fysiske adressen der et individ bor, bruk demografiske arketyper for dette, eller CLUSTER.address (Adresse) dersom det er nødvendig å registrere adressen i den medisinske journalen.\r\n\r\nSkal ikke brukes til å registrere informasjon om boligen som ikke har noe betydning for helse, eller behov for helsetjenester til et individ. For eksempel bør ikke informasjon om dørlåsens kode til bruk for hjemmesykepleietjenesten registreres i denne arketypen.\r\n\r\nSkal ikke brukes for å registrere grad av overenstemmelse med prinsipper for universell utforming.",
          "originalResourceUri" : { },
          "otherDetails" : { }
        },
        "en" : {
          "@type" : "RESOURCE_DESCRIPTION_ITEM",
          "language" : {
            "terminologyId" : {
              "value" : "ISO_639-1"
            },
            "codeString" : "en"
          },
          "purpose" : "To record an overview and description about aspects about the dwelling where an individual lives.",
          "keywords" : [ "stairs", "bedroom", "bathroom", "access" ],
          "use" : "Use to record details about the dwelling where an individual lives, particularly where this may have an impact on their health and safety or delivery of healthcare services.\r\n\r\nThis archetype has been designed to be used to record attributes of an individual's home that might be used to:\r\n- contribute to identification of aids/supports that might be useful in the home; \r\n- record modifications or enhancements to support universal access; or\r\n- inform investigations about public health outbreaks.\r\n\r\nThis archetype has been designed to be used within the EVALUATION.housing_summary or CLUSTER.housing_record archetypes, but may be used within any other appropriate ENTRY or CLUSTER archetype. \r\n\r\nIf specific measurements or specific details are required, additional archetypes can be nested within the 'Additional details' SLOT.\r\n\r\nCompliance with Universal design principles should be recorded in a separate archetype, which may be nested within the 'Additional details' SLOT.",
          "misuse" : "Not to be used to record details about the social circumstances in which the individual lives - use CLUSTER.living_arrangement for this purpose.\r\n\r\nNot to be used to record the physical address where an individual lives - use demographic archetypes for this purpose, or CLUSTER.address if the individual's address needs to be recorded within the health record.\r\n\r\nNot to be used to record information about the dwelling that does not impact on the health or health care needs of an individual. For example, the security access code for a home nurse visit should not be recorded using this archetype.\r\n\r\nNot to be used to record compliance with Universal design principles.",
          "copyright" : "© openEHR Foundation",
          "originalResourceUri" : { },
          "otherDetails" : { }
        }
      }
    },
    "parentArchetypeId" : "openEHR-EHR-CLUSTER.dwelling.v0",
    "differential" : true,
    "archetypeId" : {
      "@type" : "ARCHETYPE_HRID",
      "value" : "openEHR-EHR-CLUSTER.ovl-dwelling-002.v0"
    },
    "definition" : {
      "@type" : "C_COMPLEX_OBJECT",
      "rmTypeName" : "CLUSTER",
      "nodeId" : "at0000.1",
      "attributes" : [ {
        "@type" : "C_ATTRIBUTE",
        "rmAttributeName" : "items",
        "children" : [ {
          "@type" : "C_COMPLEX_OBJECT",
          "rmTypeName" : "ELEMENT",
          "occurrences" : "0..0",
          "nodeId" : "at0002.1",
          "attributes" : [ ],
          "attributeTuples" : [ ]
        }, {
          "@type" : "C_COMPLEX_OBJECT",
          "rmTypeName" : "ELEMENT",
          "occurrences" : "0..0",
          "nodeId" : "at0001.1",
          "attributes" : [ ],
          "attributeTuples" : [ ]
        }, {
          "@type" : "C_COMPLEX_OBJECT",
          "rmTypeName" : "ELEMENT",
          "occurrences" : "0..0",
          "nodeId" : "at0036.1",
          "attributes" : [ ],
          "attributeTuples" : [ ]
        }, {
          "@type" : "C_COMPLEX_OBJECT",
          "rmTypeName" : "ELEMENT",
          "occurrences" : "0..0",
          "nodeId" : "at0005.1",
          "attributes" : [ ],
          "attributeTuples" : [ ]
        }, {
          "@type" : "C_COMPLEX_OBJECT",
          "rmTypeName" : "ELEMENT",
          "occurrences" : "0..0",
          "nodeId" : "at0006.1",
          "attributes" : [ ],
          "attributeTuples" : [ ]
        }, {
          "@type" : "C_COMPLEX_OBJECT",
          "rmTypeName" : "ELEMENT",
          "occurrences" : "0..0",
          "nodeId" : "at0008.1",
          "attributes" : [ ],
          "attributeTuples" : [ ]
        }, {
          "@type" : "C_COMPLEX_OBJECT",
          "rmTypeName" : "ELEMENT",
          "occurrences" : "0..0",
          "nodeId" : "at0041.1",
          "attributes" : [ {
            "@type" : "C_ATTRIBUTE",
            "rmAttributeName" : "value",
            "children" : [ {
              "@type" : "C_COMPLEX_OBJECT",
              "rmTypeName" : "DV_COUNT",
              "attributes" : [ {
                "@type" : "C_ATTRIBUTE",
                "rmAttributeName" : "magnitude",
                "children" : [ {
                  "@type" : "C_INTEGER",
                  "rmTypeName" : "INTEGER",
                  "constraint" : [ {
                    "lowerIncluded" : false,
                    "upperIncluded" : false,
                    "lowerUnbounded" : true,
                    "upperUnbounded" : true
                  } ]
                } ]
              } ],
              "attributeTuples" : [ ]
            } ]
          } ],
          "attributeTuples" : [ ]
        }, {
          "@type" : "C_COMPLEX_OBJECT",
          "rmTypeName" : "ELEMENT",
          "occurrences" : "0..0",
          "nodeId" : "at0009.1",
          "attributes" : [ ],
          "attributeTuples" : [ ]
        }, {
          "@type" : "C_COMPLEX_OBJECT",
          "rmTypeName" : "ELEMENT",
          "occurrences" : "0..0",
          "nodeId" : "at0010.1",
          "attributes" : [ ],
          "attributeTuples" : [ ]
        }, {
          "@type" : "C_COMPLEX_OBJECT",
          "rmTypeName" : "ELEMENT",
          "occurrences" : "0..0",
          "nodeId" : "at0011.1",
          "attributes" : [ ],
          "attributeTuples" : [ ]
        }, {
          "@type" : "C_COMPLEX_OBJECT",
          "rmTypeName" : "ELEMENT",
          "occurrences" : "0..0",
          "nodeId" : "at0012.1",
          "attributes" : [ ],
          "attributeTuples" : [ ]
        }, {
          "@type" : "C_COMPLEX_OBJECT",
          "rmTypeName" : "ELEMENT",
          "occurrences" : "0..0",
          "nodeId" : "at0013.1",
          "attributes" : [ ],
          "attributeTuples" : [ ]
        }, {
          "@type" : "C_COMPLEX_OBJECT",
          "rmTypeName" : "ELEMENT",
          "occurrences" : "0..0",
          "nodeId" : "at0026.1",
          "attributes" : [ ],
          "attributeTuples" : [ ]
        }, {
          "@type" : "C_COMPLEX_OBJECT",
          "rmTypeName" : "ELEMENT",
          "occurrences" : "0..0",
          "nodeId" : "at0035.1",
          "attributes" : [ {
            "@type" : "C_ATTRIBUTE",
            "rmAttributeName" : "value",
            "children" : [ {
              "@type" : "C_COMPLEX_OBJECT",
              "rmTypeName" : "DV_COUNT",
              "attributes" : [ {
                "@type" : "C_ATTRIBUTE",
                "rmAttributeName" : "magnitude",
                "children" : [ {
                  "@type" : "C_INTEGER",
                  "rmTypeName" : "INTEGER",
                  "constraint" : [ {
                    "lowerIncluded" : false,
                    "upperIncluded" : false,
                    "lowerUnbounded" : true,
                    "upperUnbounded" : true
                  } ]
                } ]
              } ],
              "attributeTuples" : [ ]
            } ]
          } ],
          "attributeTuples" : [ ]
        }, {
          "@type" : "C_COMPLEX_OBJECT",
          "rmTypeName" : "ELEMENT",
          "occurrences" : "0..0",
          "nodeId" : "at0014.1",
          "attributes" : [ ],
          "attributeTuples" : [ ]
        }, {
          "@type" : "C_COMPLEX_OBJECT",
          "rmTypeName" : "ELEMENT",
          "occurrences" : "0..0",
          "nodeId" : "at0029.1",
          "attributes" : [ {
            "@type" : "C_ATTRIBUTE",
            "rmAttributeName" : "value",
            "children" : [ {
              "@type" : "C_COMPLEX_OBJECT",
              "rmTypeName" : "DV_COUNT",
              "attributes" : [ {
                "@type" : "C_ATTRIBUTE",
                "rmAttributeName" : "magnitude",
                "children" : [ {
                  "@type" : "C_INTEGER",
                  "rmTypeName" : "INTEGER",
                  "constraint" : [ {
                    "lowerIncluded" : false,
                    "upperIncluded" : false,
                    "lowerUnbounded" : true,
                    "upperUnbounded" : true
                  } ]
                } ]
              } ],
              "attributeTuples" : [ ]
            } ]
          } ],
          "attributeTuples" : [ ]
        }, {
          "@type" : "C_COMPLEX_OBJECT",
          "rmTypeName" : "ELEMENT",
          "occurrences" : "0..0",
          "nodeId" : "at0015.1",
          "attributes" : [ ],
          "attributeTuples" : [ ]
        }, {
          "@type" : "C_COMPLEX_OBJECT",
          "rmTypeName" : "ELEMENT",
          "occurrences" : "0..0",
          "nodeId" : "at0016.1",
          "attributes" : [ ],
          "attributeTuples" : [ ]
        }, {
          "@type" : "C_COMPLEX_OBJECT",
          "rmTypeName" : "ELEMENT",
          "occurrences" : "0..0",
          "nodeId" : "at0007.1",
          "attributes" : [ ],
          "attributeTuples" : [ ]
        }, {
          "@type" : "C_COMPLEX_OBJECT",
          "rmTypeName" : "ELEMENT",
          "occurrences" : "0..0",
          "nodeId" : "at0037.1",
          "attributes" : [ ],
          "attributeTuples" : [ ]
        }, {
          "@type" : "C_COMPLEX_OBJECT",
          "rmTypeName" : "ELEMENT",
          "occurrences" : "0..0",
          "nodeId" : "at0038.1",
          "attributes" : [ ],
          "attributeTuples" : [ ]
        }, {
          "@type" : "C_COMPLEX_OBJECT",
          "rmTypeName" : "ELEMENT",
          "occurrences" : "0..0",
          "nodeId" : "at0017.1",
          "attributes" : [ ],
          "attributeTuples" : [ ]
        }, {
          "@type" : "C_COMPLEX_OBJECT",
          "rmTypeName" : "ELEMENT",
          "occurrences" : "0..0",
          "nodeId" : "at0040.1",
          "attributes" : [ ],
          "attributeTuples" : [ ]
        }, {
          "@type" : "C_COMPLEX_OBJECT",
          "rmTypeName" : "ELEMENT",
          "occurrences" : "0..0",
          "nodeId" : "at0018.1",
          "attributes" : [ ],
          "attributeTuples" : [ ]
        }, {
          "@type" : "C_COMPLEX_OBJECT",
          "rmTypeName" : "ELEMENT",
          "occurrences" : "0..0",
          "nodeId" : "at0039.1",
          "attributes" : [ ],
          "attributeTuples" : [ ]
        }, {
          "@type" : "C_COMPLEX_OBJECT",
          "rmTypeName" : "ELEMENT",
          "occurrences" : "0..0",
          "nodeId" : "at0020.1",
          "attributes" : [ ],
          "attributeTuples" : [ ]
        }, {
          "@type" : "C_COMPLEX_OBJECT",
          "rmTypeName" : "ELEMENT",
          "occurrences" : "0..0",
          "nodeId" : "at0022.1",
          "attributes" : [ ],
          "attributeTuples" : [ ]
        }, {
          "@type" : "C_COMPLEX_OBJECT",
          "rmTypeName" : "ELEMENT",
          "occurrences" : "0..0",
          "nodeId" : "at0024.1",
          "attributes" : [ ],
          "attributeTuples" : [ ]
        }, {
          "@type" : "C_COMPLEX_OBJECT",
          "rmTypeName" : "ELEMENT",
          "occurrences" : "0..0",
          "nodeId" : "at0021.1",
          "attributes" : [ ],
          "attributeTuples" : [ ]
        }, {
          "@type" : "C_COMPLEX_OBJECT",
          "rmTypeName" : "ELEMENT",
          "occurrences" : "0..0",
          "nodeId" : "at0034.1",
          "attributes" : [ ],
          "attributeTuples" : [ ]
        }, {
          "@type" : "C_COMPLEX_OBJECT",
          "rmTypeName" : "ELEMENT",
          "occurrences" : "0..0",
          "nodeId" : "at0033.1",
          "attributes" : [ ],
          "attributeTuples" : [ ]
        }, {
          "@type" : "C_COMPLEX_OBJECT",
          "rmTypeName" : "ELEMENT",
          "occurrences" : "0..0",
          "nodeId" : "at0023.1",
          "attributes" : [ ],
          "attributeTuples" : [ ]
        }, {
          "@type" : "C_COMPLEX_OBJECT",
          "rmTypeName" : "ELEMENT",
          "occurrences" : "0..0",
          "nodeId" : "at0025.1",
          "attributes" : [ ],
          "attributeTuples" : [ ]
        }, {
          "@type" : "C_COMPLEX_OBJECT",
          "rmTypeName" : "ELEMENT",
          "occurrences" : "0..0",
          "nodeId" : "at0042.1",
          "attributes" : [ {
            "@type" : "C_ATTRIBUTE",
            "rmAttributeName" : "value",
            "children" : [ {
              "@type" : "C_COMPLEX_OBJECT",
              "rmTypeName" : "DV_BOOLEAN",
              "attributes" : [ {
                "@type" : "C_ATTRIBUTE",
                "rmAttributeName" : "value",
                "children" : [ {
                  "@type" : "C_BOOLEAN",
                  "rmTypeName" : "BOOLEAN",
                  "constraint" : [ ]
                } ]
              } ],
              "attributeTuples" : [ ]
            } ]
          }, {
            "@type" : "C_ATTRIBUTE",
            "rmAttributeName" : "name",
            "children" : [ {
              "@type" : "C_COMPLEX_OBJECT",
              "rmTypeName" : "DV_CODED_TEXT",
              "attributes" : [ {
                "@type" : "C_ATTRIBUTE",
                "rmAttributeName" : "defining_code",
                "children" : [ {
                  "@type" : "C_TERMINOLOGY_CODE",
                  "rmTypeName" : "TERMINOLOGY_CODE",
                  "occurrences" : "1..1",
                  "terminologyId" : {
                    "value" : "local"
                  },
                  "constraint" : [ "ac0.2" ],
                  "selectedTerminologies" : [ ]
                } ]
              } ],
              "attributeTuples" : [ ]
            } ]
          } ],
          "attributeTuples" : [ ]
        }, {
          "@type" : "C_COMPLEX_OBJECT",
          "rmTypeName" : "ELEMENT",
          "occurrences" : "0..0",
          "nodeId" : "at0043.1",
          "attributes" : [ ],
          "attributeTuples" : [ ]
        }, {
          "@type" : "C_COMPLEX_OBJECT",
          "rmTypeName" : "ELEMENT",
          "occurrences" : "0..0",
          "nodeId" : "at0004.1",
          "attributes" : [ ],
          "attributeTuples" : [ ]
        }, {
          "@type" : "C_ARCHETYPE_ROOT",
          "rmTypeName" : "CLUSTER",
          "occurrences" : "0..1",
          "nodeId" : "at0003.1",
          "attributes" : [ ],
          "attributeTuples" : [ ],
          "archetypeRef" : "openEHR-EHR-CLUSTER.ovl-overcrowding_screening-001.v0",
          "referenceType" : "archetypeOverlay"
        } ]
      } ],
      "attributeTuples" : [ ]
    },
    "terminology" : {
      "@type" : "ARCHETYPE_TERMINOLOGY",
      "conceptCode" : "at0000",
      "termDefinitions" : {
        "en" : {
          "ac0.2" : {
            "@type" : "ARCHETYPE_TERM",
            "text" : "(Synthesized)",
            "code" : "ac0.2",
            "description" : "*"
          }
        },
        "nb" : {
          "ac0.2" : {
            "@type" : "ARCHETYPE_TERM",
            "text" : "*(Synthesized) (en)",
            "code" : "ac0.2",
            "description" : "*"
          }
        }
      },
      "termBindings" : { },
      "terminologyExtracts" : { },
      "valueSets" : {
        "ac0.1" : {
          "@type" : "VALUE_SET",
          "id" : "ac0.1",
          "members" : [ "at0044", "at0045" ]
        },
        "ac0.2" : {
          "@type" : "VALUE_SET",
          "id" : "ac0.2",
          "members" : [ "at0044", "at0045" ]
        }
      }
    },
    "adlVersion" : "1.4",
    "buildUid" : "a115b23e-32e1-4e94-b83d-a0a751cb2fcb",
    "rmName" : "openehr",
    "rmRelease" : "1.0.3",
    "generated" : true,
    "otherMetaData" : { },
    "originalLanguage" : {
      "terminologyId" : {
        "value" : "ISO_639-1"
      },
      "codeString" : "en"
    },
    "translations" : [ {
      "@type" : "TRANSLATION_DETAILS",
      "language" : {
        "terminologyId" : {
          "value" : "ISO_639-1"
        },
        "codeString" : "nb"
      },
      "author" : {
        "name" : "Vebjørn Arntzen",
        "organisation" : "Oslo University Hospital",
        "email" : "varntzen@ous-hf.no"
      },
      "otherDetails" : { }
    } ]
  }, {
    "@type" : "TEMPLATE_OVERLAY",
    "uid" : "14c54696-fb4b-4b16-b088-4c404aaf0577",
    "description" : {
      "@type" : "RESOURCE_DESCRIPTION",
      "originalAuthor" : { },
      "otherContributors" : [ ],
      "ipAcknowledgements" : { },
      "references" : { },
      "conversionDetails" : { },
      "otherDetails" : { },
      "details" : {
        "en" : {
          "@type" : "RESOURCE_DESCRIPTION_ITEM",
          "language" : {
            "terminologyId" : {
              "value" : "ISO_639-1"
            },
            "codeString" : "en"
          },
          "purpose" : "To record screening parameters that help to identify when a dwelling is too small for the size and composition of the household living in it.",
          "keywords" : [ ],
          "use" : "Use to record screening parameters that help to identify when a dwelling is too small for the size and composition of the household living in it.",
          "copyright" : "© openEHR Foundation",
          "originalResourceUri" : { },
          "otherDetails" : { }
        }
      }
    },
    "parentArchetypeId" : "openEHR-EHR-CLUSTER.overcrowding_screening.v0",
    "differential" : true,
    "archetypeId" : {
      "@type" : "ARCHETYPE_HRID",
      "value" : "openEHR-EHR-CLUSTER.ovl-overcrowding_screening-001.v0"
    },
    "definition" : {
      "@type" : "C_COMPLEX_OBJECT",
      "rmTypeName" : "CLUSTER",
      "nodeId" : "at0000.1",
      "attributes" : [ {
        "@type" : "C_ATTRIBUTE",
        "rmAttributeName" : "items",
        "children" : [ {
          "@type" : "C_COMPLEX_OBJECT",
          "rmTypeName" : "ELEMENT",
          "occurrences" : "0..0",
          "nodeId" : "at0001.1",
          "attributes" : [ {
            "@type" : "C_ATTRIBUTE",
            "rmAttributeName" : "value",
            "children" : [ {
              "@type" : "C_COMPLEX_OBJECT",
              "rmTypeName" : "DV_COUNT",
              "attributes" : [ {
                "@type" : "C_ATTRIBUTE",
                "rmAttributeName" : "magnitude",
                "children" : [ {
                  "@type" : "C_INTEGER",
                  "rmTypeName" : "INTEGER",
                  "constraint" : [ {
                    "lowerIncluded" : false,
                    "upperIncluded" : false,
                    "lowerUnbounded" : true,
                    "upperUnbounded" : true
                  } ]
                } ]
              } ],
              "attributeTuples" : [ ]
            } ]
          } ],
          "attributeTuples" : [ ]
        }, {
          "@type" : "C_COMPLEX_OBJECT",
          "rmTypeName" : "ELEMENT",
          "nodeId" : "at0002.1",
          "attributes" : [ ],
          "attributeTuples" : [ ]
        } ]
      } ],
      "attributeTuples" : [ ]
    },
    "terminology" : {
      "@type" : "ARCHETYPE_TERMINOLOGY",
      "conceptCode" : "at0000",
      "termDefinitions" : {
        "en" : {
          "at0002.1" : {
            "@type" : "ARCHETYPE_TERM",
            "code" : "at0002.1",
            "text" : "Number of persons sleeping in your bedroom",
            "description" : "Number of people per bedroom in a dwelling."
          }
        }
      },
      "termBindings" : { },
      "terminologyExtracts" : { },
      "valueSets" : { }
    },
    "adlVersion" : "1.4",
    "buildUid" : "373ffd56-2dcc-4215-9069-26ced0c60fd4",
    "rmName" : "openehr",
    "rmRelease" : "1.0.3",
    "generated" : true,
    "otherMetaData" : { },
    "originalLanguage" : {
      "terminologyId" : {
        "value" : "ISO_639-1"
      },
      "codeString" : "en"
    },
    "translations" : [ ]
  } ],
  "originalLanguage" : {
    "terminologyId" : {
      "value" : "ISO_639-1"
    },
    "codeString" : "en"
  },
  "translations" : [ ]
}