{
  "@type" : "TEMPLATE",
  "uid" : "0b27b5d8-a5f7-4312-9050-294dc5160209",
  "description" : {
    "@type" : "RESOURCE_DESCRIPTION",
    "originalAuthor" : {
      "date" : "2020-03-28"
    },
    "otherContributors" : [ ],
    "lifecycleState" : {
      "codeString" : "unmanaged"
    },
    "ipAcknowledgements" : { },
    "references" : { },
    "conversionDetails" : { },
    "otherDetails" : {
      "licence" : "This work is licensed under the Creative Commons Attribution-ShareAlike 4.0 International License. To view a copy of this license, visit http://creativecommons.org/licenses/by-sa/4.0/.",
      "custodian_organisation" : "openEHR Foundation",
      "original_namespace" : "org.openehr",
      "original_publisher" : "openEHR Foundation",
      "custodian_namespace" : "org.openehr",
      "MD5-CAM-1.0.1" : "b19b6bb13be5122a671b97dc0897236e"
    },
    "details" : {
      "en" : {
        "@type" : "RESOURCE_DESCRIPTION_ITEM",
        "language" : {
          "terminologyId" : {
            "value" : "ISO_639-1"
          },
          "codeString" : "en"
        },
        "keywords" : [ ],
        "originalResourceUri" : { },
        "otherDetails" : { }
      }
    }
  },
  "parentArchetypeId" : "openEHR-EHR-EVALUATION.advance_care_directive.v0",
  "differential" : true,
  "archetypeId" : {
    "@type" : "ARCHETYPE_HRID",
    "value" : "openEHR-EHR-EVALUATION.anticipatorycare_plan.v0"
  },
  "definition" : {
    "@type" : "C_COMPLEX_OBJECT",
    "rmTypeName" : "EVALUATION",
    "nodeId" : "at0000.1",
    "attributes" : [ {
      "@type" : "C_ATTRIBUTE",
      "rmAttributeName" : "data",
      "children" : [ {
        "@type" : "C_COMPLEX_OBJECT",
        "rmTypeName" : "ITEM_TREE",
        "nodeId" : "at0001",
        "attributes" : [ {
          "@type" : "C_ATTRIBUTE",
          "rmAttributeName" : "items",
          "children" : [ {
            "@type" : "C_COMPLEX_OBJECT",
            "rmTypeName" : "ELEMENT",
            "nodeId" : "at0005.1",
            "attributes" : [ {
              "@type" : "C_ATTRIBUTE",
              "rmAttributeName" : "value",
              "children" : [ {
                "@type" : "C_COMPLEX_OBJECT",
                "rmTypeName" : "DV_CODED_TEXT",
                "occurrences" : "1..1",
                "defaultValue" : {
                  "defining_code" : {
                    "terminology_id" : {
                      "value" : "SNOMED-CT",
                      "@type" : "TERMINOLOGY_ID"
                    },
                    "code_string" : "736367008",
                    "@type" : "CODE_PHRASE"
                  },
                  "value" : "Anticipatory care plan",
                  "@type" : "DV_CODED_TEXT"
                },
                "attributes" : [ {
                  "@type" : "C_ATTRIBUTE",
                  "rmAttributeName" : "defining_code",
                  "children" : [ {
                    "@type" : "C_TERMINOLOGY_CODE",
                    "rmTypeName" : "TERMINOLOGY_CODE",
                    "terminologyId" : {
                      "value" : "SNOMED-CT"
                    },
                    "constraint" : [ ],
                    "selectedTerminologies" : [ "SNOMED-CT" ],
                    "includedExternalTerminologyCodes" : [ {
                      "terminologyId" : "SNOMED-CT",
                      "code" : "736367008",
                      "value" : "Anticipatory care plan"
                    } ]
                  } ]
                } ],
                "attributeTuples" : [ ]
              } ]
            } ],
            "attributeTuples" : [ ]
          }, {
            "@type" : "C_COMPLEX_OBJECT",
            "rmTypeName" : "ELEMENT",
            "occurrences" : "0..0",
            "nodeId" : "at0007.1",
            "attributes" : [ ],
            "attributeTuples" : [ ]
          }, {
            "@type" : "C_COMPLEX_OBJECT",
            "rmTypeName" : "ELEMENT",
            "nodeId" : "at0038.1",
            "attributes" : [ ],
            "attributeTuples" : [ ]
          } ]
        } ],
        "attributeTuples" : [ ]
      } ]
    }, {
      "@type" : "C_ATTRIBUTE",
      "rmAttributeName" : "protocol",
      "children" : [ {
        "@type" : "C_COMPLEX_OBJECT",
        "rmTypeName" : "ITEM_TREE",
        "nodeId" : "at0010",
        "attributes" : [ {
          "@type" : "C_ATTRIBUTE",
          "rmAttributeName" : "items",
          "children" : [ {
            "@type" : "C_COMPLEX_OBJECT",
            "rmTypeName" : "ELEMENT",
            "nodeId" : "at0053.1",
            "attributes" : [ {
              "@type" : "C_ATTRIBUTE",
              "rmAttributeName" : "value",
              "children" : [ {
                "@type" : "C_COMPLEX_OBJECT",
                "rmTypeName" : "DV_DATE_TIME",
                "attributes" : [ {
                  "@type" : "C_ATTRIBUTE",
                  "rmAttributeName" : "value",
                  "children" : [ {
                    "@type" : "C_DATE_TIME",
                    "rmTypeName" : "DATE_TIME",
                    "constraint" : [ ]
                  } ]
                } ],
                "attributeTuples" : [ ]
              } ]
            } ],
            "attributeTuples" : [ ]
          }, {
            "@type" : "C_COMPLEX_OBJECT",
            "rmTypeName" : "ELEMENT",
            "nodeId" : "at0054.1",
            "attributes" : [ {
              "@type" : "C_ATTRIBUTE",
              "rmAttributeName" : "value",
              "children" : [ {
                "@type" : "C_COMPLEX_OBJECT",
                "rmTypeName" : "DV_DATE_TIME",
                "attributes" : [ {
                  "@type" : "C_ATTRIBUTE",
                  "rmAttributeName" : "value",
                  "children" : [ {
                    "@type" : "C_DATE_TIME",
                    "rmTypeName" : "DATE_TIME",
                    "constraint" : [ ]
                  } ]
                } ],
                "attributeTuples" : [ ]
              } ]
            } ],
            "attributeTuples" : [ ]
          }, {
            "@type" : "C_COMPLEX_OBJECT",
            "rmTypeName" : "ELEMENT",
            "occurrences" : "0..0",
            "nodeId" : "at0056.1",
            "attributes" : [ {
              "@type" : "C_ATTRIBUTE",
              "rmAttributeName" : "value",
              "children" : [ {
                "@type" : "C_COMPLEX_OBJECT",
                "rmTypeName" : "DV_DATE_TIME",
                "attributes" : [ {
                  "@type" : "C_ATTRIBUTE",
                  "rmAttributeName" : "value",
                  "children" : [ {
                    "@type" : "C_DATE_TIME",
                    "rmTypeName" : "DATE_TIME",
                    "constraint" : [ ]
                  } ]
                } ],
                "attributeTuples" : [ ]
              } ]
            } ],
            "attributeTuples" : [ ]
          }, {
            "@type" : "C_COMPLEX_OBJECT",
            "rmTypeName" : "ELEMENT",
            "occurrences" : "0..0",
            "nodeId" : "at0055.1",
            "attributes" : [ {
              "@type" : "C_ATTRIBUTE",
              "rmAttributeName" : "value",
              "children" : [ {
                "@type" : "C_COMPLEX_OBJECT",
                "rmTypeName" : "DV_DATE_TIME",
                "attributes" : [ {
                  "@type" : "C_ATTRIBUTE",
                  "rmAttributeName" : "value",
                  "children" : [ {
                    "@type" : "C_DATE_TIME",
                    "rmTypeName" : "DATE_TIME",
                    "constraint" : [ ]
                  } ]
                } ],
                "attributeTuples" : [ ]
              } ]
            } ],
            "attributeTuples" : [ ]
          }, {
            "@type" : "C_COMPLEX_OBJECT",
            "rmTypeName" : "ELEMENT",
            "occurrences" : "0..0",
            "nodeId" : "at0027.1",
            "attributes" : [ {
              "@type" : "C_ATTRIBUTE",
              "rmAttributeName" : "value",
              "children" : [ {
                "@type" : "C_COMPLEX_OBJECT",
                "rmTypeName" : "DV_TEXT",
                "attributes" : [ ],
                "attributeTuples" : [ ]
              }, {
                "@type" : "C_COMPLEX_OBJECT",
                "rmTypeName" : "DV_URI",
                "attributes" : [ {
                  "@type" : "C_ATTRIBUTE",
                  "rmAttributeName" : "value",
                  "children" : [ {
                    "@type" : "C_STRING",
                    "rmTypeName" : "STRING",
                    "constraint" : [ ]
                  } ]
                } ],
                "attributeTuples" : [ ]
              } ]
            } ],
            "attributeTuples" : [ ]
          } ]
        } ],
        "attributeTuples" : [ ]
      } ]
    } ],
    "attributeTuples" : [ ]
  },
  "terminology" : {
    "@type" : "ARCHETYPE_TERMINOLOGY",
    "conceptCode" : "at0000",
    "termDefinitions" : {
      "en" : {
        "at0000.1" : {
          "@type" : "ARCHETYPE_TERM",
          "code" : "at0000.1",
          "text" : "Anticipatory Care Plan",
          "description" : "A framework to communicate the preferences of an individual for future medical treatment or end-of-life care."
        }
      }
    },
    "termBindings" : { },
    "terminologyExtracts" : { },
    "valueSets" : { }
  },
  "adlVersion" : "1.4",
  "buildUid" : "7a632df4-0ec9-3d99-b098-503f6e64f5f4",
  "rmName" : "openehr",
  "rmRelease" : "1.0.3",
  "generated" : true,
  "templateId" : "NDS_COVID Anticipatory Care Plan",
  "otherMetaData" : { },
  "templateOverlays" : [ ],
  "originalLanguage" : {
    "terminologyId" : {
      "value" : "ISO_639-1"
    },
    "codeString" : "en"
  },
  "translations" : [ ]
}