{
  "@type" : "TEMPLATE",
  "uid" : "b833edcd-d064-4bad-9655-232871b824ba",
  "description" : {
    "@type" : "RESOURCE_DESCRIPTION",
    "originalAuthor" : {
      "date" : "2020-03-28"
    },
    "otherContributors" : [ ],
    "lifecycleState" : {
      "codeString" : "unmanaged"
    },
    "ipAcknowledgements" : { },
    "references" : { },
    "conversionDetails" : { },
    "otherDetails" : {
      "licence" : "This work is licensed under the Creative Commons Attribution-ShareAlike 4.0 International License. To view a copy of this license, visit http://creativecommons.org/licenses/by-sa/4.0/.",
      "custodian_organisation" : "openEHR Foundation",
      "original_namespace" : "org.openehr",
      "original_publisher" : "openEHR Foundation",
      "custodian_namespace" : "org.openehr",
      "MD5-CAM-1.0.1" : "5391cc622386119f5987f595dda0d16b"
    },
    "details" : {
      "nb" : {
        "@type" : "RESOURCE_DESCRIPTION_ITEM",
        "language" : {
          "terminologyId" : {
            "value" : "ISO_639-1"
          },
          "codeString" : "nb"
        },
        "keywords" : [ ],
        "originalResourceUri" : { },
        "otherDetails" : { }
      },
      "en" : {
        "@type" : "RESOURCE_DESCRIPTION_ITEM",
        "language" : {
          "terminologyId" : {
            "value" : "ISO_639-1"
          },
          "codeString" : "en"
        },
        "keywords" : [ ],
        "originalResourceUri" : { },
        "otherDetails" : { }
      }
    }
  },
  "parentArchetypeId" : "openEHR-EHR-OBSERVATION.condition_screening.v0",
  "differential" : true,
  "archetypeId" : {
    "@type" : "ARCHETYPE_HRID",
    "value" : "openEHR-EHR-OBSERVATION.significantcomorbidities.v0"
  },
  "definition" : {
    "@type" : "C_COMPLEX_OBJECT",
    "rmTypeName" : "OBSERVATION",
    "nodeId" : "at0000.1",
    "attributes" : [ {
      "@type" : "C_ATTRIBUTE",
      "rmAttributeName" : "data",
      "children" : [ {
        "@type" : "C_COMPLEX_OBJECT",
        "rmTypeName" : "HISTORY",
        "nodeId" : "at0001",
        "attributes" : [ {
          "@type" : "C_ATTRIBUTE",
          "rmAttributeName" : "events",
          "children" : [ {
            "@type" : "C_COMPLEX_OBJECT",
            "rmTypeName" : "POINT_EVENT",
            "occurrences" : "0..1",
            "nodeId" : "at0002.1",
            "attributes" : [ {
              "@type" : "C_ATTRIBUTE",
              "rmAttributeName" : "data",
              "children" : [ {
                "@type" : "C_COMPLEX_OBJECT",
                "rmTypeName" : "ITEM_TREE",
                "nodeId" : "at0003",
                "attributes" : [ {
                  "@type" : "C_ATTRIBUTE",
                  "rmAttributeName" : "items",
                  "children" : [ {
                    "@type" : "C_COMPLEX_OBJECT",
                    "rmTypeName" : "ELEMENT",
                    "nodeId" : "at0034.1",
                    "attributes" : [ {
                      "@type" : "C_ATTRIBUTE",
                      "rmAttributeName" : "value",
                      "children" : [ {
                        "@type" : "C_COMPLEX_OBJECT",
                        "rmTypeName" : "DV_TEXT",
                        "defaultValue" : {
                          "value" : "COVID-19 management",
                          "@type" : "DV_TEXT"
                        },
                        "attributes" : [ ],
                        "attributeTuples" : [ ]
                      } ]
                    } ],
                    "attributeTuples" : [ ]
                  }, {
                    "@type" : "C_COMPLEX_OBJECT",
                    "rmTypeName" : "ELEMENT",
                    "occurrences" : "0..0",
                    "nodeId" : "at0028.1",
                    "attributes" : [ {
                      "@type" : "C_ATTRIBUTE",
                      "rmAttributeName" : "value",
                      "children" : [ {
                        "@type" : "C_COMPLEX_OBJECT",
                        "rmTypeName" : "DV_CODED_TEXT",
                        "attributes" : [ {
                          "@type" : "C_ATTRIBUTE",
                          "rmAttributeName" : "defining_code",
                          "children" : [ {
                            "@type" : "C_TERMINOLOGY_CODE",
                            "rmTypeName" : "TERMINOLOGY_CODE",
                            "occurrences" : "1..1",
                            "terminologyId" : {
                              "value" : "local"
                            },
                            "constraint" : [ "ac0.2" ],
                            "selectedTerminologies" : [ ]
                          } ]
                        } ],
                        "attributeTuples" : [ ]
                      } ]
                    } ],
                    "attributeTuples" : [ ]
                  }, {
                    "@type" : "C_COMPLEX_OBJECT",
                    "rmTypeName" : "CLUSTER",
                    "nodeId" : "at0022.1",
                    "attributes" : [ {
                      "@type" : "C_ATTRIBUTE",
                      "rmAttributeName" : "items",
                      "children" : [ {
                        "@type" : "C_COMPLEX_OBJECT",
                        "rmTypeName" : "ELEMENT",
                        "nodeId" : "at0004.1",
                        "attributes" : [ {
                          "@type" : "C_ATTRIBUTE",
                          "rmAttributeName" : "value",
                          "children" : [ {
                            "@type" : "C_COMPLEX_OBJECT",
                            "rmTypeName" : "DV_TEXT",
                            "attributes" : [ {
                              "@type" : "C_ATTRIBUTE",
                              "rmAttributeName" : "value",
                              "children" : [ {
                                "@type" : "C_STRING",
                                "rmTypeName" : "STRING",
                                "constraint" : [ "COPD", "Asthma", "Smoker", "Bronchiectasis", "Emphysema", "Cystic Fibrosis", "Pulmonary Fibrosis", "Chronic Heart Failure", "Ischaemic Heart disease", "Liver disease", "Obesity", "Malnutrition", "Type 1 Diabetes", "Type 2 Diabetes", "Chronic Neurological disorder", "Chronic kidney disease", "AIDS / HIV", "Rheumatological disease", "Dementia", "Long term oxygen / home ventilation", "Home nebulisation", "Pregnancy" ]
                              } ]
                            } ],
                            "attributeTuples" : [ ]
                          } ]
                        } ],
                        "attributeTuples" : [ ]
                      }, {
                        "@type" : "C_COMPLEX_OBJECT",
                        "rmTypeName" : "ELEMENT",
                        "occurrences" : "0..0",
                        "nodeId" : "at0006.1",
                        "attributes" : [ {
                          "@type" : "C_ATTRIBUTE",
                          "rmAttributeName" : "value",
                          "children" : [ {
                            "@type" : "C_COMPLEX_OBJECT",
                            "rmTypeName" : "DV_DATE_TIME",
                            "attributes" : [ {
                              "@type" : "C_ATTRIBUTE",
                              "rmAttributeName" : "value",
                              "children" : [ {
                                "@type" : "C_DATE_TIME",
                                "rmTypeName" : "DATE_TIME",
                                "constraint" : [ ]
                              } ]
                            } ],
                            "attributeTuples" : [ ]
                          } ]
                        } ],
                        "attributeTuples" : [ ]
                      }, {
                        "@type" : "C_COMPLEX_OBJECT",
                        "rmTypeName" : "ELEMENT",
                        "occurrences" : "0..0",
                        "nodeId" : "at0035.1",
                        "attributes" : [ ],
                        "attributeTuples" : [ ]
                      } ]
                    } ],
                    "attributeTuples" : [ ]
                  }, {
                    "@type" : "C_COMPLEX_OBJECT",
                    "rmTypeName" : "CLUSTER",
                    "nodeId" : "at0022.2",
                    "attributes" : [ {
                      "@type" : "C_ATTRIBUTE",
                      "rmAttributeName" : "items",
                      "children" : [ {
                        "@type" : "C_COMPLEX_OBJECT",
                        "rmTypeName" : "ELEMENT",
                        "nodeId" : "at0004.2",
                        "attributes" : [ ],
                        "attributeTuples" : [ ]
                      }, {
                        "@type" : "C_COMPLEX_OBJECT",
                        "rmTypeName" : "ELEMENT",
                        "occurrences" : "0..0",
                        "nodeId" : "at0006.2",
                        "attributes" : [ {
                          "@type" : "C_ATTRIBUTE",
                          "rmAttributeName" : "value",
                          "children" : [ {
                            "@type" : "C_COMPLEX_OBJECT",
                            "rmTypeName" : "DV_DATE_TIME",
                            "attributes" : [ {
                              "@type" : "C_ATTRIBUTE",
                              "rmAttributeName" : "value",
                              "children" : [ {
                                "@type" : "C_DATE_TIME",
                                "rmTypeName" : "DATE_TIME",
                                "constraint" : [ ]
                              } ]
                            } ],
                            "attributeTuples" : [ ]
                          } ]
                        } ],
                        "attributeTuples" : [ ]
                      }, {
                        "@type" : "C_COMPLEX_OBJECT",
                        "rmTypeName" : "ELEMENT",
                        "occurrences" : "0..0",
                        "nodeId" : "at0035.2",
                        "attributes" : [ ],
                        "attributeTuples" : [ ]
                      } ]
                    } ],
                    "attributeTuples" : [ ]
                  }, {
                    "@type" : "C_COMPLEX_OBJECT",
                    "rmTypeName" : "ELEMENT",
                    "occurrences" : "0..0",
                    "nodeId" : "at0029.1",
                    "attributes" : [ {
                      "@type" : "C_ATTRIBUTE",
                      "rmAttributeName" : "value",
                      "children" : [ {
                        "@type" : "C_COMPLEX_OBJECT",
                        "rmTypeName" : "DV_DURATION",
                        "attributes" : [ {
                          "@type" : "C_ATTRIBUTE",
                          "rmAttributeName" : "value",
                          "children" : [ {
                            "@type" : "C_DURATION",
                            "rmTypeName" : "DURATION",
                            "patternedConstraint" : "PW",
                            "constraint" : [ ]
                          } ]
                        } ],
                        "attributeTuples" : [ ]
                      } ]
                    } ],
                    "attributeTuples" : [ ]
                  }, {
                    "@type" : "C_COMPLEX_OBJECT",
                    "rmTypeName" : "ELEMENT",
                    "occurrences" : "0..0",
                    "nodeId" : "at0025.1",
                    "attributes" : [ ],
                    "attributeTuples" : [ ]
                  } ]
                } ],
                "attributeTuples" : [ ]
              } ]
            } ],
            "attributeTuples" : [ ]
          } ]
        } ],
        "attributeTuples" : [ ]
      } ]
    } ],
    "attributeTuples" : [ ]
  },
  "terminology" : {
    "@type" : "ARCHETYPE_TERMINOLOGY",
    "conceptCode" : "at0000",
    "termDefinitions" : {
      "en" : {
        "at0022.1" : {
          "@type" : "ARCHETYPE_TERM",
          "code" : "at0022.1",
          "text" : "Comorbidities",
          "description" : "Grouping of data elements related to screening for a single condition."
        },
        "at0000.1" : {
          "@type" : "ARCHETYPE_TERM",
          "code" : "at0000.1",
          "text" : "Significant comorbidities",
          "description" : "An individual- or self-reported questionnaire screening for conditions, including problems, diagnoses and pregnancy."
        },
        "ac0.2" : {
          "@type" : "ARCHETYPE_TERM",
          "text" : "(Synthesized)",
          "code" : "ac0.2",
          "description" : "*"
        },
        "at0022.2" : {
          "@type" : "ARCHETYPE_TERM",
          "code" : "at0022.2",
          "text" : "Other",
          "description" : "Grouping of data elements related to screening for a single condition."
        }
      },
      "nb" : {
        "ac0.2" : {
          "@type" : "ARCHETYPE_TERM",
          "text" : "*(Synthesized) (en)",
          "code" : "ac0.2",
          "description" : "*"
        },
        "at0022.2" : {
          "@type" : "ARCHETYPE_TERM",
          "code" : "at0022",
          "text" : "Spesifikk tilstand (2)",
          "description" : "*Grouping of data elements related to screening for a single condition.(en)"
        }
      }
    },
    "termBindings" : { },
    "terminologyExtracts" : { },
    "valueSets" : {
      "ac0.1" : {
        "@type" : "VALUE_SET",
        "id" : "ac0.1",
        "members" : [ "at0036", "at0037", "at0038" ]
      },
      "ac0.2" : {
        "@type" : "VALUE_SET",
        "id" : "ac0.2",
        "members" : [ "at0031", "at0032", "at0033" ]
      },
      "ac0.3" : {
        "@type" : "VALUE_SET",
        "id" : "ac0.3",
        "members" : [ "at0023", "at0024" ]
      },
      "ac0.4" : {
        "@type" : "VALUE_SET",
        "id" : "ac0.4",
        "members" : [ "at0023", "at0024", "at0027" ]
      },
      "ac0.5" : {
        "@type" : "VALUE_SET",
        "id" : "ac0.5",
        "members" : [ "at0036", "at0037", "at0038" ]
      }
    }
  },
  "adlVersion" : "1.4",
  "buildUid" : "0b2c90bc-4bfc-37bf-ad67-ab7e2682f101",
  "rmName" : "openehr",
  "rmRelease" : "1.0.3",
  "generated" : true,
  "templateId" : "NDS_COVID Significant comorbidities",
  "otherMetaData" : { },
  "templateOverlays" : [ ],
  "originalLanguage" : {
    "terminologyId" : {
      "value" : "ISO_639-1"
    },
    "codeString" : "en"
  },
  "translations" : [ {
    "@type" : "TRANSLATION_DETAILS",
    "language" : {
      "terminologyId" : {
        "value" : "ISO_639-1"
      },
      "codeString" : "nb"
    },
    "author" : { },
    "otherDetails" : { }
  } ]
}