{
  "@type" : "TEMPLATE",
  "uid" : "17a3f47c-50ba-439b-9c53-d53159bb454b",
  "description" : {
    "@type" : "RESOURCE_DESCRIPTION",
    "originalAuthor" : {
      "date" : "2020-03-28"
    },
    "otherContributors" : [ ],
    "lifecycleState" : {
      "codeString" : "unmanaged"
    },
    "ipAcknowledgements" : { },
    "references" : { },
    "conversionDetails" : { },
    "otherDetails" : {
      "licence" : "This work is licensed under the Creative Commons Attribution-ShareAlike 4.0 International License. To view a copy of this license, visit http://creativecommons.org/licenses/by-sa/4.0/.",
      "custodian_organisation" : "openEHR Foundation",
      "original_namespace" : "org.openehr",
      "original_publisher" : "openEHR Foundation",
      "custodian_namespace" : "org.openehr",
      "MD5-CAM-1.0.1" : "5daa908ffeed5ed8ab28d5d9a7552933"
    },
    "details" : {
      "de" : {
        "@type" : "RESOURCE_DESCRIPTION_ITEM",
        "language" : {
          "terminologyId" : {
            "value" : "ISO_639-1"
          },
          "codeString" : "de"
        },
        "keywords" : [ ],
        "originalResourceUri" : { },
        "otherDetails" : { }
      },
      "sv" : {
        "@type" : "RESOURCE_DESCRIPTION_ITEM",
        "language" : {
          "terminologyId" : {
            "value" : "ISO_639-1"
          },
          "codeString" : "sv"
        },
        "keywords" : [ ],
        "originalResourceUri" : { },
        "otherDetails" : { }
      },
      "ru" : {
        "@type" : "RESOURCE_DESCRIPTION_ITEM",
        "language" : {
          "terminologyId" : {
            "value" : "ISO_639-1"
          },
          "codeString" : "ru"
        },
        "keywords" : [ ],
        "originalResourceUri" : { },
        "otherDetails" : { }
      },
      "nb" : {
        "@type" : "RESOURCE_DESCRIPTION_ITEM",
        "language" : {
          "terminologyId" : {
            "value" : "ISO_639-1"
          },
          "codeString" : "nb"
        },
        "keywords" : [ ],
        "originalResourceUri" : { },
        "otherDetails" : { }
      },
      "es-ar" : {
        "@type" : "RESOURCE_DESCRIPTION_ITEM",
        "language" : {
          "terminologyId" : {
            "value" : "ISO_639-1"
          },
          "codeString" : "es-ar"
        },
        "keywords" : [ ],
        "originalResourceUri" : { },
        "otherDetails" : { }
      },
      "pt-br" : {
        "@type" : "RESOURCE_DESCRIPTION_ITEM",
        "language" : {
          "terminologyId" : {
            "value" : "ISO_639-1"
          },
          "codeString" : "pt-br"
        },
        "keywords" : [ ],
        "originalResourceUri" : { },
        "otherDetails" : { }
      },
      "en" : {
        "@type" : "RESOURCE_DESCRIPTION_ITEM",
        "language" : {
          "terminologyId" : {
            "value" : "ISO_639-1"
          },
          "codeString" : "en"
        },
        "keywords" : [ ],
        "originalResourceUri" : { },
        "otherDetails" : { }
      },
      "sl" : {
        "@type" : "RESOURCE_DESCRIPTION_ITEM",
        "language" : {
          "terminologyId" : {
            "value" : "ISO_639-1"
          },
          "codeString" : "sl"
        },
        "keywords" : [ ],
        "originalResourceUri" : { },
        "otherDetails" : { }
      },
      "it" : {
        "@type" : "RESOURCE_DESCRIPTION_ITEM",
        "language" : {
          "terminologyId" : {
            "value" : "ISO_639-1"
          },
          "codeString" : "it"
        },
        "keywords" : [ ],
        "originalResourceUri" : { },
        "otherDetails" : { }
      }
    }
  },
  "parentArchetypeId" : "openEHR-EHR-SECTION.adhoc.v1",
  "differential" : true,
  "archetypeId" : {
    "@type" : "ARCHETYPE_HRID",
    "value" : "openEHR-EHR-SECTION.assessment.v1"
  },
  "definition" : {
    "@type" : "C_COMPLEX_OBJECT",
    "rmTypeName" : "SECTION",
    "nodeId" : "at0000.1",
    "attributes" : [ {
      "@type" : "C_ATTRIBUTE",
      "rmAttributeName" : "items",
      "existence" : "0..1",
      "cardinality" : {
        "@type" : "CARDINALITY",
        "interval" : "0..*",
        "ordered" : false,
        "unique" : false
      },
      "children" : [ {
        "@type" : "C_ARCHETYPE_ROOT",
        "rmTypeName" : "OBSERVATION",
        "occurrences" : "0..1",
        "nodeId" : "at0.60",
        "attributes" : [ ],
        "attributeTuples" : [ ],
        "archetypeRef" : "openEHR-EHR-OBSERVATION.ovl-denwis-001.v0",
        "referenceType" : "archetypeOverlay"
      }, {
        "@type" : "C_ARCHETYPE_ROOT",
        "rmTypeName" : "OBSERVATION",
        "occurrences" : "0..1",
        "nodeId" : "at0.81",
        "attributes" : [ ],
        "attributeTuples" : [ ],
        "archetypeRef" : "openEHR-EHR-OBSERVATION.ovl-sepsis_screening_tool_under5-001.v0",
        "referenceType" : "archetypeOverlay"
      }, {
        "@type" : "C_ARCHETYPE_ROOT",
        "rmTypeName" : "OBSERVATION",
        "occurrences" : "0..1",
        "nodeId" : "at0.78",
        "attributes" : [ ],
        "attributeTuples" : [ ],
        "archetypeRef" : "openEHR-EHR-OBSERVATION.ovl-sepsis_screening_tool_age_5to11-001.v0",
        "referenceType" : "archetypeOverlay"
      }, {
        "@type" : "C_ARCHETYPE_ROOT",
        "rmTypeName" : "OBSERVATION",
        "occurrences" : "0..1",
        "nodeId" : "at0.71",
        "attributes" : [ ],
        "attributeTuples" : [ ],
        "archetypeRef" : "openEHR-EHR-OBSERVATION.ovl-sepsis_screening_tool-001.v0",
        "referenceType" : "archetypeOverlay"
      }, {
        "@type" : "C_ARCHETYPE_ROOT",
        "rmTypeName" : "OBSERVATION",
        "occurrences" : "0..1",
        "nodeId" : "at0.75",
        "attributes" : [ ],
        "attributeTuples" : [ ],
        "archetypeRef" : "openEHR-EHR-OBSERVATION.ovl-sepsis_screening_tool_pregnant-001.v0",
        "referenceType" : "archetypeOverlay"
      }, {
        "@type" : "C_ARCHETYPE_ROOT",
        "rmTypeName" : "OBSERVATION",
        "occurrences" : "0..1",
        "nodeId" : "at0.83",
        "attributes" : [ ],
        "attributeTuples" : [ ],
        "archetypeRef" : "openEHR-EHR-OBSERVATION.ovl-duke_activity_status_index_dasi-001.v0",
        "referenceType" : "archetypeOverlay"
      } ]
    } ],
    "attributeTuples" : [ ]
  },
  "terminology" : {
    "@type" : "ARCHETYPE_TERMINOLOGY",
    "conceptCode" : "at0000",
    "termDefinitions" : {
      "en" : {
        "at0000.1" : {
          "@type" : "ARCHETYPE_TERM",
          "code" : "at0000.1",
          "text" : "open_eREACT-Assessment",
          "description" : "A generic section header which should be renamed in a template to suit a specific clinical context."
        }
      },
      "ru" : {
        "at0000.1" : {
          "@type" : "ARCHETYPE_TERM",
          "code" : "at0000",
          "text" : "open_eREACT-Assessment",
          "description" : "*A generic section header which should be renamed in a template to suit a specific clinical context.(en)"
        }
      },
      "es-ar" : {
        "at0000.1" : {
          "@type" : "ARCHETYPE_TERM",
          "code" : "at0000",
          "text" : "open_eREACT-Assessment",
          "description" : "Un encabezado de sección de tipo genérico que será renombrado en una plantilla para su empleo en un contexto clínico específico."
        }
      },
      "sl" : {
        "at0000.1" : {
          "@type" : "ARCHETYPE_TERM",
          "code" : "at0000",
          "text" : "open_eREACT-Assessment",
          "description" : "Naslov sekcije"
        }
      },
      "nb" : {
        "at0000.1" : {
          "@type" : "ARCHETYPE_TERM",
          "code" : "at0000",
          "text" : "open_eREACT-Assessment",
          "description" : "En generisk seksjonsheading som bør gis nytt navn i en template for å passe i en gitt klinisk kontekst."
        }
      },
      "pt-br" : {
        "at0000.1" : {
          "@type" : "ARCHETYPE_TERM",
          "code" : "at0000",
          "text" : "open_eREACT-Assessment",
          "description" : "Um cabeçalho de sessão genérico que deve ser renomeado no template para adequar-se a um contexto clínico específico."
        }
      },
      "sv" : {
        "at0000.1" : {
          "@type" : "ARCHETYPE_TERM",
          "code" : "at0000",
          "text" : "open_eREACT-Assessment",
          "description" : "En allmän avsnittsrubrik som döps om i en openEHR-mall för att passa in i en specifik klinisk kontext."
        }
      },
      "de" : {
        "at0000.1" : {
          "@type" : "ARCHETYPE_TERM",
          "code" : "at0000",
          "text" : "open_eREACT-Assessment",
          "description" : "Eine generische Abschnittsüberschrift eines Templates, welche entsprechend dem spezifischen klinischen Kontext umbenannt werden sollte."
        }
      },
      "it" : {
        "at0000.1" : {
          "@type" : "ARCHETYPE_TERM",
          "code" : "at0000",
          "text" : "open_eREACT-Assessment",
          "description" : "Un'intestazione di sezione generica che dovrebbe essere rinominata in un template per adattarsi ad uno specifico contesto clinico."
        }
      }
    },
    "termBindings" : { },
    "terminologyExtracts" : { },
    "valueSets" : { }
  },
  "adlVersion" : "1.4",
  "buildUid" : "ee2530db-a534-3dbc-8305-2607a2207dcd",
  "rmName" : "openehr",
  "rmRelease" : "1.0.3",
  "generated" : true,
  "templateId" : "open_eREACT-Assessment",
  "otherMetaData" : { },
  "templateOverlays" : [ {
    "@type" : "TEMPLATE_OVERLAY",
    "uid" : "0fbaabb2-5f66-40bd-aca2-7126fa68bb5f",
    "description" : {
      "@type" : "RESOURCE_DESCRIPTION",
      "originalAuthor" : { },
      "otherContributors" : [ ],
      "ipAcknowledgements" : { },
      "references" : { },
      "conversionDetails" : { },
      "otherDetails" : { },
      "details" : {
        "en" : {
          "@type" : "RESOURCE_DESCRIPTION_ITEM",
          "language" : {
            "terminologyId" : {
              "value" : "ISO_639-1"
            },
            "codeString" : "en"
          },
          "purpose" : "For the recording of subjective assessment for completion by nurse to give a DENWIS score.",
          "keywords" : [ ],
          "copyright" : "© The Apperta Foundation CIC, Apperta Foundation",
          "originalResourceUri" : { },
          "otherDetails" : { }
        }
      }
    },
    "parentArchetypeId" : "openEHR-EHR-OBSERVATION.denwis.v0",
    "differential" : true,
    "archetypeId" : {
      "@type" : "ARCHETYPE_HRID",
      "value" : "openEHR-EHR-OBSERVATION.ovl-denwis-001.v0"
    },
    "definition" : {
      "@type" : "C_COMPLEX_OBJECT",
      "rmTypeName" : "OBSERVATION",
      "nodeId" : "at0000.1",
      "attributes" : [ {
        "@type" : "C_ATTRIBUTE",
        "rmAttributeName" : "data",
        "children" : [ {
          "@type" : "C_COMPLEX_OBJECT",
          "rmTypeName" : "HISTORY",
          "nodeId" : "at0001",
          "attributes" : [ {
            "@type" : "C_ATTRIBUTE",
            "rmAttributeName" : "events",
            "children" : [ {
              "@type" : "C_COMPLEX_OBJECT",
              "rmTypeName" : "POINT_EVENT",
              "nodeId" : "at0002",
              "attributes" : [ {
                "@type" : "C_ATTRIBUTE",
                "rmAttributeName" : "data",
                "children" : [ {
                  "@type" : "C_COMPLEX_OBJECT",
                  "rmTypeName" : "ITEM_TREE",
                  "nodeId" : "at0003",
                  "attributes" : [ {
                    "@type" : "C_ATTRIBUTE",
                    "rmAttributeName" : "items",
                    "children" : [ {
                      "@type" : "C_COMPLEX_OBJECT",
                      "rmTypeName" : "ELEMENT",
                      "occurrences" : "0..0",
                      "nodeId" : "at0076.1",
                      "attributes" : [ {
                        "@type" : "C_ATTRIBUTE",
                        "rmAttributeName" : "value",
                        "children" : [ {
                          "@type" : "C_COMPLEX_OBJECT",
                          "rmTypeName" : "DV_CODED_TEXT",
                          "attributes" : [ {
                            "@type" : "C_ATTRIBUTE",
                            "rmAttributeName" : "defining_code",
                            "children" : [ {
                              "@type" : "C_TERMINOLOGY_CODE",
                              "rmTypeName" : "TERMINOLOGY_CODE",
                              "occurrences" : "1..1",
                              "terminologyId" : {
                                "value" : "local"
                              },
                              "constraint" : [ "ac0.4" ],
                              "selectedTerminologies" : [ ]
                            } ]
                          } ],
                          "attributeTuples" : [ ]
                        }, {
                          "@type" : "C_COMPLEX_OBJECT",
                          "rmTypeName" : "DV_TEXT",
                          "attributes" : [ ],
                          "attributeTuples" : [ ]
                        } ]
                      } ],
                      "attributeTuples" : [ ]
                    }, {
                      "@type" : "C_COMPLEX_OBJECT",
                      "rmTypeName" : "ELEMENT",
                      "occurrences" : "0..0",
                      "nodeId" : "at0078.1",
                      "attributes" : [ {
                        "@type" : "C_ATTRIBUTE",
                        "rmAttributeName" : "value",
                        "children" : [ {
                          "@type" : "C_COMPLEX_OBJECT",
                          "rmTypeName" : "DV_TEXT",
                          "attributes" : [ ],
                          "attributeTuples" : [ ]
                        }, {
                          "@type" : "C_COMPLEX_OBJECT",
                          "rmTypeName" : "DV_CODED_TEXT",
                          "attributes" : [ {
                            "@type" : "C_ATTRIBUTE",
                            "rmAttributeName" : "defining_code",
                            "children" : [ {
                              "@type" : "C_TERMINOLOGY_CODE",
                              "rmTypeName" : "TERMINOLOGY_CODE",
                              "occurrences" : "1..1",
                              "terminologyId" : {
                                "value" : "local"
                              },
                              "constraint" : [ "ac0.5" ],
                              "selectedTerminologies" : [ ]
                            } ]
                          } ],
                          "attributeTuples" : [ ]
                        } ]
                      } ],
                      "attributeTuples" : [ ]
                    }, {
                      "@type" : "C_COMPLEX_OBJECT",
                      "rmTypeName" : "ELEMENT",
                      "nodeId" : "at0047.1",
                      "attributes" : [ ],
                      "attributeTuples" : [ ]
                    }, {
                      "@type" : "C_COMPLEX_OBJECT",
                      "rmTypeName" : "ELEMENT",
                      "occurrences" : "0..0",
                      "nodeId" : "at0081.1",
                      "attributes" : [ {
                        "@type" : "C_ATTRIBUTE",
                        "rmAttributeName" : "value",
                        "children" : [ {
                          "@type" : "C_COMPLEX_OBJECT",
                          "rmTypeName" : "DV_TEXT",
                          "attributes" : [ ],
                          "attributeTuples" : [ ]
                        }, {
                          "@type" : "C_COMPLEX_OBJECT",
                          "rmTypeName" : "DV_CODED_TEXT",
                          "attributes" : [ {
                            "@type" : "C_ATTRIBUTE",
                            "rmAttributeName" : "defining_code",
                            "children" : [ {
                              "@type" : "C_TERMINOLOGY_CODE",
                              "rmTypeName" : "TERMINOLOGY_CODE",
                              "occurrences" : "1..1",
                              "terminologyId" : {
                                "value" : "local"
                              },
                              "constraint" : [ "ac0.2" ],
                              "selectedTerminologies" : [ ]
                            } ]
                          } ],
                          "attributeTuples" : [ ]
                        } ]
                      } ],
                      "attributeTuples" : [ ]
                    }, {
                      "@type" : "C_COMPLEX_OBJECT",
                      "rmTypeName" : "ELEMENT",
                      "occurrences" : "0..0",
                      "nodeId" : "at0084.1",
                      "attributes" : [ {
                        "@type" : "C_ATTRIBUTE",
                        "rmAttributeName" : "value",
                        "children" : [ {
                          "@type" : "C_COMPLEX_OBJECT",
                          "rmTypeName" : "DV_CODED_TEXT",
                          "attributes" : [ {
                            "@type" : "C_ATTRIBUTE",
                            "rmAttributeName" : "defining_code",
                            "children" : [ {
                              "@type" : "C_TERMINOLOGY_CODE",
                              "rmTypeName" : "TERMINOLOGY_CODE",
                              "occurrences" : "1..1",
                              "terminologyId" : {
                                "value" : "local"
                              },
                              "constraint" : [ "ac0.3" ],
                              "selectedTerminologies" : [ ]
                            } ]
                          } ],
                          "attributeTuples" : [ ]
                        }, {
                          "@type" : "C_COMPLEX_OBJECT",
                          "rmTypeName" : "DV_TEXT",
                          "attributes" : [ ],
                          "attributeTuples" : [ ]
                        } ]
                      } ],
                      "attributeTuples" : [ ]
                    }, {
                      "@type" : "C_COMPLEX_OBJECT",
                      "rmTypeName" : "ELEMENT",
                      "occurrences" : "0..0",
                      "nodeId" : "at0087.1",
                      "attributes" : [ {
                        "@type" : "C_ATTRIBUTE",
                        "rmAttributeName" : "value",
                        "children" : [ {
                          "@type" : "C_COMPLEX_OBJECT",
                          "rmTypeName" : "DV_CODED_TEXT",
                          "attributes" : [ {
                            "@type" : "C_ATTRIBUTE",
                            "rmAttributeName" : "defining_code",
                            "children" : [ {
                              "@type" : "C_TERMINOLOGY_CODE",
                              "rmTypeName" : "TERMINOLOGY_CODE",
                              "occurrences" : "1..1",
                              "terminologyId" : {
                                "value" : "local"
                              },
                              "constraint" : [ "ac0.6" ],
                              "selectedTerminologies" : [ ]
                            } ]
                          } ],
                          "attributeTuples" : [ ]
                        }, {
                          "@type" : "C_COMPLEX_OBJECT",
                          "rmTypeName" : "DV_TEXT",
                          "attributes" : [ ],
                          "attributeTuples" : [ ]
                        } ]
                      } ],
                      "attributeTuples" : [ ]
                    }, {
                      "@type" : "C_COMPLEX_OBJECT",
                      "rmTypeName" : "ELEMENT",
                      "occurrences" : "0..0",
                      "nodeId" : "at0090.1",
                      "attributes" : [ {
                        "@type" : "C_ATTRIBUTE",
                        "rmAttributeName" : "value",
                        "children" : [ {
                          "@type" : "C_COMPLEX_OBJECT",
                          "rmTypeName" : "DV_CODED_TEXT",
                          "attributes" : [ {
                            "@type" : "C_ATTRIBUTE",
                            "rmAttributeName" : "defining_code",
                            "children" : [ {
                              "@type" : "C_TERMINOLOGY_CODE",
                              "rmTypeName" : "TERMINOLOGY_CODE",
                              "occurrences" : "1..1",
                              "terminologyId" : {
                                "value" : "local"
                              },
                              "constraint" : [ "ac0.7" ],
                              "selectedTerminologies" : [ ]
                            } ]
                          } ],
                          "attributeTuples" : [ ]
                        }, {
                          "@type" : "C_COMPLEX_OBJECT",
                          "rmTypeName" : "DV_TEXT",
                          "attributes" : [ ],
                          "attributeTuples" : [ ]
                        } ]
                      } ],
                      "attributeTuples" : [ ]
                    }, {
                      "@type" : "C_COMPLEX_OBJECT",
                      "rmTypeName" : "ELEMENT",
                      "nodeId" : "at0093.1",
                      "attributes" : [ {
                        "@type" : "C_ATTRIBUTE",
                        "rmAttributeName" : "value",
                        "children" : [ {
                          "@type" : "C_COMPLEX_OBJECT",
                          "rmTypeName" : "DV_CODED_TEXT",
                          "attributes" : [ {
                            "@type" : "C_ATTRIBUTE",
                            "rmAttributeName" : "defining_code",
                            "children" : [ {
                              "@type" : "C_TERMINOLOGY_CODE",
                              "rmTypeName" : "TERMINOLOGY_CODE",
                              "occurrences" : "1..1",
                              "terminologyId" : {
                                "value" : "local"
                              },
                              "constraint" : [ "ac0.9" ],
                              "selectedTerminologies" : [ ]
                            } ]
                          } ],
                          "attributeTuples" : [ ]
                        }, {
                          "@type" : "C_COMPLEX_OBJECT",
                          "rmTypeName" : "DV_TEXT",
                          "attributes" : [ ],
                          "attributeTuples" : [ ]
                        } ]
                      } ],
                      "attributeTuples" : [ ]
                    } ]
                  } ],
                  "attributeTuples" : [ ]
                } ]
              } ],
              "attributeTuples" : [ ]
            } ]
          } ],
          "attributeTuples" : [ ]
        } ]
      } ],
      "attributeTuples" : [ ]
    },
    "terminology" : {
      "@type" : "ARCHETYPE_TERMINOLOGY",
      "conceptCode" : "at0000",
      "termDefinitions" : {
        "en" : {
          "ac0.2" : {
            "@type" : "ARCHETYPE_TERM",
            "text" : "(Synthesized)",
            "code" : "ac0.2",
            "description" : "*"
          },
          "ac0.3" : {
            "@type" : "ARCHETYPE_TERM",
            "text" : "(Synthesized)",
            "code" : "ac0.3",
            "description" : "*"
          },
          "ac0.4" : {
            "@type" : "ARCHETYPE_TERM",
            "text" : "(Synthesized)",
            "code" : "ac0.4",
            "description" : "*"
          },
          "ac0.5" : {
            "@type" : "ARCHETYPE_TERM",
            "text" : "(Synthesized)",
            "code" : "ac0.5",
            "description" : "*"
          },
          "ac0.6" : {
            "@type" : "ARCHETYPE_TERM",
            "text" : "(Synthesized)",
            "code" : "ac0.6",
            "description" : "*"
          },
          "ac0.7" : {
            "@type" : "ARCHETYPE_TERM",
            "text" : "(Synthesized)",
            "code" : "ac0.7",
            "description" : "*"
          },
          "ac0.9" : {
            "@type" : "ARCHETYPE_TERM",
            "text" : "(Synthesized)",
            "code" : "ac0.9",
            "description" : "*"
          }
        }
      },
      "termBindings" : { },
      "terminologyExtracts" : { },
      "valueSets" : {
        "ac0.1" : {
          "@type" : "VALUE_SET",
          "id" : "ac0.1",
          "members" : [ "at0100" ]
        },
        "ac0.2" : {
          "@type" : "VALUE_SET",
          "id" : "ac0.2",
          "members" : [ "at0103", "at0104" ]
        },
        "ac0.3" : {
          "@type" : "VALUE_SET",
          "id" : "ac0.3",
          "members" : [ "at0106", "at0107" ]
        },
        "ac0.4" : {
          "@type" : "VALUE_SET",
          "id" : "ac0.4",
          "members" : [ "at0100" ]
        },
        "ac0.5" : {
          "@type" : "VALUE_SET",
          "id" : "ac0.5",
          "members" : [ "at0101", "at0102" ]
        },
        "ac0.6" : {
          "@type" : "VALUE_SET",
          "id" : "ac0.6",
          "members" : [ "at0108", "at0109" ]
        },
        "ac0.7" : {
          "@type" : "VALUE_SET",
          "id" : "ac0.7",
          "members" : [ "at0110", "at0111" ]
        },
        "ac0.8" : {
          "@type" : "VALUE_SET",
          "id" : "ac0.8",
          "members" : [ "at0112", "at0113" ]
        },
        "ac0.9" : {
          "@type" : "VALUE_SET",
          "id" : "ac0.9",
          "members" : [ "at0112", "at0113" ]
        }
      }
    },
    "adlVersion" : "1.4",
    "buildUid" : "fcfa319d-d8ef-498f-a9fa-f7ee1b120377",
    "rmName" : "openehr",
    "rmRelease" : "1.0.3",
    "generated" : true,
    "otherMetaData" : { },
    "originalLanguage" : {
      "terminologyId" : {
        "value" : "ISO_639-1"
      },
      "codeString" : "en"
    },
    "translations" : [ ]
  }, {
    "@type" : "TEMPLATE_OVERLAY",
    "uid" : "19710122-e43e-4c38-a247-eeac59206a49",
    "description" : {
      "@type" : "RESOURCE_DESCRIPTION",
      "originalAuthor" : { },
      "otherContributors" : [ ],
      "ipAcknowledgements" : { },
      "references" : { },
      "conversionDetails" : { },
      "otherDetails" : { },
      "details" : {
        "en" : {
          "@type" : "RESOURCE_DESCRIPTION_ITEM",
          "language" : {
            "terminologyId" : {
              "value" : "ISO_639-1"
            },
            "codeString" : "en"
          },
          "purpose" : "Sepsis screening tool for ages 12 plus to be used for both telephone triage and in in acute setting.",
          "keywords" : [ "sepsis, secreening, trust, red, amber, flag, acute, telephone, assessment" ],
          "use" : "To determine risk factors and level while screening for sepsis age 12 plus.",
          "originalResourceUri" : { },
          "otherDetails" : { }
        }
      }
    },
    "parentArchetypeId" : "openEHR-EHR-OBSERVATION.sepsis_screening_tool.v0",
    "differential" : true,
    "archetypeId" : {
      "@type" : "ARCHETYPE_HRID",
      "value" : "openEHR-EHR-OBSERVATION.ovl-sepsis_screening_tool-001.v0"
    },
    "definition" : {
      "@type" : "C_COMPLEX_OBJECT",
      "rmTypeName" : "OBSERVATION",
      "nodeId" : "at0000.1",
      "attributes" : [ ],
      "attributeTuples" : [ ]
    },
    "terminology" : {
      "@type" : "ARCHETYPE_TERMINOLOGY",
      "conceptCode" : "at0000",
      "termDefinitions" : {
        "en" : { }
      },
      "termBindings" : { },
      "terminologyExtracts" : { },
      "valueSets" : { }
    },
    "adlVersion" : "1.4",
    "buildUid" : "f830ead6-d3a4-33df-ab03-7f1d2a2905c2",
    "rmName" : "openehr",
    "rmRelease" : "1.0.3",
    "generated" : true,
    "otherMetaData" : { },
    "originalLanguage" : {
      "terminologyId" : {
        "value" : "ISO_639-1"
      },
      "codeString" : "en"
    },
    "translations" : [ ]
  }, {
    "@type" : "TEMPLATE_OVERLAY",
    "uid" : "82bcf783-35d6-4d04-ac01-75a2694f2565",
    "description" : {
      "@type" : "RESOURCE_DESCRIPTION",
      "originalAuthor" : { },
      "otherContributors" : [ ],
      "ipAcknowledgements" : { },
      "references" : { },
      "conversionDetails" : { },
      "otherDetails" : { },
      "details" : {
        "en" : {
          "@type" : "RESOURCE_DESCRIPTION_ITEM",
          "language" : {
            "terminologyId" : {
              "value" : "ISO_639-1"
            },
            "codeString" : "en"
          },
          "purpose" : "Sepsis screening tool for ages 5 to 11 to be used for both telephone triage and in in acute setting.",
          "keywords" : [ "sepsis, secreening, trust, red, amber, flag, acute, telephone, assessment, pediatric" ],
          "use" : "To determine risk factors and level while screening for sepsis in ages 5 to 11.",
          "originalResourceUri" : { },
          "otherDetails" : { }
        }
      }
    },
    "parentArchetypeId" : "openEHR-EHR-OBSERVATION.sepsis_screening_tool_age_5to11.v0",
    "differential" : true,
    "archetypeId" : {
      "@type" : "ARCHETYPE_HRID",
      "value" : "openEHR-EHR-OBSERVATION.ovl-sepsis_screening_tool_age_5to11-001.v0"
    },
    "definition" : {
      "@type" : "C_COMPLEX_OBJECT",
      "rmTypeName" : "OBSERVATION",
      "nodeId" : "at0000.1",
      "attributes" : [ ],
      "attributeTuples" : [ ]
    },
    "terminology" : {
      "@type" : "ARCHETYPE_TERMINOLOGY",
      "conceptCode" : "at0000",
      "termDefinitions" : {
        "en" : { }
      },
      "termBindings" : { },
      "terminologyExtracts" : { },
      "valueSets" : { }
    },
    "adlVersion" : "1.4",
    "buildUid" : "f830ead6-d3a4-33df-ab03-7f1d2a2905c2",
    "rmName" : "openehr",
    "rmRelease" : "1.0.3",
    "generated" : true,
    "otherMetaData" : { },
    "originalLanguage" : {
      "terminologyId" : {
        "value" : "ISO_639-1"
      },
      "codeString" : "en"
    },
    "translations" : [ ]
  }, {
    "@type" : "TEMPLATE_OVERLAY",
    "uid" : "82ad490e-1e30-4f7b-a9c7-987fe916f97e",
    "description" : {
      "@type" : "RESOURCE_DESCRIPTION",
      "originalAuthor" : { },
      "otherContributors" : [ ],
      "ipAcknowledgements" : { },
      "references" : { },
      "conversionDetails" : { },
      "otherDetails" : { },
      "details" : {
        "en" : {
          "@type" : "RESOURCE_DESCRIPTION_ITEM",
          "language" : {
            "terminologyId" : {
              "value" : "ISO_639-1"
            },
            "codeString" : "en"
          },
          "purpose" : "Sepsis screening tool if pregnant or up to 6 weeks post pregnancy to be used for both telephone triage and in in acute setting.",
          "keywords" : [ "sepsis, secreening, trust, red, amber, flag, acute, telephone, assessment, pregnant, post, pregnancy" ],
          "use" : "To determine risk factors and level while screening for sepsis if pregnant or up to 6 weeks post pregnancy.",
          "originalResourceUri" : { },
          "otherDetails" : { }
        }
      }
    },
    "parentArchetypeId" : "openEHR-EHR-OBSERVATION.sepsis_screening_tool_pregnant.v0",
    "differential" : true,
    "archetypeId" : {
      "@type" : "ARCHETYPE_HRID",
      "value" : "openEHR-EHR-OBSERVATION.ovl-sepsis_screening_tool_pregnant-001.v0"
    },
    "definition" : {
      "@type" : "C_COMPLEX_OBJECT",
      "rmTypeName" : "OBSERVATION",
      "nodeId" : "at0000.1",
      "attributes" : [ ],
      "attributeTuples" : [ ]
    },
    "terminology" : {
      "@type" : "ARCHETYPE_TERMINOLOGY",
      "conceptCode" : "at0000",
      "termDefinitions" : {
        "en" : { }
      },
      "termBindings" : { },
      "terminologyExtracts" : { },
      "valueSets" : { }
    },
    "adlVersion" : "1.4",
    "buildUid" : "f830ead6-d3a4-33df-ab03-7f1d2a2905c2",
    "rmName" : "openehr",
    "rmRelease" : "1.0.3",
    "generated" : true,
    "otherMetaData" : { },
    "originalLanguage" : {
      "terminologyId" : {
        "value" : "ISO_639-1"
      },
      "codeString" : "en"
    },
    "translations" : [ ]
  }, {
    "@type" : "TEMPLATE_OVERLAY",
    "uid" : "83942216-10d0-4048-8e52-a0b72a8f3f67",
    "description" : {
      "@type" : "RESOURCE_DESCRIPTION",
      "originalAuthor" : { },
      "otherContributors" : [ ],
      "ipAcknowledgements" : { },
      "references" : { },
      "conversionDetails" : { },
      "otherDetails" : { },
      "details" : {
        "en" : {
          "@type" : "RESOURCE_DESCRIPTION_ITEM",
          "language" : {
            "terminologyId" : {
              "value" : "ISO_639-1"
            },
            "codeString" : "en"
          },
          "purpose" : "Sepsis screening tool for under 5s to be used for both telephone triage and in in acute setting.",
          "keywords" : [ "sepsis, screening, trust, red, amber, flag, acute, telephone, assessment, pediatric, child, baby, children, babies" ],
          "use" : "To determine risk factors and level while screening for sepsis for under 5s.",
          "originalResourceUri" : { },
          "otherDetails" : { }
        }
      }
    },
    "parentArchetypeId" : "openEHR-EHR-OBSERVATION.sepsis_screening_tool_under5.v0",
    "differential" : true,
    "archetypeId" : {
      "@type" : "ARCHETYPE_HRID",
      "value" : "openEHR-EHR-OBSERVATION.ovl-sepsis_screening_tool_under5-001.v0"
    },
    "definition" : {
      "@type" : "C_COMPLEX_OBJECT",
      "rmTypeName" : "OBSERVATION",
      "nodeId" : "at0000.1",
      "attributes" : [ ],
      "attributeTuples" : [ ]
    },
    "terminology" : {
      "@type" : "ARCHETYPE_TERMINOLOGY",
      "conceptCode" : "at0000",
      "termDefinitions" : {
        "en" : { }
      },
      "termBindings" : { },
      "terminologyExtracts" : { },
      "valueSets" : { }
    },
    "adlVersion" : "1.4",
    "buildUid" : "f830ead6-d3a4-33df-ab03-7f1d2a2905c2",
    "rmName" : "openehr",
    "rmRelease" : "1.0.3",
    "generated" : true,
    "otherMetaData" : { },
    "originalLanguage" : {
      "terminologyId" : {
        "value" : "ISO_639-1"
      },
      "codeString" : "en"
    },
    "translations" : [ ]
  }, {
    "@type" : "TEMPLATE_OVERLAY",
    "uid" : "68575662-c783-4d76-bbab-b1cc4abffec0",
    "description" : {
      "@type" : "RESOURCE_DESCRIPTION",
      "originalAuthor" : { },
      "otherContributors" : [ ],
      "ipAcknowledgements" : { },
      "references" : { },
      "conversionDetails" : { },
      "otherDetails" : { },
      "details" : {
        "en" : {
          "@type" : "RESOURCE_DESCRIPTION_ITEM",
          "language" : {
            "terminologyId" : {
              "value" : "ISO_639-1"
            },
            "codeString" : "en"
          },
          "purpose" : "To record the calculation of the Dukes Activity Status Index (DASI) with a relevant Metabolic Equivalents (MET).",
          "keywords" : [ ],
          "use" : "Used to record the calculation of the Dukes Activity Status Index (DASI) with a relevant Metabolic Equivalents (MET).",
          "originalResourceUri" : { },
          "otherDetails" : { }
        }
      }
    },
    "parentArchetypeId" : "openEHR-EHR-OBSERVATION.duke_activity_status_index_dasi.v0",
    "differential" : true,
    "archetypeId" : {
      "@type" : "ARCHETYPE_HRID",
      "value" : "openEHR-EHR-OBSERVATION.ovl-duke_activity_status_index_dasi-001.v0"
    },
    "definition" : {
      "@type" : "C_COMPLEX_OBJECT",
      "rmTypeName" : "OBSERVATION",
      "nodeId" : "at0000.1",
      "attributes" : [ {
        "@type" : "C_ATTRIBUTE",
        "rmAttributeName" : "data",
        "children" : [ {
          "@type" : "C_COMPLEX_OBJECT",
          "rmTypeName" : "HISTORY",
          "nodeId" : "at0001",
          "attributes" : [ {
            "@type" : "C_ATTRIBUTE",
            "rmAttributeName" : "events",
            "children" : [ {
              "@type" : "C_COMPLEX_OBJECT",
              "rmTypeName" : "EVENT",
              "nodeId" : "at0002",
              "attributes" : [ {
                "@type" : "C_ATTRIBUTE",
                "rmAttributeName" : "data",
                "children" : [ {
                  "@type" : "C_COMPLEX_OBJECT",
                  "rmTypeName" : "ITEM_TREE",
                  "nodeId" : "at0003",
                  "attributes" : [ {
                    "@type" : "C_ATTRIBUTE",
                    "rmAttributeName" : "items",
                    "children" : [ {
                      "@type" : "C_COMPLEX_OBJECT",
                      "rmTypeName" : "ELEMENT",
                      "occurrences" : "0..0",
                      "nodeId" : "at0032.1",
                      "attributes" : [ ],
                      "attributeTuples" : [ ]
                    } ]
                  } ],
                  "attributeTuples" : [ ]
                } ]
              } ],
              "attributeTuples" : [ ]
            } ]
          } ],
          "attributeTuples" : [ ]
        } ]
      } ],
      "attributeTuples" : [ ]
    },
    "terminology" : {
      "@type" : "ARCHETYPE_TERMINOLOGY",
      "conceptCode" : "at0000",
      "termDefinitions" : {
        "en" : { }
      },
      "termBindings" : { },
      "terminologyExtracts" : { },
      "valueSets" : { }
    },
    "adlVersion" : "1.4",
    "buildUid" : "95880c83-6142-3982-9c82-5bfee289e25c",
    "rmName" : "openehr",
    "rmRelease" : "1.0.3",
    "generated" : true,
    "otherMetaData" : { },
    "originalLanguage" : {
      "terminologyId" : {
        "value" : "ISO_639-1"
      },
      "codeString" : "en"
    },
    "translations" : [ ]
  } ],
  "originalLanguage" : {
    "terminologyId" : {
      "value" : "ISO_639-1"
    },
    "codeString" : "en"
  },
  "translations" : [ {
    "@type" : "TRANSLATION_DETAILS",
    "language" : {
      "terminologyId" : {
        "value" : "ISO_639-1"
      },
      "codeString" : "ru"
    },
    "author" : { },
    "otherDetails" : { }
  }, {
    "@type" : "TRANSLATION_DETAILS",
    "language" : {
      "terminologyId" : {
        "value" : "ISO_639-1"
      },
      "codeString" : "nb"
    },
    "author" : { },
    "otherDetails" : { }
  }, {
    "@type" : "TRANSLATION_DETAILS",
    "language" : {
      "terminologyId" : {
        "value" : "ISO_639-1"
      },
      "codeString" : "es-ar"
    },
    "author" : { },
    "otherDetails" : { }
  }, {
    "@type" : "TRANSLATION_DETAILS",
    "language" : {
      "terminologyId" : {
        "value" : "ISO_639-1"
      },
      "codeString" : "sl"
    },
    "author" : { },
    "otherDetails" : { }
  }, {
    "@type" : "TRANSLATION_DETAILS",
    "language" : {
      "terminologyId" : {
        "value" : "ISO_639-1"
      },
      "codeString" : "de"
    },
    "author" : { },
    "otherDetails" : { }
  }, {
    "@type" : "TRANSLATION_DETAILS",
    "language" : {
      "terminologyId" : {
        "value" : "ISO_639-1"
      },
      "codeString" : "sv"
    },
    "author" : { },
    "otherDetails" : { }
  }, {
    "@type" : "TRANSLATION_DETAILS",
    "language" : {
      "terminologyId" : {
        "value" : "ISO_639-1"
      },
      "codeString" : "pt-br"
    },
    "author" : { },
    "otherDetails" : { }
  }, {
    "@type" : "TRANSLATION_DETAILS",
    "language" : {
      "terminologyId" : {
        "value" : "ISO_639-1"
      },
      "codeString" : "it"
    },
    "author" : { },
    "otherDetails" : { }
  } ]
}