{
  "@type" : "TEMPLATE",
  "uid" : "f473e2ed-7f0a-41c9-9ef6-01632fe6c78c",
  "description" : {
    "@type" : "RESOURCE_DESCRIPTION",
    "originalAuthor" : {
      "name" : "John Meredith",
      "organisation" : "NHS Wales Informatics Service",
      "email" : "john.meredith@wales.nhs.uk",
      "date" : "2019-01-28"
    },
    "otherContributors" : [ "John Meredith", "Tony Shannon", "Shane McKee", "Ian McNicoll", "Hildi McNicoll", "Paul Miller", "Susan Veitch", "Mark Wardle" ],
    "lifecycleState" : {
      "codeString" : "release_candidate"
    },
    "ipAcknowledgements" : { },
    "references" : { },
    "conversionDetails" : { },
    "otherDetails" : {
      "MetaDataSet:Sample Set " : "Template metadata sample set ",
      "Acknowledgements" : "",
      "Business Process Level" : "",
      "Care setting" : "",
      "Client group" : "",
      "Clinical Record Element" : "",
      "Copyright" : "",
      "Issues" : "",
      "Owner" : "",
      "Sign off" : "",
      "Speciality" : "",
      "User roles" : "",
      "MD5-CAM-1.0.1" : "3219abcdda88022ba4923b133011c33b"
    },
    "details" : {
      "en" : {
        "@type" : "RESOURCE_DESCRIPTION_ITEM",
        "language" : {
          "terminologyId" : {
            "value" : "ISO_639-1"
          },
          "codeString" : "en"
        },
        "purpose" : "Updated Adverse Reactions list to use FHIR/openEHR allergies/adverse reaction risk models, aligned with AoMRC headings for use with NHS Wales national e-forms library.",
        "keywords" : [ "NWIS, NHS Wales Informatics Service, NHS, adverse, reaction, allergy, intolerance, sensititivity, anaphylaxis, list" ],
        "use" : "To present a list of allergies and intolerance to clinical users with the capability to perform checks that the list has been reviewed in a clinical setting (e.g. upon admission or hospital or for pre-operative assessment).",
        "misuse" : "",
        "copyright" : "NHS Wales Informatics Service",
        "originalResourceUri" : { },
        "otherDetails" : { }
      },
      "es-ar" : {
        "@type" : "RESOURCE_DESCRIPTION_ITEM",
        "language" : {
          "terminologyId" : {
            "value" : "ISO_639-1"
          },
          "codeString" : "es-ar"
        },
        "originalResourceUri" : { },
        "otherDetails" : {
          "notes" : "Generated automatically by Adl Designer"
        }
      },
      "pt-br" : {
        "@type" : "RESOURCE_DESCRIPTION_ITEM",
        "language" : {
          "terminologyId" : {
            "value" : "ISO_639-1"
          },
          "codeString" : "pt-br"
        },
        "originalResourceUri" : { },
        "otherDetails" : {
          "notes" : "Generated automatically by Adl Designer"
        }
      }
    }
  },
  "parentArchetypeId" : "openEHR-EHR-COMPOSITION.adverse_reaction_list.v1",
  "differential" : true,
  "archetypeId" : {
    "@type" : "ARCHETYPE_HRID",
    "value" : "openEHR-EHR-COMPOSITION.t_adverse_reaction_list.v1"
  },
  "definition" : {
    "@type" : "C_COMPLEX_OBJECT",
    "rmTypeName" : "COMPOSITION",
    "nodeId" : "at0000.1",
    "attributes" : [ {
      "@type" : "C_ATTRIBUTE",
      "rmAttributeName" : "category",
      "children" : [ {
        "@type" : "C_COMPLEX_OBJECT",
        "rmTypeName" : "DV_CODED_TEXT",
        "attributes" : [ {
          "@type" : "C_ATTRIBUTE",
          "rmAttributeName" : "defining_code",
          "children" : [ {
            "@type" : "C_TERMINOLOGY_CODE",
            "rmTypeName" : "CODE_PHRASE",
            "occurrences" : "1..1",
            "terminologyId" : {
              "value" : "openehr"
            },
            "constraint" : [ "433" ]
          } ]
        } ],
        "attributeTuples" : [ ]
      } ]
    }, {
      "@type" : "C_ATTRIBUTE",
      "rmAttributeName" : "context",
      "children" : [ {
        "@type" : "C_COMPLEX_OBJECT",
        "rmTypeName" : "EVENT_CONTEXT",
        "attributes" : [ {
          "@type" : "C_ATTRIBUTE",
          "rmAttributeName" : "other_context",
          "children" : [ {
            "@type" : "C_COMPLEX_OBJECT",
            "rmTypeName" : "ITEM_TREE",
            "nodeId" : "at0001",
            "attributes" : [ {
              "@type" : "C_ATTRIBUTE",
              "rmAttributeName" : "items",
              "cardinality" : {
                "@type" : "CARDINALITY",
                "interval" : "0..*",
                "ordered" : false,
                "unique" : false
              },
              "children" : [ {
                "@type" : "C_ARCHETYPE_ROOT",
                "rmTypeName" : "CLUSTER",
                "occurrences" : "0..*",
                "nodeId" : "at0002.1",
                "attributes" : [ ],
                "attributeTuples" : [ ],
                "archetypeRef" : "openEHR-EHR-CLUSTER.ovl-xds_metadata-000.v0",
                "referenceType" : "archetypeOverlay"
              } ]
            } ],
            "attributeTuples" : [ ]
          } ]
        } ],
        "attributeTuples" : [ ]
      } ]
    }, {
      "@type" : "C_ATTRIBUTE",
      "rmAttributeName" : "content",
      "existence" : "0..1",
      "children" : [ {
        "@type" : "C_ARCHETYPE_ROOT",
        "rmTypeName" : "SECTION",
        "occurrences" : "0..*",
        "nodeId" : "at0.1",
        "attributes" : [ ],
        "attributeTuples" : [ ],
        "archetypeRef" : "openEHR-EHR-SECTION.ovl-allergies_adverse_reactions_rcp-001.v1",
        "referenceType" : "archetypeOverlay"
      } ]
    } ],
    "attributeTuples" : [ ]
  },
  "terminology" : {
    "@type" : "ARCHETYPE_TERMINOLOGY",
    "conceptCode" : "at0000",
    "termDefinitions" : {
      "en" : {
        "at0000.1" : {
          "@type" : "ARCHETYPE_TERM",
          "code" : "at0000.1",
          "text" : "Adverse reactions list",
          "description" : "A persistent and managed list of adverse reactions experienced by the subject that may influence clinical decision-making and care provision."
        }
      },
      "es-ar" : {
        "at0000.1" : {
          "@type" : "ARCHETYPE_TERM",
          "code" : "at0000.1",
          "text" : "Adverse reactions list",
          "description" : "Una lista persistente y administrad de las reacciones adversas expermientadas por el sujeto y que puedan influenciar la toma de decisiones clínicas o la provisión de cuidados."
        }
      },
      "pt-br" : {
        "at0000.1" : {
          "@type" : "ARCHETYPE_TERM",
          "code" : "at0000.1",
          "text" : "Adverse reactions list",
          "description" : "Uma lista permanente e gerenciável de reações adversas experimentadas pelo indivíduo que podem influenciar a tomada de decisões clínicas e provisão de cuidado."
        }
      }
    },
    "termBindings" : { },
    "terminologyExtracts" : { },
    "valueSets" : { }
  },
  "adlVersion" : "1.4",
  "buildUid" : "1f5b17f2-7cd6-3e6e-ba98-dfea9cea9041",
  "rmName" : "openehr",
  "rmRelease" : "1.0.3",
  "generated" : true,
  "templateId" : "NWIS Adverse Reactions List.v0",
  "otherMetaData" : { },
  "templateOverlays" : [ {
    "@type" : "TEMPLATE_OVERLAY",
    "uid" : "ae65fb8f-e6ed-4bf6-88d1-271bb55f58cb",
    "description" : {
      "@type" : "RESOURCE_DESCRIPTION",
      "originalAuthor" : { },
      "otherContributors" : [ ],
      "ipAcknowledgements" : { },
      "references" : { },
      "conversionDetails" : { },
      "otherDetails" : { },
      "details" : { }
    },
    "parentArchetypeId" : "openEHR-EHR-CLUSTER.xds_metadata.v0",
    "differential" : true,
    "archetypeId" : {
      "@type" : "ARCHETYPE_HRID",
      "value" : "openEHR-EHR-CLUSTER.ovl-xds_metadata-000.v0"
    },
    "definition" : {
      "@type" : "C_COMPLEX_OBJECT",
      "rmTypeName" : "CLUSTER",
      "nodeId" : "at0000.1",
      "attributes" : [ {
        "@type" : "C_ATTRIBUTE",
        "rmAttributeName" : "items",
        "cardinality" : {
          "@type" : "CARDINALITY",
          "interval" : "1..*",
          "ordered" : false,
          "unique" : false
        },
        "children" : [ {
          "@type" : "C_COMPLEX_OBJECT",
          "rmTypeName" : "ELEMENT",
          "nodeId" : "at0003.1",
          "attributes" : [ {
            "@type" : "C_ATTRIBUTE",
            "rmAttributeName" : "value",
            "children" : [ {
              "@type" : "C_COMPLEX_OBJECT",
              "rmTypeName" : "DV_TEXT",
              "defaultValue" : {
                "@type" : "DV_TEXT",
                "value" : "SNOMED-CT::163221000000102::Allergies and adverse reactions"
              },
              "attributes" : [ ],
              "attributeTuples" : [ ]
            } ]
          } ],
          "attributeTuples" : [ ]
        }, {
          "@type" : "C_COMPLEX_OBJECT",
          "rmTypeName" : "ELEMENT",
          "occurrences" : "0..0",
          "nodeId" : "at0004.1",
          "attributes" : [ ],
          "attributeTuples" : [ ]
        }, {
          "@type" : "C_COMPLEX_OBJECT",
          "rmTypeName" : "ELEMENT",
          "occurrences" : "0..0",
          "nodeId" : "at0011.1",
          "attributes" : [ ],
          "attributeTuples" : [ ]
        }, {
          "@type" : "C_COMPLEX_OBJECT",
          "rmTypeName" : "ELEMENT",
          "occurrences" : "0..0",
          "nodeId" : "at0010.1",
          "attributes" : [ {
            "@type" : "C_ATTRIBUTE",
            "rmAttributeName" : "value",
            "children" : [ {
              "@type" : "C_COMPLEX_OBJECT",
              "rmTypeName" : "DV_MULTIMEDIA",
              "attributes" : [ {
                "@type" : "C_ATTRIBUTE",
                "rmAttributeName" : "media_type",
                "children" : [ {
                  "@type" : "C_TERMINOLOGY_CODE",
                  "rmTypeName" : "CODE_PHRASE",
                  "occurrences" : "1..1",
                  "terminologyId" : {
                    "value" : "openEHR"
                  },
                  "constraint" : [ "406", "407", "408", "414", "415", "416", "417", "418", "419", "420", "421", "422", "423", "424", "427", "429", "517", "518", "387", "388", "389", "390", "391", "392", "393", "394", "395", "396", "397", "398", "399", "400", "409", "410", "411", "412", "413", "401", "402", "404", "405", "519", "637", "682", "683" ]
                } ]
              } ],
              "attributeTuples" : [ ]
            } ]
          } ],
          "attributeTuples" : [ ]
        } ]
      } ],
      "attributeTuples" : [ ]
    },
    "terminology" : {
      "@type" : "ARCHETYPE_TERMINOLOGY",
      "conceptCode" : "at0000",
      "termDefinitions" : {
        "en" : { }
      },
      "termBindings" : { },
      "terminologyExtracts" : { },
      "valueSets" : { }
    },
    "adlVersion" : "1.4",
    "buildUid" : "5e6379f0-14f8-4d4a-8722-788a72b935b1",
    "rmName" : "openehr",
    "rmRelease" : "1.0.3",
    "generated" : true,
    "otherMetaData" : { },
    "originalLanguage" : {
      "terminologyId" : {
        "value" : "ISO_639-1"
      },
      "codeString" : "en"
    },
    "translations" : [ ]
  }, {
    "@type" : "TEMPLATE_OVERLAY",
    "uid" : "045ad331-e815-35b0-a633-120b58eb09f3",
    "description" : {
      "@type" : "RESOURCE_DESCRIPTION",
      "originalAuthor" : { },
      "otherContributors" : [ ],
      "ipAcknowledgements" : { },
      "references" : { },
      "conversionDetails" : { },
      "otherDetails" : { },
      "details" : { }
    },
    "parentArchetypeId" : "openEHR-EHR-SECTION.allergies_adverse_reactions_rcp.v1",
    "differential" : true,
    "archetypeId" : {
      "@type" : "ARCHETYPE_HRID",
      "value" : "openEHR-EHR-SECTION.ovl-allergies_adverse_reactions_rcp-001.v1"
    },
    "definition" : {
      "@type" : "C_COMPLEX_OBJECT",
      "rmTypeName" : "SECTION",
      "nodeId" : "at0000.1",
      "attributes" : [ {
        "@type" : "C_ATTRIBUTE",
        "rmAttributeName" : "items",
        "existence" : "0..1",
        "children" : [ {
          "@type" : "C_ARCHETYPE_ROOT",
          "rmTypeName" : "EVALUATION",
          "occurrences" : "0..*",
          "nodeId" : "at0.1",
          "attributes" : [ ],
          "attributeTuples" : [ ],
          "archetypeRef" : "openEHR-EHR-EVALUATION.ovl-adverse_reaction_risk-002.v1",
          "referenceType" : "archetypeOverlay"
        }, {
          "@type" : "C_ARCHETYPE_ROOT",
          "rmTypeName" : "SECTION",
          "occurrences" : "0..*",
          "nodeId" : "at0.2",
          "attributes" : [ ],
          "attributeTuples" : [ ],
          "archetypeRef" : "openEHR-EHR-SECTION.ovl-adhoc-005.v1",
          "referenceType" : "archetypeOverlay"
        }, {
          "@type" : "C_ARCHETYPE_ROOT",
          "rmTypeName" : "ACTION",
          "occurrences" : "0..*",
          "nodeId" : "at0.3",
          "attributes" : [ ],
          "attributeTuples" : [ ],
          "archetypeRef" : "openEHR-EHR-ACTION.ovl-review-008.v1",
          "referenceType" : "archetypeOverlay"
        } ]
      } ],
      "attributeTuples" : [ ]
    },
    "terminology" : {
      "@type" : "ARCHETYPE_TERMINOLOGY",
      "conceptCode" : "at0000",
      "termDefinitions" : {
        "en" : { }
      },
      "termBindings" : { },
      "terminologyExtracts" : { },
      "valueSets" : { }
    },
    "adlVersion" : "1.4",
    "buildUid" : "097952a4-a4ff-31fa-ba77-8363ef4cdba7",
    "rmName" : "openehr",
    "rmRelease" : "1.0.3",
    "generated" : true,
    "otherMetaData" : { },
    "originalLanguage" : {
      "terminologyId" : {
        "value" : "ISO_639-1"
      },
      "codeString" : "en"
    },
    "translations" : [ ]
  }, {
    "@type" : "TEMPLATE_OVERLAY",
    "uid" : "f51e1f4d-a244-422d-b01e-429c9214b84b",
    "description" : {
      "@type" : "RESOURCE_DESCRIPTION",
      "originalAuthor" : { },
      "otherContributors" : [ ],
      "ipAcknowledgements" : { },
      "references" : { },
      "conversionDetails" : { },
      "otherDetails" : { },
      "details" : { }
    },
    "annotations" : {
      "@type" : "RESOURCE_ANNOTATIONS",
      "documentation" : {
        "en" : {
          "" : {
            "source" : "openEHR,FHIR"
          },
          "/data[at0001]/items[at0009]/items[at0010]" : {
            "source" : "FHIR, openEHR,DAM"
          },
          "/data[at0001]/items[at0009]/items[at0032]" : {
            "source" : "openEHR"
          },
          "/data[at0001]/items[at0009]/items[at0012]" : {
            "source" : "FHIR, openEHR"
          },
          "/protocol[at0042]/items[at0047]" : {
            "source" : "FHIR, openEHR, DAM"
          },
          "/data[at0001]/items[at0009]/items[at0028]" : {
            "source" : "openEHR"
          },
          "/data[at0001]/items[at0009]/items[at0018]" : {
            "source" : "openEHR"
          },
          "/data[at0001]/items[at0009]" : {
            "source" : "openEHR,FHIR,DAM"
          },
          "/data[at0001]/items[at0002]" : {
            "source" : "openEHR,FHIR,DAM"
          },
          "/data[at0001]/items[at0101]" : {
            "source" : "DAM, openEHR"
          },
          "/data[at0001]/items[at0058]" : {
            "source" : "FHIR, DAM"
          },
          "/data[at0001]/items[at0006]" : {
            "source" : "openEHR"
          },
          "/data[at0001]/items[at0117]" : {
            "source" : "IMH"
          },
          "/protocol[at0042]/items[at0099]/items[at0048]" : {
            "source" : "openEHR"
          },
          "/data[at0001]/items[at0009]/items[at0041]" : {
            "source" : "FHIR, openEHR"
          },
          "/data[at0001]/items[at0009]/items[at0011]" : {
            "source" : "FHIR, openEHR,DAM"
          },
          "/data[at0001]/items[at0009]/items[at0021]" : {
            "source" : "FHIR"
          },
          "/data[at0001]/items[at0009]/items[at0089]" : {
            "source" : "DAM"
          },
          "/data[at0001]/items[at0009]/items[at0025]" : {
            "source" : "openEHR"
          },
          "/data[at0001]/items[at0009]/items[at0027]" : {
            "source" : "openEHR, FHIR, DAM"
          },
          "/data[at0001]/items[at0009]/items[at0029]" : {
            "source" : "FHIR, openEHR"
          },
          "/data[at0001]/items[at0009]/items[at0106]" : {
            "source" : "FHIR, DAM"
          },
          "/protocol[at0042]/items[at0062]" : {
            "source" : "openEHR, FHIR, DAM"
          },
          "/protocol[at0042]/items[at0044]" : {
            "source" : "openEHR"
          },
          "/protocol[at0042]/items[at0099]/items[at0045]" : {
            "source" : "openEHR"
          },
          "/data[at0001]/items[at0009]/items[at0040]" : {
            "source" : "openEHR"
          },
          "/data[at0001]/items[at0009]/items[at0020]" : {
            "source" : "FHIR, openEHR,DAM"
          },
          "/data[at0001]/items[at0063]" : {
            "source" : "FHIR, DAM"
          },
          "/data[at0001]/items[at0009]/items[at0010.1]" : {
            "source" : "FHIR, openEHR,DAM"
          },
          "/data[at0001]/items[at0009]/items[at0032.1]" : {
            "source" : "openEHR"
          },
          "/data[at0001]/items[at0009]/items[at0012.1]" : {
            "source" : "FHIR, openEHR"
          },
          "/protocol[at0042]/items[at0047.1]" : {
            "source" : "FHIR, openEHR, DAM"
          },
          "/data[at0001]/items[at0009]/items[at0028.1]" : {
            "source" : "openEHR"
          },
          "/data[at0001]/items[at0009]/items[at0018.1]" : {
            "source" : "openEHR"
          },
          "/data[at0001]/items[at0101.1]" : {
            "source" : "DAM, openEHR"
          },
          "/data[at0001]/items[at0058.1]" : {
            "source" : "FHIR, DAM"
          },
          "/data[at0001]/items[at0006.1]" : {
            "source" : "openEHR"
          },
          "/protocol[at0042]/items[at0099.1]/items[at0048]" : {
            "source" : "openEHR"
          },
          "/data[at0001]/items[at0009]/items[at0011.1]" : {
            "source" : "FHIR, openEHR,DAM"
          },
          "/data[at0001]/items[at0009]/items[at0021.1]" : {
            "source" : "FHIR"
          },
          "/data[at0001]/items[at0009]/items[at0089.1]" : {
            "source" : "DAM"
          },
          "/data[at0001]/items[at0009]/items[at0025.1]" : {
            "source" : "openEHR"
          },
          "/protocol[at0042]/items[at0062.1]" : {
            "source" : "openEHR, FHIR, DAM"
          },
          "/protocol[at0042]/items[at0044.1]" : {
            "source" : "openEHR"
          },
          "/protocol[at0042]/items[at0099.1]/items[at0045]" : {
            "source" : "openEHR"
          },
          "/data[at0001]/items[at0009]/items[at0040.1]" : {
            "source" : "openEHR"
          },
          "/data[at0001]/items[at0009]/items[at0020.1]" : {
            "source" : "FHIR, openEHR,DAM"
          },
          "/data[at0001]/items[at0063.1]" : {
            "source" : "FHIR, DAM"
          }
        },
        "pt-br" : {
          "/data[at0001]/items[at0002]" : {
            "source" : "openEHR,FHIR,DAM"
          },
          "/data[at0001]/items[at0009]/items[at0010]" : {
            "source" : "*FHIR, openEHR,DAM(en)"
          },
          "" : {
            "source" : "openEHR,FHIR"
          },
          "/data[at0001]/items[at0009]/items[at0010.1]" : {
            "source" : "FHIR, openEHR,DAM"
          },
          "/data[at0001]/items[at0009]/items[at0032.1]" : {
            "source" : "openEHR"
          },
          "/data[at0001]/items[at0009]/items[at0012.1]" : {
            "source" : "FHIR, openEHR"
          },
          "/protocol[at0042]/items[at0047.1]" : {
            "source" : "FHIR, openEHR, DAM"
          },
          "/data[at0001]/items[at0009]/items[at0028.1]" : {
            "source" : "openEHR"
          },
          "/data[at0001]/items[at0009]/items[at0018.1]" : {
            "source" : "openEHR"
          },
          "/data[at0001]/items[at0009]" : {
            "source" : "openEHR,FHIR,DAM"
          },
          "/data[at0001]/items[at0101.1]" : {
            "source" : "DAM, openEHR"
          },
          "/data[at0001]/items[at0058.1]" : {
            "source" : "FHIR, DAM"
          },
          "/data[at0001]/items[at0006.1]" : {
            "source" : "openEHR"
          },
          "/data[at0001]/items[at0117]" : {
            "source" : "IMH"
          },
          "/protocol[at0042]/items[at0099.1]/items[at0048]" : {
            "source" : "openEHR"
          },
          "/data[at0001]/items[at0009]/items[at0041]" : {
            "source" : "FHIR, openEHR"
          },
          "/data[at0001]/items[at0009]/items[at0011.1]" : {
            "source" : "FHIR, openEHR,DAM"
          },
          "/data[at0001]/items[at0009]/items[at0021.1]" : {
            "source" : "FHIR"
          },
          "/data[at0001]/items[at0009]/items[at0089.1]" : {
            "source" : "DAM"
          },
          "/data[at0001]/items[at0009]/items[at0025.1]" : {
            "source" : "openEHR"
          },
          "/data[at0001]/items[at0009]/items[at0027]" : {
            "source" : "openEHR, FHIR, DAM"
          },
          "/data[at0001]/items[at0009]/items[at0029]" : {
            "source" : "FHIR, openEHR"
          },
          "/data[at0001]/items[at0009]/items[at0106]" : {
            "source" : "FHIR, DAM"
          },
          "/protocol[at0042]/items[at0062.1]" : {
            "source" : "openEHR, FHIR, DAM"
          },
          "/protocol[at0042]/items[at0044.1]" : {
            "source" : "openEHR"
          },
          "/protocol[at0042]/items[at0099.1]/items[at0045]" : {
            "source" : "openEHR"
          },
          "/data[at0001]/items[at0009]/items[at0040.1]" : {
            "source" : "openEHR"
          },
          "/data[at0001]/items[at0009]/items[at0020.1]" : {
            "source" : "FHIR, openEHR,DAM"
          },
          "/data[at0001]/items[at0063.1]" : {
            "source" : "FHIR, DAM"
          }
        },
        "nb" : {
          "" : {
            "source" : "openEHR,FHIR"
          },
          "/data[at0001]/items[at0009]/items[at0010.1]" : {
            "source" : "FHIR, openEHR,DAM"
          },
          "/data[at0001]/items[at0009]/items[at0032.1]" : {
            "source" : "openEHR"
          },
          "/data[at0001]/items[at0009]/items[at0012.1]" : {
            "source" : "FHIR, openEHR"
          },
          "/protocol[at0042]/items[at0047.1]" : {
            "source" : "FHIR, openEHR, DAM"
          },
          "/data[at0001]/items[at0009]/items[at0028.1]" : {
            "source" : "openEHR"
          },
          "/data[at0001]/items[at0009]/items[at0018.1]" : {
            "source" : "openEHR"
          },
          "/data[at0001]/items[at0009]" : {
            "source" : "openEHR,FHIR,DAM"
          },
          "/data[at0001]/items[at0002]" : {
            "source" : "openEHR,FHIR,DAM"
          },
          "/data[at0001]/items[at0101.1]" : {
            "source" : "DAM, openEHR"
          },
          "/data[at0001]/items[at0058.1]" : {
            "source" : "FHIR, DAM"
          },
          "/data[at0001]/items[at0006.1]" : {
            "source" : "openEHR"
          },
          "/data[at0001]/items[at0117]" : {
            "source" : "IMH"
          },
          "/protocol[at0042]/items[at0099.1]/items[at0048]" : {
            "source" : "openEHR"
          },
          "/data[at0001]/items[at0009]/items[at0041]" : {
            "source" : "FHIR, openEHR"
          },
          "/data[at0001]/items[at0009]/items[at0011.1]" : {
            "source" : "FHIR, openEHR,DAM"
          },
          "/data[at0001]/items[at0009]/items[at0021.1]" : {
            "source" : "FHIR"
          },
          "/data[at0001]/items[at0009]/items[at0089.1]" : {
            "source" : "DAM"
          },
          "/data[at0001]/items[at0009]/items[at0025.1]" : {
            "source" : "openEHR"
          },
          "/data[at0001]/items[at0009]/items[at0027]" : {
            "source" : "openEHR, FHIR, DAM"
          },
          "/data[at0001]/items[at0009]/items[at0029]" : {
            "source" : "FHIR, openEHR"
          },
          "/data[at0001]/items[at0009]/items[at0106]" : {
            "source" : "FHIR, DAM"
          },
          "/protocol[at0042]/items[at0062.1]" : {
            "source" : "openEHR, FHIR, DAM"
          },
          "/protocol[at0042]/items[at0044.1]" : {
            "source" : "openEHR"
          },
          "/protocol[at0042]/items[at0099.1]/items[at0045]" : {
            "source" : "openEHR"
          },
          "/data[at0001]/items[at0009]/items[at0040.1]" : {
            "source" : "openEHR"
          },
          "/data[at0001]/items[at0009]/items[at0020.1]" : {
            "source" : "FHIR, openEHR,DAM"
          },
          "/data[at0001]/items[at0063.1]" : {
            "source" : "FHIR, DAM"
          }
        }
      }
    },
    "parentArchetypeId" : "openEHR-EHR-EVALUATION.adverse_reaction_risk.v1",
    "differential" : true,
    "archetypeId" : {
      "@type" : "ARCHETYPE_HRID",
      "value" : "openEHR-EHR-EVALUATION.ovl-adverse_reaction_risk-002.v1"
    },
    "definition" : {
      "@type" : "C_COMPLEX_OBJECT",
      "rmTypeName" : "EVALUATION",
      "nodeId" : "at0000.1",
      "attributes" : [ {
        "@type" : "C_ATTRIBUTE",
        "rmAttributeName" : "data",
        "children" : [ {
          "@type" : "C_COMPLEX_OBJECT",
          "rmTypeName" : "ITEM_TREE",
          "nodeId" : "at0001",
          "attributes" : [ {
            "@type" : "C_ATTRIBUTE",
            "rmAttributeName" : "items",
            "cardinality" : {
              "@type" : "CARDINALITY",
              "interval" : "1..*",
              "ordered" : false,
              "unique" : false
            },
            "children" : [ {
              "@type" : "C_COMPLEX_OBJECT",
              "rmTypeName" : "ELEMENT",
              "occurrences" : "0..0",
              "nodeId" : "at0063.1",
              "attributes" : [ {
                "@type" : "C_ATTRIBUTE",
                "rmAttributeName" : "value",
                "children" : [ {
                  "@type" : "C_COMPLEX_OBJECT",
                  "rmTypeName" : "DV_CODED_TEXT",
                  "attributes" : [ {
                    "@type" : "C_ATTRIBUTE",
                    "rmAttributeName" : "defining_code",
                    "children" : [ {
                      "@type" : "C_TERMINOLOGY_CODE",
                      "rmTypeName" : "CODE_PHRASE",
                      "occurrences" : "1..1",
                      "terminologyId" : {
                        "value" : "local"
                      },
                      "constraint" : [ "at0127", "at0064", "at0065", "at0067", "at0066" ]
                    } ]
                  } ],
                  "attributeTuples" : [ ]
                }, {
                  "@type" : "C_COMPLEX_OBJECT",
                  "rmTypeName" : "DV_TEXT",
                  "attributes" : [ ],
                  "attributeTuples" : [ ]
                } ]
              } ],
              "attributeTuples" : [ ]
            }, {
              "@type" : "C_COMPLEX_OBJECT",
              "rmTypeName" : "ELEMENT",
              "nodeId" : "at0101.1",
              "attributes" : [ {
                "@type" : "C_ATTRIBUTE",
                "rmAttributeName" : "value",
                "children" : [ {
                  "@type" : "C_COMPLEX_OBJECT",
                  "rmTypeName" : "DV_CODED_TEXT",
                  "attributes" : [ {
                    "@type" : "C_ATTRIBUTE",
                    "rmAttributeName" : "defining_code",
                    "children" : [ {
                      "@type" : "C_TERMINOLOGY_CODE",
                      "rmTypeName" : "CODE_PHRASE",
                      "occurrences" : "1..1",
                      "terminologyId" : {
                        "value" : "local"
                      },
                      "constraint" : [ "at0103" ]
                    } ]
                  } ],
                  "attributeTuples" : [ ]
                } ]
              } ],
              "attributeTuples" : [ ]
            }, {
              "@type" : "C_COMPLEX_OBJECT",
              "rmTypeName" : "ELEMENT",
              "occurrences" : "0..0",
              "nodeId" : "at0058.1",
              "attributes" : [ {
                "@type" : "C_ATTRIBUTE",
                "rmAttributeName" : "value",
                "children" : [ {
                  "@type" : "C_COMPLEX_OBJECT",
                  "rmTypeName" : "DV_CODED_TEXT",
                  "attributes" : [ {
                    "@type" : "C_ATTRIBUTE",
                    "rmAttributeName" : "defining_code",
                    "children" : [ {
                      "@type" : "C_TERMINOLOGY_CODE",
                      "rmTypeName" : "CODE_PHRASE",
                      "occurrences" : "1..1",
                      "terminologyId" : {
                        "value" : "local"
                      },
                      "constraint" : [ "at0059", "at0060", "at0126" ]
                    } ]
                  } ],
                  "attributeTuples" : [ ]
                }, {
                  "@type" : "C_COMPLEX_OBJECT",
                  "rmTypeName" : "DV_TEXT",
                  "attributes" : [ ],
                  "attributeTuples" : [ ]
                } ]
              } ],
              "attributeTuples" : [ ]
            }, {
              "@type" : "C_COMPLEX_OBJECT",
              "rmTypeName" : "ELEMENT",
              "occurrences" : "0..0",
              "nodeId" : "at0006.1",
              "attributes" : [ ],
              "attributeTuples" : [ ]
            }, {
              "@type" : "C_COMPLEX_OBJECT",
              "rmTypeName" : "CLUSTER",
              "nodeId" : "at0009",
              "attributes" : [ {
                "@type" : "C_ATTRIBUTE",
                "rmAttributeName" : "items",
                "cardinality" : {
                  "@type" : "CARDINALITY",
                  "interval" : "1..*",
                  "ordered" : false,
                  "unique" : false
                },
                "children" : [ {
                  "@type" : "C_COMPLEX_OBJECT",
                  "rmTypeName" : "ELEMENT",
                  "occurrences" : "0..0",
                  "nodeId" : "at0010.1",
                  "attributes" : [ ],
                  "attributeTuples" : [ ]
                }, {
                  "@type" : "C_COMPLEX_OBJECT",
                  "rmTypeName" : "ELEMENT",
                  "occurrences" : "0..0",
                  "nodeId" : "at0021.1",
                  "attributes" : [ {
                    "@type" : "C_ATTRIBUTE",
                    "rmAttributeName" : "value",
                    "children" : [ {
                      "@type" : "C_COMPLEX_OBJECT",
                      "rmTypeName" : "DV_CODED_TEXT",
                      "attributes" : [ {
                        "@type" : "C_ATTRIBUTE",
                        "rmAttributeName" : "defining_code",
                        "children" : [ {
                          "@type" : "C_TERMINOLOGY_CODE",
                          "rmTypeName" : "CODE_PHRASE",
                          "occurrences" : "1..1",
                          "terminologyId" : {
                            "value" : "local"
                          },
                          "constraint" : [ "at0095", "at0023", "at0118" ]
                        } ]
                      } ],
                      "attributeTuples" : [ ]
                    } ]
                  } ],
                  "attributeTuples" : [ ]
                }, {
                  "@type" : "C_COMPLEX_OBJECT",
                  "rmTypeName" : "ELEMENT",
                  "nodeId" : "at0011.1",
                  "attributes" : [ ],
                  "attributeTuples" : [ ]
                }, {
                  "@type" : "C_COMPLEX_OBJECT",
                  "rmTypeName" : "ELEMENT",
                  "occurrences" : "0..0",
                  "nodeId" : "at0012.1",
                  "attributes" : [ ],
                  "attributeTuples" : [ ]
                }, {
                  "@type" : "C_COMPLEX_OBJECT",
                  "rmTypeName" : "ELEMENT",
                  "occurrences" : "0..0",
                  "nodeId" : "at0028.1",
                  "attributes" : [ ],
                  "attributeTuples" : [ ]
                }, {
                  "@type" : "C_COMPLEX_OBJECT",
                  "rmTypeName" : "ELEMENT",
                  "occurrences" : "0..0",
                  "nodeId" : "at0089.1",
                  "attributes" : [ {
                    "@type" : "C_ATTRIBUTE",
                    "rmAttributeName" : "value",
                    "children" : [ {
                      "@type" : "C_COMPLEX_OBJECT",
                      "rmTypeName" : "DV_CODED_TEXT",
                      "attributes" : [ {
                        "@type" : "C_ATTRIBUTE",
                        "rmAttributeName" : "defining_code",
                        "children" : [ {
                          "@type" : "C_TERMINOLOGY_CODE",
                          "rmTypeName" : "CODE_PHRASE",
                          "occurrences" : "1..1",
                          "terminologyId" : {
                            "value" : "local"
                          },
                          "constraint" : [ "at0093", "at0092", "at0090" ]
                        } ]
                      } ],
                      "attributeTuples" : [ ]
                    }, {
                      "@type" : "C_COMPLEX_OBJECT",
                      "rmTypeName" : "DV_TEXT",
                      "attributes" : [ ],
                      "attributeTuples" : [ ]
                    } ]
                  } ],
                  "attributeTuples" : [ ]
                }, {
                  "@type" : "C_COMPLEX_OBJECT",
                  "rmTypeName" : "ELEMENT",
                  "occurrences" : "0..0",
                  "nodeId" : "at0020.1",
                  "attributes" : [ ],
                  "attributeTuples" : [ ]
                }, {
                  "@type" : "C_COMPLEX_OBJECT",
                  "rmTypeName" : "ELEMENT",
                  "occurrences" : "0..0",
                  "nodeId" : "at0025.1",
                  "attributes" : [ ],
                  "attributeTuples" : [ ]
                }, {
                  "@type" : "C_COMPLEX_OBJECT",
                  "rmTypeName" : "ELEMENT",
                  "occurrences" : "0..0",
                  "nodeId" : "at0018.1",
                  "attributes" : [ ],
                  "attributeTuples" : [ ]
                }, {
                  "@type" : "C_COMPLEX_OBJECT",
                  "rmTypeName" : "ELEMENT",
                  "occurrences" : "0..0",
                  "nodeId" : "at0040.1",
                  "attributes" : [ ],
                  "attributeTuples" : [ ]
                }, {
                  "@type" : "C_COMPLEX_OBJECT",
                  "rmTypeName" : "ELEMENT",
                  "nodeId" : "at0032.1",
                  "attributes" : [ ],
                  "attributeTuples" : [ ]
                }, {
                  "@type" : "C_ARCHETYPE_ROOT",
                  "rmTypeName" : "CLUSTER",
                  "occurrences" : "0..*",
                  "nodeId" : "at0116.1",
                  "attributes" : [ ],
                  "attributeTuples" : [ ],
                  "archetypeRef" : "openEHR-EHR-CLUSTER.ovl-witnessed_by_clinician-003.v0",
                  "referenceType" : "archetypeOverlay"
                } ]
              } ],
              "attributeTuples" : [ ]
            } ]
          } ],
          "attributeTuples" : [ ]
        } ]
      }, {
        "@type" : "C_ATTRIBUTE",
        "rmAttributeName" : "protocol",
        "children" : [ {
          "@type" : "C_COMPLEX_OBJECT",
          "rmTypeName" : "ITEM_TREE",
          "nodeId" : "at0042",
          "attributes" : [ {
            "@type" : "C_ATTRIBUTE",
            "rmAttributeName" : "items",
            "cardinality" : {
              "@type" : "CARDINALITY",
              "interval" : "1..*",
              "ordered" : false,
              "unique" : false
            },
            "children" : [ {
              "@type" : "C_COMPLEX_OBJECT",
              "rmTypeName" : "ELEMENT",
              "occurrences" : "1..1",
              "nodeId" : "at0062.1",
              "attributes" : [ ],
              "attributeTuples" : [ ]
            }, {
              "@type" : "C_COMPLEX_OBJECT",
              "rmTypeName" : "ELEMENT",
              "occurrences" : "0..0",
              "nodeId" : "at0047.1",
              "attributes" : [ ],
              "attributeTuples" : [ ]
            }, {
              "@type" : "C_COMPLEX_OBJECT",
              "rmTypeName" : "ELEMENT",
              "occurrences" : "0..0",
              "nodeId" : "at0044.1",
              "attributes" : [ ],
              "attributeTuples" : [ ]
            }, {
              "@type" : "C_COMPLEX_OBJECT",
              "rmTypeName" : "CLUSTER",
              "occurrences" : "0..0",
              "nodeId" : "at0099.1",
              "attributes" : [ ],
              "attributeTuples" : [ ]
            }, {
              "@type" : "C_ARCHETYPE_ROOT",
              "rmTypeName" : "CLUSTER",
              "occurrences" : "0..*",
              "nodeId" : "at0128.1",
              "attributes" : [ ],
              "attributeTuples" : [ ],
              "archetypeRef" : "openEHR-EHR-CLUSTER.ovl-rank_order-004.v0",
              "referenceType" : "archetypeOverlay"
            } ]
          } ],
          "attributeTuples" : [ ]
        } ]
      } ],
      "attributeTuples" : [ ]
    },
    "terminology" : {
      "@type" : "ARCHETYPE_TERMINOLOGY",
      "conceptCode" : "at0000",
      "termDefinitions" : {
        "en" : {
          "at0011.1" : {
            "@type" : "ARCHETYPE_TERM",
            "code" : "at0011.1",
            "text" : "What are the symptoms or signs?",
            "description" : "Clinical symptoms and/or signs that are observed or associated with the adverse reaction.",
            "comment" : "Manifestation can be expressed as a single word, phrase or brief description. For example: nausea, rash.  'No reaction'may be appropriate where a previous reaction has been noted but the reaction did not re-occur after further exposure. It is preferable that 'Manifestation' should be coded with a terminology, where possible. The values entered here may be used to display on an application screen as part of a list of adverse reactions, as recommended in the UK NHS CUI guidelines.\r\n\r\n\r\n\r\nTerminologies commonly used include, but are not limited to, SNOMED-CT or ICD10.",
            "source" : "FHIR, openEHR,DAM"
          },
          "at0089.1" : {
            "@type" : "ARCHETYPE_TERM",
            "code" : "at0089.1",
            "text" : "Severity",
            "description" : "Clinical assessment of the severity of the reaction event as a whole, potentially considering multiple different manifestations.",
            "comment" : "It is acknowledged that this assessment is very subjective. There may be some some specific practice domains where objective scales have been applied.\r\n Objective scales can be included in this model using the 'Reaction details' Cluster.",
            "source" : "DAM"
          },
          "at0032.1" : {
            "@type" : "ARCHETYPE_TERM",
            "code" : "at0032.1",
            "text" : "Comment",
            "description" : "Additional narrative about the adverse reaction event not captured in other fields.",
            "source" : "openEHR"
          }
        },
        "pt-br" : {
          "at0011.1" : {
            "@type" : "ARCHETYPE_TERM",
            "code" : "at0011.1",
            "text" : "What are the symptoms or signs?",
            "description" : "Sintomas clínicos e/ou sinais que são observados ou associados com o efeito adverso.",
            "comment" : "Manifestação pode ser expressa com uma única palavra, frase ou descrição breve. Por exemplo: náuseas, erupção cutânea. \"Não Reação\" pode ser apropriado onde verificou-se uma reação anterior, mas a reação não re-ocorreu após a exposição. É preferível que a manifestação deve ser codificada com uma terminologia, sempre que possível. Os valores inseridos aqui podem ser usados para exibir em uma tela de aplicativo como parte de uma lista de reações adversas.\r\n\r\nTerminologias comumente usadas incluem, mas não estão limitadas a, SNOMED-CT ou CID10."
          },
          "at0089.1" : {
            "@type" : "ARCHETYPE_TERM",
            "code" : "at0089.1",
            "text" : "Severity",
            "description" : "Avaliação clínica da gravidade do evento de reação como um todo, potencialmente considerando múltiplas manifestações diferentes.",
            "comment" : "Reconhece-se que esta avaliação é muito subjetiva. Pode haver alguma prática específica nos domínios onde a escala de objetivo foram aplicados.\r\nEscalas objetivas podem ser incluídas neste modelo usando os \"Detalhes de Reação\" Cluster"
          },
          "at0032.1" : {
            "@type" : "ARCHETYPE_TERM",
            "code" : "at0032.1",
            "text" : "Comment",
            "description" : "Narrativa adicional sobre o evento adverso não capturada em outros campos."
          }
        },
        "nb" : {
          "at0011.1" : {
            "@type" : "ARCHETYPE_TERM",
            "code" : "at0011.1",
            "text" : "What are the symptoms or signs?",
            "description" : "Kliniske symptomer og/eller tegn som observeres eller assosieres med reaksjonen.",
            "comment" : "Reaksjonsmanifestasjon kan uttrykkes som et enkelt ord, en setning eller kort beskrivelse. For eksempel kvalme eller utslett. \"Ingen reaksjon\" kan være passende når en reaksjon har skjedd tidligere, men ikke skjedde igjen ved ny eksponering. Det foretrekkes at reaksjonsmanifestasjon kodes ved hjelp av en terminologi når mulig. Verdiene som registreres her kan brukes til å vises i et skjermbilde som en del av en liste over uønskede reaksjoner, som anbefalt i de britiske NHS CUI-retningslinjene.\r\n\r\nTerminologier som anvendes kan omfatte f.eks. SNOMED-CT eller ICD10."
          },
          "at0089.1" : {
            "@type" : "ARCHETYPE_TERM",
            "code" : "at0089.1",
            "text" : "Severity",
            "description" : "Klinisk vurdering av hendelsens alvorlighetsgrad som helhet, potensielt med vurderinger av de ulike manifestasjonene.",
            "comment" : "Det anerkjennes at denne vurderingen er svært subjektiv. Det kan være noen kliniske områder hvor objektive scoringer brukes. Objektive scoringer kan inkluderes i denne modellen ved bruk av SLOTet \"Reaksjonsdetaljer\"."
          },
          "at0032.1" : {
            "@type" : "ARCHETYPE_TERM",
            "code" : "at0032.1",
            "text" : "Comment",
            "description" : "Ytterligere fritekstkommentarer om den uønskede reaksjonen som ikke fanges opp i andre felter."
          }
        }
      },
      "termBindings" : { },
      "terminologyExtracts" : { },
      "valueSets" : { }
    },
    "adlVersion" : "1.4",
    "buildUid" : "b3c1dbe1-5898-4761-a801-c4d1f0457f35",
    "rmName" : "openehr",
    "rmRelease" : "1.0.3",
    "generated" : true,
    "otherMetaData" : { },
    "originalLanguage" : {
      "terminologyId" : {
        "value" : "ISO_639-1"
      },
      "codeString" : "en"
    },
    "translations" : [ {
      "@type" : "TRANSLATION_DETAILS",
      "language" : {
        "terminologyId" : {
          "value" : "ISO_639-1"
        },
        "codeString" : "nb"
      },
      "author" : {
        "lbla@helse-bergen.no" : "lbla@helse-bergen.no",
        "name" : "Lars Bitsch-Larsen",
        "organisation" : "Haukeland University Hospital, Bergen Norway"
      },
      "accreditation" : "MD DEAA MBA spec in anesthesia and intensive care, spec in tropical med.",
      "otherDetails" : { }
    }, {
      "@type" : "TRANSLATION_DETAILS",
      "language" : {
        "terminologyId" : {
          "value" : "ISO_639-1"
        },
        "codeString" : "pt-br"
      },
      "author" : {
        "name" : "Osmeire Chamelette Sanzovo",
        "organisation" : "Hospital Sírio Libanês",
        "email" : "osmeire.acsanzovo@hsl.org.br"
      },
      "otherDetails" : { }
    } ]
  }, {
    "@type" : "TEMPLATE_OVERLAY",
    "uid" : "4d078dd4-57d3-47fe-b4a1-14e349bfb6d2",
    "description" : {
      "@type" : "RESOURCE_DESCRIPTION",
      "originalAuthor" : { },
      "otherContributors" : [ ],
      "ipAcknowledgements" : { },
      "references" : { },
      "conversionDetails" : { },
      "otherDetails" : { },
      "details" : { }
    },
    "parentArchetypeId" : "openEHR-EHR-CLUSTER.witnessed_by_clinician.v0",
    "differential" : true,
    "archetypeId" : {
      "@type" : "ARCHETYPE_HRID",
      "value" : "openEHR-EHR-CLUSTER.ovl-witnessed_by_clinician-003.v0"
    },
    "definition" : {
      "@type" : "C_COMPLEX_OBJECT",
      "rmTypeName" : "CLUSTER",
      "nodeId" : "at0000.1",
      "attributes" : [ {
        "@type" : "C_ATTRIBUTE",
        "rmAttributeName" : "items",
        "cardinality" : {
          "@type" : "CARDINALITY",
          "interval" : "1..*",
          "ordered" : false,
          "unique" : false
        },
        "children" : [ {
          "@type" : "C_COMPLEX_OBJECT",
          "rmTypeName" : "ELEMENT",
          "nodeId" : "at0001.1",
          "attributes" : [ ],
          "attributeTuples" : [ ]
        } ]
      } ],
      "attributeTuples" : [ ]
    },
    "terminology" : {
      "@type" : "ARCHETYPE_TERMINOLOGY",
      "conceptCode" : "at0000",
      "termDefinitions" : {
        "en" : {
          "at0000.1" : {
            "@type" : "ARCHETYPE_TERM",
            "code" : "at0000.1",
            "text" : "Witnessed by clinician",
            "description" : "Cluster archetype to be used to confirm an event was witnessed by a clinical staff member. \r\n\r\nFor example, adverse reaction to exposure of a causative agent which was observed by a Nurse.",
            "comment" : "Used as part of NHS Wales Adverse Reaction record."
          },
          "at0001.1" : {
            "@type" : "ARCHETYPE_TERM",
            "code" : "at0001.1",
            "text" : "Was this reaction witnessed by a clinician?",
            "description" : "To confirm if an event was witnessed by a clinician."
          }
        }
      },
      "termBindings" : { },
      "terminologyExtracts" : { },
      "valueSets" : { }
    },
    "adlVersion" : "1.4",
    "buildUid" : "bd3f503e-5538-4eee-8771-d14e960a823b",
    "rmName" : "openehr",
    "rmRelease" : "1.0.3",
    "generated" : true,
    "otherMetaData" : { },
    "originalLanguage" : {
      "terminologyId" : {
        "value" : "ISO_639-1"
      },
      "codeString" : "en"
    },
    "translations" : [ ]
  }, {
    "@type" : "TEMPLATE_OVERLAY",
    "uid" : "2ebbb4de-d46b-495f-b34f-00431851c51a",
    "description" : {
      "@type" : "RESOURCE_DESCRIPTION",
      "originalAuthor" : { },
      "otherContributors" : [ ],
      "ipAcknowledgements" : { },
      "references" : { },
      "conversionDetails" : { },
      "otherDetails" : { },
      "details" : { }
    },
    "parentArchetypeId" : "openEHR-EHR-CLUSTER.rank_order.v0",
    "differential" : true,
    "archetypeId" : {
      "@type" : "ARCHETYPE_HRID",
      "value" : "openEHR-EHR-CLUSTER.ovl-rank_order-004.v0"
    },
    "definition" : {
      "@type" : "C_COMPLEX_OBJECT",
      "rmTypeName" : "CLUSTER",
      "nodeId" : "at0000.1",
      "attributes" : [ {
        "@type" : "C_ATTRIBUTE",
        "rmAttributeName" : "items",
        "cardinality" : {
          "@type" : "CARDINALITY",
          "interval" : "1..*",
          "ordered" : false,
          "unique" : false
        },
        "children" : [ {
          "@type" : "C_COMPLEX_OBJECT",
          "rmTypeName" : "ELEMENT",
          "nodeId" : "at0001.1",
          "attributes" : [ {
            "@type" : "C_ATTRIBUTE",
            "rmAttributeName" : "value",
            "children" : [ {
              "@type" : "C_COMPLEX_OBJECT",
              "rmTypeName" : "DV_COUNT",
              "attributes" : [ {
                "@type" : "C_ATTRIBUTE",
                "rmAttributeName" : "magnitude",
                "children" : [ {
                  "@type" : "C_INTEGER",
                  "rmTypeName" : "Integer",
                  "occurrences" : "1..1",
                  "constraint" : [ {
                    "lower" : 1,
                    "lowerIncluded" : true,
                    "upperIncluded" : true,
                    "lowerUnbounded" : false,
                    "upperUnbounded" : true
                  } ]
                } ]
              } ],
              "attributeTuples" : [ ]
            } ]
          } ],
          "attributeTuples" : [ ]
        } ]
      } ],
      "attributeTuples" : [ ]
    },
    "terminology" : {
      "@type" : "ARCHETYPE_TERMINOLOGY",
      "conceptCode" : "at0000",
      "termDefinitions" : {
        "en" : { }
      },
      "termBindings" : { },
      "terminologyExtracts" : { },
      "valueSets" : { }
    },
    "adlVersion" : "1.4",
    "buildUid" : "62b90fe4-6eca-4cc2-803f-c7a7cd58c149",
    "rmName" : "openehr",
    "rmRelease" : "1.0.3",
    "generated" : true,
    "otherMetaData" : { },
    "originalLanguage" : {
      "terminologyId" : {
        "value" : "ISO_639-1"
      },
      "codeString" : "en"
    },
    "translations" : [ ]
  }, {
    "@type" : "TEMPLATE_OVERLAY",
    "uid" : "a82233b9-7f2d-4dd5-8db4-37f6963cfd8c",
    "description" : {
      "@type" : "RESOURCE_DESCRIPTION",
      "originalAuthor" : { },
      "otherContributors" : [ ],
      "ipAcknowledgements" : { },
      "references" : { },
      "conversionDetails" : { },
      "otherDetails" : { },
      "details" : { }
    },
    "parentArchetypeId" : "openEHR-EHR-SECTION.adhoc.v1",
    "differential" : true,
    "archetypeId" : {
      "@type" : "ARCHETYPE_HRID",
      "value" : "openEHR-EHR-SECTION.ovl-adhoc-005.v1"
    },
    "definition" : {
      "@type" : "C_COMPLEX_OBJECT",
      "rmTypeName" : "SECTION",
      "nodeId" : "at0000.1",
      "attributes" : [ {
        "@type" : "C_ATTRIBUTE",
        "rmAttributeName" : "items",
        "existence" : "0..1",
        "children" : [ {
          "@type" : "C_ARCHETYPE_ROOT",
          "rmTypeName" : "EVALUATION",
          "occurrences" : "0..*",
          "nodeId" : "at0.1",
          "attributes" : [ ],
          "attributeTuples" : [ ],
          "archetypeRef" : "openEHR-EHR-EVALUATION.ovl-exclusion_global-006.v1",
          "referenceType" : "archetypeOverlay"
        }, {
          "@type" : "C_ARCHETYPE_ROOT",
          "rmTypeName" : "EVALUATION",
          "occurrences" : "0..*",
          "nodeId" : "at0.2",
          "attributes" : [ ],
          "attributeTuples" : [ ],
          "archetypeRef" : "openEHR-EHR-EVALUATION.ovl-absence-007.v1",
          "referenceType" : "archetypeOverlay"
        } ]
      } ],
      "attributeTuples" : [ ]
    },
    "terminology" : {
      "@type" : "ARCHETYPE_TERMINOLOGY",
      "conceptCode" : "at0000",
      "termDefinitions" : {
        "en" : {
          "at0000.1" : {
            "@type" : "ARCHETYPE_TERM",
            "code" : "at0000.1",
            "text" : "Empty list info",
            "description" : "A generic section header which should be renamed in a template to suit a specific clinical context."
          }
        },
        "ru" : {
          "at0000.1" : {
            "@type" : "ARCHETYPE_TERM",
            "code" : "at0000.1",
            "text" : "Empty list info",
            "description" : "Образец заголовка раздела"
          }
        },
        "es-ar" : {
          "at0000.1" : {
            "@type" : "ARCHETYPE_TERM",
            "code" : "at0000.1",
            "text" : "Empty list info",
            "description" : "Un encabezado de sección de tipo genérico que será renombrado en una plantilla para su empleo en un contexto clínico específico."
          }
        },
        "sl" : {
          "at0000.1" : {
            "@type" : "ARCHETYPE_TERM",
            "code" : "at0000.1",
            "text" : "Empty list info",
            "description" : "Naslov sekcije"
          }
        },
        "nb" : {
          "at0000.1" : {
            "@type" : "ARCHETYPE_TERM",
            "code" : "at0000.1",
            "text" : "Empty list info",
            "description" : "En generisk seksjonsheading som bør gis nytt navn i en template for å passe i en gitt klinisk kontekst."
          }
        },
        "pt-br" : {
          "at0000.1" : {
            "@type" : "ARCHETYPE_TERM",
            "code" : "at0000.1",
            "text" : "Empty list info",
            "description" : "Um cabeçalho de sessão genérico que deve ser renomeado no template para adequar-se a um contexto clínico específico."
          }
        },
        "sv" : {
          "at0000.1" : {
            "@type" : "ARCHETYPE_TERM",
            "code" : "at0000.1",
            "text" : "Empty list info",
            "description" : "En generisk avsnittsrubrik som döps om i en template för att passa in i en specifik klinisk kontext."
          }
        }
      },
      "termBindings" : { },
      "terminologyExtracts" : { },
      "valueSets" : { }
    },
    "adlVersion" : "1.4",
    "buildUid" : "15cf03e1-5160-44d1-9114-4f76f4b9c103",
    "rmName" : "openehr",
    "rmRelease" : "1.0.3",
    "generated" : true,
    "otherMetaData" : { },
    "originalLanguage" : {
      "terminologyId" : {
        "value" : "ISO_639-1"
      },
      "codeString" : "en"
    },
    "translations" : [ {
      "@type" : "TRANSLATION_DETAILS",
      "language" : {
        "terminologyId" : {
          "value" : "ISO_639-1"
        },
        "codeString" : "ru"
      },
      "author" : {
        "name" : "Art Latyp Латыпов Артур Шамилевич",
        "organisation" : "RusBITech РусБИТех, Москва"
      },
      "otherDetails" : { }
    }, {
      "@type" : "TRANSLATION_DETAILS",
      "language" : {
        "terminologyId" : {
          "value" : "ISO_639-1"
        },
        "codeString" : "sv"
      },
      "author" : {
        "name" : "Daniel Hall",
        "organisation" : "Region Östergötland",
        "email" : "daniel.hall@regionostergotland.se"
      },
      "accreditation" : "Åsa Skagerhult, Lisa Axelsson",
      "otherDetails" : { }
    }, {
      "@type" : "TRANSLATION_DETAILS",
      "language" : {
        "terminologyId" : {
          "value" : "ISO_639-1"
        },
        "codeString" : "es-ar"
      },
      "author" : {
        "name" : "Alan March",
        "organisation" : "Hospital Universitario Austral, Buenos Aires, Argentina"
      },
      "otherDetails" : { }
    }, {
      "@type" : "TRANSLATION_DETAILS",
      "language" : {
        "terminologyId" : {
          "value" : "ISO_639-1"
        },
        "codeString" : "nb"
      },
      "author" : {
        "einar.fosse@unn.no" : "einar.fosse@unn.no",
        "name" : "Einar Fosse",
        "organisation" : "Norwegian Centre for Integrated Care and Telemedicine, Tromsø, Norway"
      },
      "otherDetails" : { }
    }, {
      "@type" : "TRANSLATION_DETAILS",
      "language" : {
        "terminologyId" : {
          "value" : "ISO_639-1"
        },
        "codeString" : "pt-br"
      },
      "author" : {
        "name" : "Vladimir Pizzo",
        "organisation" : "Hospital Sírio Libanês, São Paulo, Brazil",
        "email" : "vladimir.pizzo@hsl.org.br"
      },
      "otherDetails" : { }
    }, {
      "@type" : "TRANSLATION_DETAILS",
      "language" : {
        "terminologyId" : {
          "value" : "ISO_639-1"
        },
        "codeString" : "sl"
      },
      "author" : {
        "name" : "?"
      },
      "otherDetails" : { }
    } ]
  }, {
    "@type" : "TEMPLATE_OVERLAY",
    "uid" : "4fe94967-5791-4094-9547-e2a4a8c61f15",
    "description" : {
      "@type" : "RESOURCE_DESCRIPTION",
      "originalAuthor" : { },
      "otherContributors" : [ ],
      "ipAcknowledgements" : { },
      "references" : { },
      "conversionDetails" : { },
      "otherDetails" : { },
      "details" : { }
    },
    "parentArchetypeId" : "openEHR-EHR-EVALUATION.exclusion_global.v1",
    "differential" : true,
    "archetypeId" : {
      "@type" : "ARCHETYPE_HRID",
      "value" : "openEHR-EHR-EVALUATION.ovl-exclusion_global-006.v1"
    },
    "definition" : {
      "@type" : "C_COMPLEX_OBJECT",
      "rmTypeName" : "EVALUATION",
      "nodeId" : "at0000.1",
      "attributes" : [ {
        "@type" : "C_ATTRIBUTE",
        "rmAttributeName" : "data",
        "children" : [ {
          "@type" : "C_COMPLEX_OBJECT",
          "rmTypeName" : "ITEM_TREE",
          "nodeId" : "at0001",
          "attributes" : [ {
            "@type" : "C_ATTRIBUTE",
            "rmAttributeName" : "items",
            "cardinality" : {
              "@type" : "CARDINALITY",
              "interval" : "1..*",
              "ordered" : false,
              "unique" : false
            },
            "children" : [ {
              "@type" : "C_COMPLEX_OBJECT",
              "rmTypeName" : "ELEMENT",
              "nodeId" : "at0002.1",
              "attributes" : [ {
                "@type" : "C_ATTRIBUTE",
                "rmAttributeName" : "name",
                "children" : [ {
                  "@type" : "C_COMPLEX_OBJECT",
                  "rmTypeName" : "DV_CODED_TEXT",
                  "attributes" : [ {
                    "@type" : "C_ATTRIBUTE",
                    "rmAttributeName" : "defining_code",
                    "children" : [ {
                      "@type" : "C_TERMINOLOGY_CODE",
                      "rmTypeName" : "CODE_PHRASE",
                      "occurrences" : "1..1",
                      "terminologyId" : {
                        "value" : "local"
                      },
                      "constraint" : [ "at0007" ]
                    } ]
                  } ],
                  "attributeTuples" : [ ]
                } ]
              }, {
                "@type" : "C_ATTRIBUTE",
                "rmAttributeName" : "value",
                "children" : [ {
                  "@type" : "C_COMPLEX_OBJECT",
                  "rmTypeName" : "DV_TEXT",
                  "defaultValue" : {
                    "@type" : "DV_TEXT",
                    "value" : "Patient has no known adverse reactions"
                  },
                  "attributes" : [ ],
                  "attributeTuples" : [ ]
                } ]
              } ],
              "attributeTuples" : [ ]
            } ]
          } ],
          "attributeTuples" : [ ]
        } ]
      } ],
      "attributeTuples" : [ ]
    },
    "terminology" : {
      "@type" : "ARCHETYPE_TERMINOLOGY",
      "conceptCode" : "at0000",
      "termDefinitions" : {
        "en" : { },
        "nb" : { },
        "pt-br" : { }
      },
      "termBindings" : { },
      "terminologyExtracts" : { },
      "valueSets" : { }
    },
    "adlVersion" : "1.4",
    "buildUid" : "3db350ac-df24-4677-a5d1-c350660b880e",
    "rmName" : "openehr",
    "rmRelease" : "1.0.3",
    "generated" : true,
    "otherMetaData" : { },
    "originalLanguage" : {
      "terminologyId" : {
        "value" : "ISO_639-1"
      },
      "codeString" : "en"
    },
    "translations" : [ {
      "@type" : "TRANSLATION_DETAILS",
      "language" : {
        "terminologyId" : {
          "value" : "ISO_639-1"
        },
        "codeString" : "nb"
      },
      "author" : {
        "name" : "Silje Ljosland Bakke",
        "organisation" : "Nasjonal IKT HF"
      },
      "otherDetails" : { }
    }, {
      "@type" : "TRANSLATION_DETAILS",
      "language" : {
        "terminologyId" : {
          "value" : "ISO_639-1"
        },
        "codeString" : "pt-br"
      },
      "author" : {
        "name" : "Adriana Kitajima, Débora Farage, Fernanda Maia, Laíse Figueiredo, Marivan Abrahão",
        "organisation" : "Core Consulting",
        "email" : "contato@coreconsulting.com.br"
      },
      "accreditation" : "Hospital Alemão Oswaldo Cruz (HAOC)",
      "otherDetails" : { }
    } ]
  }, {
    "@type" : "TEMPLATE_OVERLAY",
    "uid" : "d58dadf0-7bf7-4eba-aa68-d923ef309e26",
    "description" : {
      "@type" : "RESOURCE_DESCRIPTION",
      "originalAuthor" : { },
      "otherContributors" : [ ],
      "ipAcknowledgements" : { },
      "references" : { },
      "conversionDetails" : { },
      "otherDetails" : { },
      "details" : { }
    },
    "parentArchetypeId" : "openEHR-EHR-EVALUATION.absence.v1",
    "differential" : true,
    "archetypeId" : {
      "@type" : "ARCHETYPE_HRID",
      "value" : "openEHR-EHR-EVALUATION.ovl-absence-007.v1"
    },
    "definition" : {
      "@type" : "C_COMPLEX_OBJECT",
      "rmTypeName" : "EVALUATION",
      "nodeId" : "at0000.1",
      "attributes" : [ {
        "@type" : "C_ATTRIBUTE",
        "rmAttributeName" : "data",
        "children" : [ {
          "@type" : "C_COMPLEX_OBJECT",
          "rmTypeName" : "ITEM_TREE",
          "nodeId" : "at0001",
          "attributes" : [ {
            "@type" : "C_ATTRIBUTE",
            "rmAttributeName" : "items",
            "cardinality" : {
              "@type" : "CARDINALITY",
              "interval" : "0..*",
              "ordered" : false,
              "unique" : false
            },
            "children" : [ {
              "@type" : "C_COMPLEX_OBJECT",
              "rmTypeName" : "ELEMENT",
              "nodeId" : "at0002.1",
              "attributes" : [ {
                "@type" : "C_ATTRIBUTE",
                "rmAttributeName" : "value",
                "children" : [ {
                  "@type" : "C_COMPLEX_OBJECT",
                  "rmTypeName" : "DV_TEXT",
                  "defaultValue" : {
                    "@type" : "DV_TEXT",
                    "value" : "Adverse reactions not recorded"
                  },
                  "attributes" : [ ],
                  "attributeTuples" : [ ]
                } ]
              } ],
              "attributeTuples" : [ ]
            } ]
          } ],
          "attributeTuples" : [ ]
        } ]
      } ],
      "attributeTuples" : [ ]
    },
    "terminology" : {
      "@type" : "ARCHETYPE_TERMINOLOGY",
      "conceptCode" : "at0000",
      "termDefinitions" : {
        "en" : { },
        "pt-br" : { }
      },
      "termBindings" : { },
      "terminologyExtracts" : { },
      "valueSets" : { }
    },
    "adlVersion" : "1.4",
    "buildUid" : "0a3ae11a-e1e9-4c6a-bb38-ef90a0d5f79a",
    "rmName" : "openehr",
    "rmRelease" : "1.0.3",
    "generated" : true,
    "otherMetaData" : { },
    "originalLanguage" : {
      "terminologyId" : {
        "value" : "ISO_639-1"
      },
      "codeString" : "en"
    },
    "translations" : [ {
      "@type" : "TRANSLATION_DETAILS",
      "language" : {
        "terminologyId" : {
          "value" : "ISO_639-1"
        },
        "codeString" : "pt-br"
      },
      "author" : {
        "name" : "Vladimir Pizzo",
        "organisation" : "Hospital Sirio Libanes, Brazil",
        "email" : "vladimir.pizzo@hsl.org.br"
      },
      "otherDetails" : { }
    } ]
  }, {
    "@type" : "TEMPLATE_OVERLAY",
    "uid" : "bab2f8cc-9e20-3677-8ca6-adb8072ae492",
    "description" : {
      "@type" : "RESOURCE_DESCRIPTION",
      "originalAuthor" : { },
      "otherContributors" : [ ],
      "ipAcknowledgements" : { },
      "references" : { },
      "conversionDetails" : { },
      "otherDetails" : { },
      "details" : { }
    },
    "parentArchetypeId" : "openEHR-EHR-ACTION.review.v1",
    "differential" : true,
    "archetypeId" : {
      "@type" : "ARCHETYPE_HRID",
      "value" : "openEHR-EHR-ACTION.ovl-review-008.v1"
    },
    "definition" : {
      "@type" : "C_COMPLEX_OBJECT",
      "rmTypeName" : "ACTION",
      "nodeId" : "at0000.1",
      "attributes" : [ {
        "@type" : "C_ATTRIBUTE",
        "rmAttributeName" : "ism_transition",
        "children" : [ {
          "@type" : "C_COMPLEX_OBJECT",
          "rmTypeName" : "ISM_TRANSITION",
          "occurrences" : "0..0",
          "nodeId" : "at0003.1",
          "attributes" : [ {
            "@type" : "C_ATTRIBUTE",
            "rmAttributeName" : "current_state",
            "children" : [ {
              "@type" : "C_COMPLEX_OBJECT",
              "rmTypeName" : "DV_CODED_TEXT",
              "attributes" : [ {
                "@type" : "C_ATTRIBUTE",
                "rmAttributeName" : "defining_code",
                "children" : [ {
                  "@type" : "C_TERMINOLOGY_CODE",
                  "rmTypeName" : "CODE_PHRASE",
                  "occurrences" : "1..1",
                  "terminologyId" : {
                    "value" : "openehr"
                  },
                  "constraint" : [ "526" ]
                } ]
              } ],
              "attributeTuples" : [ ]
            } ]
          }, {
            "@type" : "C_ATTRIBUTE",
            "rmAttributeName" : "careflow_step",
            "children" : [ {
              "@type" : "C_COMPLEX_OBJECT",
              "rmTypeName" : "DV_CODED_TEXT",
              "attributes" : [ {
                "@type" : "C_ATTRIBUTE",
                "rmAttributeName" : "defining_code",
                "children" : [ {
                  "@type" : "C_TERMINOLOGY_CODE",
                  "rmTypeName" : "CODE_PHRASE",
                  "occurrences" : "1..1",
                  "terminologyId" : {
                    "value" : "local"
                  },
                  "constraint" : [ "at0003" ]
                } ]
              } ],
              "attributeTuples" : [ ]
            } ]
          } ],
          "attributeTuples" : [ ]
        }, {
          "@type" : "C_COMPLEX_OBJECT",
          "rmTypeName" : "ISM_TRANSITION",
          "occurrences" : "0..0",
          "nodeId" : "at0010.1",
          "attributes" : [ {
            "@type" : "C_ATTRIBUTE",
            "rmAttributeName" : "current_state",
            "children" : [ {
              "@type" : "C_COMPLEX_OBJECT",
              "rmTypeName" : "DV_CODED_TEXT",
              "attributes" : [ {
                "@type" : "C_ATTRIBUTE",
                "rmAttributeName" : "defining_code",
                "children" : [ {
                  "@type" : "C_TERMINOLOGY_CODE",
                  "rmTypeName" : "CODE_PHRASE",
                  "occurrences" : "1..1",
                  "terminologyId" : {
                    "value" : "openehr"
                  },
                  "constraint" : [ "527" ]
                } ]
              } ],
              "attributeTuples" : [ ]
            } ]
          }, {
            "@type" : "C_ATTRIBUTE",
            "rmAttributeName" : "careflow_step",
            "children" : [ {
              "@type" : "C_COMPLEX_OBJECT",
              "rmTypeName" : "DV_CODED_TEXT",
              "attributes" : [ {
                "@type" : "C_ATTRIBUTE",
                "rmAttributeName" : "defining_code",
                "children" : [ {
                  "@type" : "C_TERMINOLOGY_CODE",
                  "rmTypeName" : "CODE_PHRASE",
                  "occurrences" : "1..1",
                  "terminologyId" : {
                    "value" : "local"
                  },
                  "constraint" : [ "at0010" ]
                } ]
              } ],
              "attributeTuples" : [ ]
            } ]
          } ],
          "attributeTuples" : [ ]
        }, {
          "@type" : "C_COMPLEX_OBJECT",
          "rmTypeName" : "ISM_TRANSITION",
          "occurrences" : "0..0",
          "nodeId" : "at0012.1",
          "attributes" : [ {
            "@type" : "C_ATTRIBUTE",
            "rmAttributeName" : "current_state",
            "children" : [ {
              "@type" : "C_COMPLEX_OBJECT",
              "rmTypeName" : "DV_CODED_TEXT",
              "attributes" : [ {
                "@type" : "C_ATTRIBUTE",
                "rmAttributeName" : "defining_code",
                "children" : [ {
                  "@type" : "C_TERMINOLOGY_CODE",
                  "rmTypeName" : "CODE_PHRASE",
                  "occurrences" : "1..1",
                  "terminologyId" : {
                    "value" : "openehr"
                  },
                  "constraint" : [ "528" ]
                } ]
              } ],
              "attributeTuples" : [ ]
            } ]
          }, {
            "@type" : "C_ATTRIBUTE",
            "rmAttributeName" : "careflow_step",
            "children" : [ {
              "@type" : "C_COMPLEX_OBJECT",
              "rmTypeName" : "DV_CODED_TEXT",
              "attributes" : [ {
                "@type" : "C_ATTRIBUTE",
                "rmAttributeName" : "defining_code",
                "children" : [ {
                  "@type" : "C_TERMINOLOGY_CODE",
                  "rmTypeName" : "CODE_PHRASE",
                  "occurrences" : "1..1",
                  "terminologyId" : {
                    "value" : "local"
                  },
                  "constraint" : [ "at0012" ]
                } ]
              } ],
              "attributeTuples" : [ ]
            } ]
          } ],
          "attributeTuples" : [ ]
        }, {
          "@type" : "C_COMPLEX_OBJECT",
          "rmTypeName" : "ISM_TRANSITION",
          "occurrences" : "0..0",
          "nodeId" : "at0004.1",
          "attributes" : [ {
            "@type" : "C_ATTRIBUTE",
            "rmAttributeName" : "current_state",
            "children" : [ {
              "@type" : "C_COMPLEX_OBJECT",
              "rmTypeName" : "DV_CODED_TEXT",
              "attributes" : [ {
                "@type" : "C_ATTRIBUTE",
                "rmAttributeName" : "defining_code",
                "children" : [ {
                  "@type" : "C_TERMINOLOGY_CODE",
                  "rmTypeName" : "CODE_PHRASE",
                  "occurrences" : "1..1",
                  "terminologyId" : {
                    "value" : "openehr"
                  },
                  "constraint" : [ "529" ]
                } ]
              } ],
              "attributeTuples" : [ ]
            } ]
          }, {
            "@type" : "C_ATTRIBUTE",
            "rmAttributeName" : "careflow_step",
            "children" : [ {
              "@type" : "C_COMPLEX_OBJECT",
              "rmTypeName" : "DV_CODED_TEXT",
              "attributes" : [ {
                "@type" : "C_ATTRIBUTE",
                "rmAttributeName" : "defining_code",
                "children" : [ {
                  "@type" : "C_TERMINOLOGY_CODE",
                  "rmTypeName" : "CODE_PHRASE",
                  "occurrences" : "1..1",
                  "terminologyId" : {
                    "value" : "local"
                  },
                  "constraint" : [ "at0004" ]
                } ]
              } ],
              "attributeTuples" : [ ]
            } ]
          } ],
          "attributeTuples" : [ ]
        }, {
          "@type" : "C_COMPLEX_OBJECT",
          "rmTypeName" : "ISM_TRANSITION",
          "occurrences" : "0..0",
          "nodeId" : "at0019.1",
          "attributes" : [ {
            "@type" : "C_ATTRIBUTE",
            "rmAttributeName" : "current_state",
            "children" : [ {
              "@type" : "C_COMPLEX_OBJECT",
              "rmTypeName" : "DV_CODED_TEXT",
              "attributes" : [ {
                "@type" : "C_ATTRIBUTE",
                "rmAttributeName" : "defining_code",
                "children" : [ {
                  "@type" : "C_TERMINOLOGY_CODE",
                  "rmTypeName" : "CODE_PHRASE",
                  "occurrences" : "1..1",
                  "terminologyId" : {
                    "value" : "openehr"
                  },
                  "constraint" : [ "529" ]
                } ]
              } ],
              "attributeTuples" : [ ]
            } ]
          }, {
            "@type" : "C_ATTRIBUTE",
            "rmAttributeName" : "careflow_step",
            "children" : [ {
              "@type" : "C_COMPLEX_OBJECT",
              "rmTypeName" : "DV_CODED_TEXT",
              "attributes" : [ {
                "@type" : "C_ATTRIBUTE",
                "rmAttributeName" : "defining_code",
                "children" : [ {
                  "@type" : "C_TERMINOLOGY_CODE",
                  "rmTypeName" : "CODE_PHRASE",
                  "occurrences" : "1..1",
                  "terminologyId" : {
                    "value" : "local"
                  },
                  "constraint" : [ "at0019" ]
                } ]
              } ],
              "attributeTuples" : [ ]
            } ]
          } ],
          "attributeTuples" : [ ]
        }, {
          "@type" : "C_COMPLEX_OBJECT",
          "rmTypeName" : "ISM_TRANSITION",
          "occurrences" : "0..0",
          "nodeId" : "at0006.1",
          "attributes" : [ {
            "@type" : "C_ATTRIBUTE",
            "rmAttributeName" : "current_state",
            "children" : [ {
              "@type" : "C_COMPLEX_OBJECT",
              "rmTypeName" : "DV_CODED_TEXT",
              "attributes" : [ {
                "@type" : "C_ATTRIBUTE",
                "rmAttributeName" : "defining_code",
                "children" : [ {
                  "@type" : "C_TERMINOLOGY_CODE",
                  "rmTypeName" : "CODE_PHRASE",
                  "occurrences" : "1..1",
                  "terminologyId" : {
                    "value" : "openehr"
                  },
                  "constraint" : [ "245" ]
                } ]
              } ],
              "attributeTuples" : [ ]
            } ]
          }, {
            "@type" : "C_ATTRIBUTE",
            "rmAttributeName" : "careflow_step",
            "children" : [ {
              "@type" : "C_COMPLEX_OBJECT",
              "rmTypeName" : "DV_CODED_TEXT",
              "attributes" : [ {
                "@type" : "C_ATTRIBUTE",
                "rmAttributeName" : "defining_code",
                "children" : [ {
                  "@type" : "C_TERMINOLOGY_CODE",
                  "rmTypeName" : "CODE_PHRASE",
                  "occurrences" : "1..1",
                  "terminologyId" : {
                    "value" : "local"
                  },
                  "constraint" : [ "at0006" ]
                } ]
              } ],
              "attributeTuples" : [ ]
            } ]
          } ],
          "attributeTuples" : [ ]
        }, {
          "@type" : "C_COMPLEX_OBJECT",
          "rmTypeName" : "ISM_TRANSITION",
          "occurrences" : "0..0",
          "nodeId" : "at0011.1",
          "attributes" : [ {
            "@type" : "C_ATTRIBUTE",
            "rmAttributeName" : "current_state",
            "children" : [ {
              "@type" : "C_COMPLEX_OBJECT",
              "rmTypeName" : "DV_CODED_TEXT",
              "attributes" : [ {
                "@type" : "C_ATTRIBUTE",
                "rmAttributeName" : "defining_code",
                "children" : [ {
                  "@type" : "C_TERMINOLOGY_CODE",
                  "rmTypeName" : "CODE_PHRASE",
                  "occurrences" : "1..1",
                  "terminologyId" : {
                    "value" : "openehr"
                  },
                  "constraint" : [ "530" ]
                } ]
              } ],
              "attributeTuples" : [ ]
            } ]
          }, {
            "@type" : "C_ATTRIBUTE",
            "rmAttributeName" : "careflow_step",
            "children" : [ {
              "@type" : "C_COMPLEX_OBJECT",
              "rmTypeName" : "DV_CODED_TEXT",
              "attributes" : [ {
                "@type" : "C_ATTRIBUTE",
                "rmAttributeName" : "defining_code",
                "children" : [ {
                  "@type" : "C_TERMINOLOGY_CODE",
                  "rmTypeName" : "CODE_PHRASE",
                  "occurrences" : "1..1",
                  "terminologyId" : {
                    "value" : "local"
                  },
                  "constraint" : [ "at0011" ]
                } ]
              } ],
              "attributeTuples" : [ ]
            } ]
          } ],
          "attributeTuples" : [ ]
        }, {
          "@type" : "C_COMPLEX_OBJECT",
          "rmTypeName" : "ISM_TRANSITION",
          "occurrences" : "0..0",
          "nodeId" : "at0013.1",
          "attributes" : [ {
            "@type" : "C_ATTRIBUTE",
            "rmAttributeName" : "current_state",
            "children" : [ {
              "@type" : "C_COMPLEX_OBJECT",
              "rmTypeName" : "DV_CODED_TEXT",
              "attributes" : [ {
                "@type" : "C_ATTRIBUTE",
                "rmAttributeName" : "defining_code",
                "children" : [ {
                  "@type" : "C_TERMINOLOGY_CODE",
                  "rmTypeName" : "CODE_PHRASE",
                  "occurrences" : "1..1",
                  "terminologyId" : {
                    "value" : "openehr"
                  },
                  "constraint" : [ "531" ]
                } ]
              } ],
              "attributeTuples" : [ ]
            } ]
          }, {
            "@type" : "C_ATTRIBUTE",
            "rmAttributeName" : "careflow_step",
            "children" : [ {
              "@type" : "C_COMPLEX_OBJECT",
              "rmTypeName" : "DV_CODED_TEXT",
              "attributes" : [ {
                "@type" : "C_ATTRIBUTE",
                "rmAttributeName" : "defining_code",
                "children" : [ {
                  "@type" : "C_TERMINOLOGY_CODE",
                  "rmTypeName" : "CODE_PHRASE",
                  "occurrences" : "1..1",
                  "terminologyId" : {
                    "value" : "local"
                  },
                  "constraint" : [ "at0013" ]
                } ]
              } ],
              "attributeTuples" : [ ]
            } ]
          } ],
          "attributeTuples" : [ ]
        } ]
      }, {
        "@type" : "C_ATTRIBUTE",
        "rmAttributeName" : "description",
        "children" : [ {
          "@type" : "C_COMPLEX_OBJECT",
          "rmTypeName" : "ITEM_TREE",
          "nodeId" : "at0001",
          "attributes" : [ {
            "@type" : "C_ATTRIBUTE",
            "rmAttributeName" : "items",
            "cardinality" : {
              "@type" : "CARDINALITY",
              "interval" : "0..*",
              "ordered" : false,
              "unique" : false
            },
            "children" : [ {
              "@type" : "C_COMPLEX_OBJECT",
              "rmTypeName" : "ELEMENT",
              "nodeId" : "at0002.1",
              "attributes" : [ {
                "@type" : "C_ATTRIBUTE",
                "rmAttributeName" : "value",
                "children" : [ {
                  "@type" : "C_COMPLEX_OBJECT",
                  "rmTypeName" : "DV_TEXT",
                  "defaultValue" : {
                    "@type" : "DV_TEXT",
                    "value" : "Adverse reaction list review"
                  },
                  "attributes" : [ ],
                  "attributeTuples" : [ ]
                } ]
              } ],
              "attributeTuples" : [ ]
            }, {
              "@type" : "C_COMPLEX_OBJECT",
              "rmTypeName" : "ELEMENT",
              "occurrences" : "0..0",
              "nodeId" : "at0015.1",
              "attributes" : [ ],
              "attributeTuples" : [ ]
            }, {
              "@type" : "C_COMPLEX_OBJECT",
              "rmTypeName" : "ELEMENT",
              "occurrences" : "0..0",
              "nodeId" : "at0014.1",
              "attributes" : [ ],
              "attributeTuples" : [ ]
            } ]
          } ],
          "attributeTuples" : [ ]
        } ]
      } ],
      "attributeTuples" : [ ]
    },
    "terminology" : {
      "@type" : "ARCHETYPE_TERMINOLOGY",
      "conceptCode" : "at0000",
      "termDefinitions" : {
        "en" : {
          "at0000.1" : {
            "@type" : "ARCHETYPE_TERM",
            "code" : "at0000.1",
            "text" : "Adverse Reaction List Review",
            "description" : "Clinical activity regarding the performance of a formal clinical review of a subject's clinical situation, a specific aspect of their clinical care or a specified part of the health record."
          }
        }
      },
      "termBindings" : { },
      "terminologyExtracts" : { },
      "valueSets" : { }
    },
    "adlVersion" : "1.4",
    "buildUid" : "bfdee2df-11b5-3f0d-92c5-e099bbbb1224",
    "rmName" : "openehr",
    "rmRelease" : "1.0.3",
    "generated" : true,
    "otherMetaData" : { },
    "originalLanguage" : {
      "terminologyId" : {
        "value" : "ISO_639-1"
      },
      "codeString" : "en"
    },
    "translations" : [ ]
  } ],
  "originalLanguage" : {
    "terminologyId" : {
      "value" : "ISO_639-1"
    },
    "codeString" : "en"
  },
  "translations" : [ {
    "@type" : "TRANSLATION_DETAILS",
    "language" : {
      "terminologyId" : {
        "value" : "ISO_639-1"
      },
      "codeString" : "es-ar"
    },
    "author" : {
      "name" : "Alan March",
      "organisation" : "Hospital Universitario Austral, Buenos Aires, Argentina.",
      "alandmarch@gmail.com" : "alandmarch@gmail.com"
    },
    "otherDetails" : { }
  }, {
    "@type" : "TRANSLATION_DETAILS",
    "language" : {
      "terminologyId" : {
        "value" : "ISO_639-1"
      },
      "codeString" : "pt-br"
    },
    "author" : {
      "name" : "Vladimir Pizzo",
      "organisation" : "Hospital Sirio Libanes, Brazil",
      "email" : "vladimir.pizzo@hsl.org.br"
    },
    "otherDetails" : { }
  } ]
}